timestamp_ms,ax,ay,az,gx,gy,gz,baro_alt,gps_lat,gps_lon,gps_vel_n,gps_vel_e,gps_vel_d,gps_fix,v_batt,ground_truth,accel_mag,gyro_mag,gps_speed_2d,jerk_accel,baro_sink_rate,v_batt_rate,accel_mag_rolling_var,gyro_mag_rolling_max,baro_sink_rate_rolling_mean,accel_saturated,gyro_saturated,predicted_label,confidence,critical_reason
0.0,0.09934283060224654,-0.13503565499487633,9.55095191851052,-5.570406791165437,-0.1651263185978028,-6.784947304872217,50.058740702879284,37.7749,-122.4194,4.9551518088903626,0.08793072927089764,0.03218351900227705,3,16.506965724953336,0,9.552423052598316,8.780216879442582,4.955931926721709,0.0,0.0,0.0,0.0,8.780216879442582,0.0,False,False,0,0.05,NORMAL_FLIGHT
20.0,-0.027652860234236933,-0.028903734143103568,9.800638953318275,-3.15465416868895,-2.5182513018779815,-3.054994630536529,49.96479165564159,37.774901,-122.4194,4.9578330562690835,0.0039309198743465315,-0.07813576956169463,3,16.504816046638105,0,9.800720585743994,5.06225490626892,4.9578346146241605,12.414876657283891,4.6974523618846575,-0.10748391576154148,0.030825832483114487,8.780216879442582,2.3487261809423288,False,False,0,0.05,NORMAL_FLIGHT
40.0,0.1295377076201385,-0.15848398419999227,9.815405061613335,-4.7103009178712245,-0.8618747872683098,-5.973810610451428,49.94840190284772,37.774902000000004,-122.4194,5.4470854869513925,-0.09123255140663579,0.06913563810805254,3,16.47956875265868,0,9.817539086476206,7.656120172474395,5.447849454655723,0.8409250366105958,0.8194876396935058,-1.2623646989712967,0.022036839725375085,8.780216879442582,1.8389800005260544,False,False,0,0.05,NORMAL_FLIGHT
60.0,0.3046059712816051,-0.06159230592780806,9.951789103753022,-2.739979093705689,3.573658637588499,1.1041804694611956,49.94631890167865,37.774903,-122.4194,5.16186218078626,-0.046249915319996934,-0.059036169180533074,3,16.509040408797453,0,9.956640235313682,4.636565108040076,5.162069374591802,6.955057441873791,0.10415005845345604,1.4735828069387225,0.028272719657036424,8.780216879442582,1.4052725150079048,False,False,0,0.05,NORMAL_FLIGHT
80.0,-0.046830674944667194,-0.37872293339075713,9.399942491015752,-1.0707515535559438,6.38928327515257,11.971785314619128,49.94711433459864,37.774904,-122.4194,5.496130183502428,0.034285346578164795,0.07495550374451283,3,16.46679664563804,0,9.407685316101686,13.612240567919633,5.496237119975485,27.44774596059978,-0.03977164599930916,-2.112188157970607,0.04920149939253316,13.612240567919633,1.116263682806462,False,False,1,0.9,RAPID_VOLTAGE_COLLAPSE
100.0,-0.04682739138983611,0.042658741474587716,9.9877701821542,4.185772431656922,2.8524366543178674,-7.710421571412046,49.95613913740254,37.774905000000004,-122.4194,4.9006073734159,0.18184643783815932,-0.027411147538072146,3,16.48266418742176,0,9.987971054440292,9.225382730565244,4.90398009328471,29.01428691693031,-0.45124014019499725,0.7933770891860092,0.05347871101870986,13.612240567919633,1.0260156547674626,False,False,0,0.05,NORMAL_FLIGHT
120.0,0.3158425631014783,0.00024109507244484738,8.998682510519169,-1.6057951935285122,0.5086160423588489,10.00820497768414,49.98666112839302,37.774906,-122.4194,4.9830066806223705,-0.048401962319627845,-0.1721047125629663,3,16.454915692466408,0,9.004223648261794,10.148962279831652,4.983241749010735,49.187370308924905,-1.5260995495239627,-1.387424747767696,0.1777280296992073,13.612240567919633,-0.21869472751426144,False,False,0,0.05,NORMAL_FLIGHT
140.0,0.15348694583058176,-0.16341772621363815,9.621034634290858,-7.928128533847963,7.490058851522138,-7.816720723468876,49.98489075644075,37.774907,-122.4194,4.733574846944671,0.08047874435273991,-0.09824162404809371,3,16.52521955385101,0,9.623646451839628,13.418544128078395,4.734258934608442,30.971140178891687,0.0885185976134295,3.5151930692300937,0.16753216955889824,13.612240567919633,-0.3648885359302767,False,False,0,0.05,NORMAL_FLIGHT
160.0,-0.09389487718699042,0.13184913368648102,9.663517847264536,5.700339232475802,-1.564182365257611,-8.476272124968842,49.966487842333564,37.774908,-122.4194,4.838086639582086,-0.032805645067676005,-0.04304147086872844,3,16.488565608420245,0,9.664873389052547,10.333814541281914,4.83819786102749,2.0613468606459406,0.9201457053592321,-1.8326972715382084,0.13195117995529415,13.612240567919633,-0.20168940654912149,False,False,1,0.9,RAPID_VOLTAGE_COLLAPSE
180.0,0.10851200871719294,0.18751402752531168,9.999998047821371,-4.185450668075198,5.154596691834535,8.185946183432133,49.94610837510058,37.774909,-122.4194,5.3803826297325,0.011046875588613572,0.1368189023748578,3,16.535683853782867,0,10.002344591293875,10.540283642692437,5.38039397031365,16.87356011206642,1.0189733616492447,2.3559122681310996,0.16402384676011958,13.418544128078395,0.010059594980589281,False,False,0,0.05,NORMAL_FLIGHT
200.0,-0.09268353856249245,-0.32151197287379485,9.81678925580306,-0.2936021355231436,-1.4403139917563932,9.219363780076167,49.91553258499866,37.774910000000006,-122.4194,4.8955931420316485,0.15153967492635925,0.09011436305292249,3,16.507554746404328,0,9.822490085506429,9.335811433304192,4.897937983007145,8.992725289372316,1.5287895050960287,-1.4064553689269843,0.14208381396312864,13.418544128078395,0.4060655240387945,False,False,0,0.05,NORMAL_FLIGHT
220.0,-0.09314595071405138,-0.15254495571324286,9.388331083843115,2.2326825347035575,2.1551147900544656,8.514099367626542,49.954909751215006,37.774911,-122.4194,5.3838562600288915,0.07642925814204332,0.1623861412322142,3,16.49960728692835,0,9.390032304071314,9.061968831379883,5.384398727820259,21.622889071755758,-1.9688583108173674,-0.3973729737989373,0.052389373613092816,13.418544128078395,0.31751377178011353,False,False,0,0.05,NORMAL_FLIGHT
240.0,0.04839245431320682,-0.15382846995745966,9.514502062254897,0.998052092013914,-0.5678128239522574,-13.157974082181411,49.92258332724118,37.774912,-122.4194,4.751327547864022,-0.12412992727409569,0.16536352160298584,3,16.478070343563104,0,9.51586856363919,13.207982485178261,4.752948737987462,6.291812978393807,1.616321198691395,-1.0768471682622405,0.05886370278849115,13.207982485178261,0.6230742919957066,False,False,0,0.05,NORMAL_FLIGHT
260.0,-0.3826560489315596,-0.18798062022177295,9.869604002864223,5.470897737607378,-0.27926091326405433,-4.659509780720508,49.96492188269159,37.774913000000005,-122.4194,4.789306193185345,-0.05724750238115909,-0.053475080459091495,3,16.46801747152237,0,9.878807900689049,7.191643769658274,4.789648326193936,18.14696685249295,-2.1169277725206825,-0.5026436020367342,0.0664931858448099,13.207982485178261,0.015659596419723698,False,False,0,0.05,NORMAL_FLIGHT
280.0,-0.3449835665026066,0.1658949683863497,9.786279797440633,2.3950157169637944,-1.8869325873110496,8.229885920033214,49.96587183680458,37.774914,-122.4194,4.931753755795316,0.1256221344441359,-0.018848685975882944,3,16.498553478501453,0,9.793763682848766,8.77653901776326,4.9333534262673195,4.25221089201413,-0.04749770564949074,1.5268003489541826,0.04594759729199613,13.207982485178261,-0.19763461704002339,False,False,0,0.05,NORMAL_FLIGHT
300.0,-0.11245750584819454,-0.038765227754560705,9.636262767109276,-4.30654789848554,6.724270155903472,0.41541840563894605,49.93980909646178,37.774915,-122.4194,4.987250015664165,0.014187804262849532,-0.041127992433053845,3,16.485813341625445,0,9.636996915547964,7.995919983545854,4.987270196463393,7.838338365040087,1.303137017140088,-0.637006843800414,0.03963152608750823,13.207982485178261,-0.24276511463121153,False,False,0,0.05,NORMAL_FLIGHT
320.0,-0.20256622406688476,-0.05290296826212215,9.665749863146406,10.892810869958309,-3.6646301905426752,-10.736928461974642,49.970729457248986,37.774916000000005,-122.4194,5.184617458490026,-0.11488401196158636,-0.06715106053010765,3,16.459607790288594,0,9.668016974338554,15.727824893470803,5.185890138354646,1.5510029395295,-1.5460180393603196,-1.3102775668425437,0.019913003020315553,15.727824893470803,-0.15819706033980196,False,False,0,0.05,NORMAL_FLIGHT
340.0,0.06284946651905478,-0.4007724728813507,10.018850399147787,0.9716673166911661,-3.701161262743542,4.583179391254417,49.93435676101283,37.774917,-122.4194,5.090154083437254,-0.0818952444973721,-0.18414947093364586,3,16.455205603055525,0,10.027059985407734,5.97061683576985,5.0908128451362495,17.952150553458956,1.81863481180784,-0.2201093616534422,0.025447755595515008,15.727824893470803,-0.11773433771651298,False,False,0,0.05,NORMAL_FLIGHT
360.0,-0.1816048151042422,0.1270836060418453,9.654692228139236,-0.7367011331075312,10.604967829225547,-7.148072589914705,49.96626596304924,37.774918,-122.4194,4.916736948531194,0.07034935227111719,-0.001474771801684241,3,16.465518271590216,0,9.65723628021422,12.81026982421216,4.917240206906391,18.491185259675635,-1.5954601018204784,0.5156334267345741,0.026638685248664497,15.727824893470803,-0.013440803576472149,False,False,0,0.05,NORMAL_FLIGHT
380.0,-0.2824607402670583,-0.24785167897069452,9.783572626791278,4.8196271152778545,4.889237823271657,17.94524848392212,49.97690226910883,37.774919000000004,-122.4194,4.973336838696379,0.09944102812176303,-0.12855655937111107,3,16.520261265465805,0,9.79078688708218,19.21367729437915,4.974330892613438,6.677530343397997,-0.5318153029794104,2.7371496937794504,0.026585165144555153,19.21367729437915,-0.11030432304245608,False,False,0,0.05,NORMAL_FLIGHT
400.0,0.29312975378431083,0.011986526053265651,10.460980976424164,1.247254729650361,-11.925568493465182,15.448414624182584,49.947086034654234,37.77492,-122.4194,4.93618741604306,0.0017855301482174405,-0.00341718815343274,3,16.5272570541081,0,10.465093966060158,19.555775173938336,4.936187738976281,33.71535394889884,1.4908117227296458,0.34978943211481095,0.11445302247135211,19.555775173938336,-0.07276938192454452,False,False,0,0.05,NORMAL_FLIGHT
420.0,-0.04515526009730714,0.05547538759163834,9.382895208934823,1.9961409646966355,-2.826293696052018,6.040974263555673,49.97351777542096,37.774921,-122.4194,4.817069252934854,0.24753138009361023,0.21157708095629846,3,16.486240853481444,0,9.383167856219718,6.961744383430449,4.823424921329387,54.096305492022,-1.3215870383362471,-2.0508100313328725,0.16680280582967055,19.555775173938336,-0.027883181719730032,False,False,1,0.9,RAPID_VOLTAGE_COLLAPSE
440.0,0.013505640937584768,0.2721317191677302,9.254447180527603,12.460919993003435,-9.059946687810271,13.610067047697736,50.00084726170539,37.774922000000004,-122.4194,4.822407412679675,0.08241523634556386,-0.05093450963307086,3,16.48426950124749,0,9.258457252268848,20.557020360471135,4.823111601969186,6.235530197543504,-1.3664743142214775,-0.09856761169775297,0.22254575857389763,20.557020360471135,-0.6649050069255935,False,False,0,0.05,NORMAL_FLIGHT
460.0,-0.28494963724269134,-0.26176407982382244,10.045076899439582,-1.3756071412752333,-4.753453467076276,0.647913501233811,50.05872324199589,37.774923,-122.4194,5.205576778286682,-0.02434810696329004,0.019477400562806724,3,16.473713812673463,0,10.052526381209129,4.990732088167821,5.205633719822232,39.70345644701405,-2.8937990145252,-0.5277844287013167,0.2431806671755264,20.557020360471135,-0.9245727894665379,False,False,0,0.05,NORMAL_FLIGHT
480.0,-0.10887654490503654,-0.6039024311641651,9.606407081611769,-1.5888044700869792,-15.692573331170198,7.654374943750159,50.107030592616354,37.774924000000006,-122.4194,4.634367014414572,-0.08157060480993443,0.09066483858092832,3,16.46090008793126,0,9.62598614511974,17.531988283644065,4.635084830708376,21.327011804469453,-2.4153675310230938,-0.6406862371100885,0.2485482173107121,20.557020360471135,-1.3012832350752745,False,False,0,0.05,NORMAL_FLIGHT
500.0,0.02218451794197322,0.03676990895073897,9.714528741677215,0.582892560062319,-0.6849478884697119,14.77720295302075,50.13159429365267,37.774925,-122.4194,5.323471739489011,-0.09748843046390415,0.0280291291965907,3,16.506242950836988,0,9.714623659818905,14.80454810054195,5.324364314658838,4.431875734958268,-1.2281850518157,2.2671431452863544,0.0955049866004585,20.557020360471135,-1.8450825899843437,False,False,0,0.05,NORMAL_FLIGHT
520.0,-0.23019871548446058,0.36010223630217075,9.575653086560667,5.357579677905193,-5.7097090958065575,2.454986817943127,50.07521474609223,37.774926,-122.4194,4.931401154879554,0.03354213204803695,0.029248418794229587,3,16.51536047235018,0,9.585186336392182,8.205571170863937,4.931515226070961,6.471866171336149,2.8189773780219696,0.4558760756596669,0.0810629874060559,20.557020360471135,-1.0169697067127004,False,False,0,0.05,NORMAL_FLIGHT
540.0,0.0751396036691344,0.24778927058788747,9.732059957769748,-7.532670150951995,0.29952628398219194,-2.5518717151428367,50.197644095500934,37.774927000000005,-122.4194,4.845498278721568,-0.048877704491340684,-0.036240243368808,3,16.459170137542845,0,9.735503916299521,7.95882433832946,4.845744793020988,7.515878995366965,-6.121467470435249,-2.809516740366824,0.03381627695585897,17.531988283644065,-1.9679683379554547,False,False,1,0.9,RAPID_VOLTAGE_COLLAPSE
560.0,-0.120127737983761,0.04193188305492516,10.289561433628903,-9.827779457382526,-8.125606294412623,-17.046219581771158,50.12746328494734,37.774928,-122.4194,5.147951858139454,0.1673743753983425,-0.023187797506123264,3,16.474531326478534,0,10.290348072474172,21.288126473335,5.150672045011353,27.742207808732555,3.50904052767973,0.7680594467844415,0.08196206188824354,21.288126473335,-0.6874004295144687,False,False,0,0.05,NORMAL_FLIGHT
580.0,-0.05833874995865536,-0.09832723712640948,10.050638537585437,-2.9355763531007377,0.41455926586019964,-0.83133525721494,50.174926443661455,37.774929,-122.4194,5.2970433168294235,0.14663118029178596,-0.09600105221878283,3,16.466340342820214,0,10.051288806342457,3.0790560598474666,5.299072428586066,11.952963306585751,-2.3731579357058052,-0.4095491829160025,0.08319067272593317,21.288126473335,-0.678958510451011,False,False,0,0.05,NORMAL_FLIGHT
600.0,-0.12034132244587939,0.16142451932746207,10.068667053566093,-8.169614795296436,-2.0745813906016366,8.234231845623114,50.19649063450577,37.774930000000005,-122.4194,5.2235264883207915,0.06330665474972273,0.08460450088894077,3,16.46608246212451,0,10.070680023955456,11.783423438764766,5.223910097496371,0.9695608806499223,-1.0782095422158022,-0.012894034785126962,0.07992493215844043,21.288126473335,-0.6489634085310314,False,False,0,0.05,NORMAL_FLIGHT
620.0,0.37045563690178757,-0.19470923994089373,9.385131883262208,-2.1241567376281925,7.509764825942979,9.456334275676298,50.137783515881715,37.774931,-122.4194,5.100370409871978,-0.11789961729568957,-0.1741491656614096,3,16.497354983517802,0,9.394458448109477,12.260948883357763,5.101732905362267,33.81107879229894,2.935355931202821,1.5636260696645365,0.12166632653506433,21.288126473335,-0.6256876978948611,False,False,0,0.05,NORMAL_FLIGHT
640.0,-0.0026994449475867843,0.09527155387124386,9.46465387903414,2.5124984806464514,7.056784308728124,5.043650657184098,50.13156846893779,37.774932,-122.4194,5.217372697944367,-0.0672218872552405,0.09710883383822022,3,16.446547162289278,0,9.465133755309328,9.030463185622086,5.217805731471941,3.5337653599925467,0.310752347196086,-2.540391061426206,0.15966685286944476,21.288126473335,0.6607562656314059,False,False,1,0.9,RAPID_VOLTAGE_COLLAPSE
660.0,-0.2115421857911801,0.10109403183332538,8.958276402154372,-4.453744317761318,3.926728015051415,-5.412990949622398,50.12763082462556,37.774933000000004,-122.4194,4.6567004845712265,0.1255677525741101,-0.14036983847452425,3,16.481265361802716,0,8.961343995017572,8.034643885877882,4.658393141791749,25.189488014587802,0.19688221561153796,1.7359099756719232,0.22321675768564986,12.260948883357763,-0.0016753967822324967,False,False,0,0.05,NORMAL_FLIGHT
680.0,0.16450898242063783,0.21204198149977596,9.567185753675174,-7.134132883906712,-1.633068903306063,-19.768215689475905,50.19290996041609,37.774934,-122.4194,4.895633891702371,-0.0563066199795102,0.09626072740766523,3,16.485650304917506,0,9.570949182423895,21.07949519305018,4.895957683338206,30.480259370316176,-3.26395678952629,0.21924715573948816,0.1582335430857588,21.07949519305018,-0.17983516754632944,False,False,0,0.05,NORMAL_FLIGHT
700.0,-0.24416872999420447,0.5519320077822155,10.097010955915698,0.34668580857673986,9.926901976301467,-4.952150980047351,50.157244415402076,37.774935,-122.4194,4.817765987995031,0.11221417339195244,-0.035381752621218114,3,16.467392094086744,0,10.11503225668624,11.098980729154837,4.819072642717868,27.20415371311722,1.7832772507006212,-0.9129105415381034,0.17144846460182028,21.07949519305018,0.39246219103695523,False,False,0,0.05,NORMAL_FLIGHT
720.0,0.041772719000951086,0.07848319343575341,9.965083954724511,4.312717423075851,-7.7651763891991035,-3.043448710539514,50.14414716508086,37.774936000000004,-122.4194,5.244927746243035,0.0474603923034761,-0.12318686881330804,3,16.48724604888591,0,9.965480560234539,9.38935972153383,5.245142472054276,7.477584822585026,0.6548625160608168,0.9926977399583592,0.20613342276995814,21.07949519305018,-0.06363649199144561,False,False,0,0.05,NORMAL_FLIGHT
740.0,-0.3919340247759551,-0.10179272514149976,9.743546021114364,-8.474867192583064,-7.017793147818313,-3.1292896719001413,50.027343684829795,37.774937,-122.4194,4.923304396215222,0.0051717884813187315,0.05792986450796365,3,16.471487303944315,0,9.75195688588923,11.439634978798376,4.923307112621376,10.676183717265442,5.840174012553234,-0.7879372470798174,0.2010100528614803,21.07949519305018,1.042247841079984,False,False,0,0.05,NORMAL_FLIGHT
760.0,-0.26563720977968613,-0.005114862438398888,9.803309914884585,4.101161991529921,-0.41891549944532325,6.185563569779244,50.11408182448597,37.774938000000006,-122.4194,5.169081311356411,-0.07028328129354411,0.09287675350757749,3,16.49202644034408,0,9.806909532381326,7.4334525324525575,5.169559105285818,2.7476323246047762,-4.336906982808841,1.0269568199882784,0.04315042235013267,21.07949519305018,0.13549000139590817,False,False,0,0.05,NORMAL_FLIGHT
780.0,0.039372247173824704,-0.35381518097782366,9.603334337227379,4.086531018691631,11.270190544605596,19.856764110148397,50.06055841233497,37.774939,-122.4194,5.1071713884977274,-0.009424384352475161,-0.04380786481035369,3,16.436389310609837,0,9.609930579806926,23.194999711242158,5.10718008401018,9.848947628719973,2.676170607550077,-2.7818564867121864,0.038170082185297854,23.194999711242158,1.3235154808111815,False,False,1,0.9,RAPID_VOLTAGE_COLLAPSE
800.0,0.1476933159990821,-0.13894262621781164,9.871427664720535,4.77042551078314,-1.0116945343504378,1.2352920184109302,50.076903955546925,37.77494,-122.4194,4.827538612767264,0.018964795487489795,0.07206105486789331,3,16.45900748627561,0,9.873510141220347,5.0305498462409535,4.827575863849968,13.178978070671032,-0.8172771605977402,1.1309087832886533,0.017814423492173957,23.194999711242158,0.8034045985515093,False,False,0,0.05,NORMAL_FLIGHT
820.0,0.0342736562379941,-0.08185648762262081,10.039763483844185,6.092401074358432,-0.9162262160464096,-2.1673178915646165,50.07183356406083,37.774941000000005,-122.4194,4.8826083580047435,0.10325388983011217,-0.22850844946693505,3,16.463696303426122,0,10.040155675068437,6.531009736090629,4.883700005469503,8.332276692404506,0.25351957430466143,0.2344408575256196,0.025050183230723864,23.194999711242158,0.7231360102002782,False,False,0,0.05,NORMAL_FLIGHT
840.0,-0.023129656477648107,-0.10481767958691851,9.325233963776858,11.01006962329808,-7.209551780559046,-2.5922181300409255,50.066933515721665,37.774942,-122.4194,5.258763538162945,-0.08857356006337547,-0.13205962897466003,3,16.410837993381108,0,9.32585171478403,13.413383794559302,5.2595094092371735,35.715198014220384,0.2450024169583287,-2.642915502250709,0.07511279944107666,23.194999711242158,-0.3958983089187029,False,False,1,0.9,RAPID_VOLTAGE_COLLAPSE
860.0,-0.06022073911785776,0.0304709744067444,9.899894306351205,-1.780460243095276,4.729647926351892,1.243847669077142,50.10742661496521,37.774943,-122.4194,4.844903470263118,-0.026281684252611515,0.1292408930468729,3,16.441712661186358,0,9.900124357533404,5.20449471210763,4.8449747536075725,28.713632137468714,-2.024654962177408,1.5437333902625028,0.08037589181293377,23.194999711242158,0.06655209520758376,False,False,0,0.05,NORMAL_FLIGHT
880.0,-0.2957043980734855,-0.16448398647644014,10.0897304612864,0.5478579003892905,4.765881271646769,-8.28293760348399,50.190989737980395,37.774944000000005,-122.4194,5.024973522039096,0.004482313193228476,-0.022366927419791616,3,16.446309305558145,0,10.095402758397402,9.571876927628223,5.024975521166801,9.763920043199903,-4.178156150759094,0.2298322185893653,0.09353339123158037,13.413383794559302,-1.3043132564542503,False,False,0,0.05,NORMAL_FLIGHT
900.0,-0.14396884167894172,0.2242061334648943,9.685469913310989,-2.0821921662401275,3.94537600699955,1.2019855874605507,50.203564421477495,37.774945,-122.4194,4.843491742734711,0.06626783576861647,-0.18622133264488477,3,16.480694985329183,0,9.689134267792456,4.620204043786632,4.843945054188454,20.313424530247293,-0.6287341748549835,1.7192839885519007,0.09788919173396982,13.413383794559302,-1.266604659305699,False,False,0,0.05,NORMAL_FLIGHT
920.0,-0.09212775419195751,4.141298363941877e-05,10.020210183636175,0.009884223779053878,-3.146103364236812,4.508123363317998,50.23631832235902,37.774946,-122.4194,4.937209562616828,-0.09084643375227769,-0.06988661804419936,3,16.446743573293816,0,10.020633694984244,5.497384863299592,4.938045295430222,16.57497135958943,-1.6376950440761817,-1.6975706017683834,0.09572017160121896,13.413383794559302,-1.6448475829818676,False,False,1,0.9,RAPID_VOLTAGE_COLLAPSE
940.0,0.21142444524378315,-0.0018600642277228836,10.654396333341767,7.664366778181559,-3.5335338418650286,2.096860635744881,50.252762899195375,37.774947000000004,-122.4194,4.990767611206006,-0.13165697928872153,-0.09234004725250808,3,16.443668435261383,0,10.656494028704378,8.696275297380772,4.992503871731932,31.79301668600667,-0.8222288418178181,-0.1537569016216267,0.130236555293427,9.571876927628223,-1.858293834737097,False,False,0,0.05,NORMAL_FLIGHT
960.0,0.06872365791369228,-0.06557894330258357,9.778697162103933,-6.725072419653344,-6.465611252024852,4.575419340047812,50.3036394703919,37.774948,-122.4194,4.843426697940502,0.06739651517100496,-0.016596173147292472,3,16.47552930540802,0,9.779158538805946,10.390629915899037,4.843895588117071,43.86677449492158,-2.5438285598262667,1.5930435073318705,0.14358028214293483,10.390629915899037,-1.9621285542668687,False,False,0,0.05,NORMAL_FLIGHT
980.0,-0.3526080310725468,0.03103813677179583,9.927992115001597,-4.3052483608278775,0.4193625088046682,4.337476093485353,50.280493651417586,37.774949,-122.4194,4.8079106092032236,-0.15179491149467034,-0.03707509838076474,3,16.42597095166649,0,9.93430033897934,6.125742993609757,4.810306239860887,7.757090008669643,1.1572909487156835,-2.4779176870765696,0.14496599389884415,10.390629915899037,-0.8950391343719133,False,False,1,0.9,RAPID_VOLTAGE_COLLAPSE
1000.0,0.064816793878959,0.16501965293352694,9.588582874901583,6.885904682522806,-5.402036646392508,-17.718966822464438,50.33426317913841,37.774950000000004,-122.4194,5.057254667355489,0.12849797147621683,0.017893172893816083,3,16.416053858020813,0,9.590221804081434,19.76257747565718,5.058886883412434,17.20392674489526,-2.6884763860412164,-0.4958546822837917,0.16308551548114278,19.76257747565718,-1.3069875766091599,False,False,0,0.05,NORMAL_FLIGHT
1020.0,-0.07701645608326331,-0.17342604314218008,9.864375348780616,5.100182534510449,-5.887082526246443,6.3687015839540315,50.38978817242078,37.774951,-122.4194,4.831052518241765,-0.015592609748290798,-0.006946605161257471,3,16.449396468155694,0,9.866200339977812,10.061310174207941,4.8310776813759535,13.798926794818911,-2.776249664118424,1.66713050674403,0.16596580010575232,19.76257747565718,-1.5346985006176084,False,False,0,0.05,NORMAL_FLIGHT
1040.0,-0.13538440006119176,-0.13162329781505133,9.948081487494692,-1.81565823408539,-2.1184535845533796,-6.710148456624536,50.443915022854924,37.774952,-122.4194,4.837868488860265,-0.15475310822744465,0.13597392550370188,3,16.426823753582905,0,9.949873311260916,7.267086948898422,4.840342967188706,4.183648564155185,-2.706342521707228,-1.1286357286394377,0.021613528354876416,19.76257747565718,-1.9115212365954903,False,False,0,0.05,NORMAL_FLIGHT
1060.0,0.12233525776817358,-0.06074520575533293,9.868452702081042,4.272010005603599,-2.4457808759210806,-10.958391630039579,50.4109076294881,37.774953000000004,-122.4194,4.812189371259606,-0.04804202194034943,0.04245485997196691,3,16.426733877838675,0,9.869397885814822,12.013253543412794,4.812429176698192,4.02377127230471,1.6503696683411562,-0.004493787211501399,0.021221141098070908,19.76257747565718,-1.0726815909620058,False,False,0,0.05,NORMAL_FLIGHT
1080.0,0.2061999044991902,-0.269174184694643,9.504091404087344,1.7060792124601663,-2.6898926441097752,-11.044518278549962,50.40249074777624,37.774954,-122.4194,4.984418390733737,0.03791236330692372,0.04576716111935861,3,16.46554571435302,0,9.510138093611914,11.49467758230951,4.984562572701461,17.962989610145375,0.42084408559297515,1.9405918257172416,0.03762843559658312,19.76257747565718,-1.2199709635865474,False,False,0,0.05,NORMAL_FLIGHT
1100.0,0.18625602382323972,-0.16385157194429956,9.871908531397636,7.501373045004939,2.3322229842013065,4.335416104725293,50.41446409721526,37.774955000000006,-122.4194,5.188740326879969,-0.05327010875549777,0.11651571238945219,3,16.470746090064907,0,9.875024895984845,8.972496553884818,5.189013767979159,18.24434011864655,-0.5986674719508756,0.26001878559434033,0.030077843379627964,12.013253543412794,-0.8020091807684793,False,False,0,0.05,NORMAL_FLIGHT
1120.0,-0.1678435046445277,-0.09524417470893182,10.248658781615292,0.3725479691338631,0.3952390107513961,-2.2257492722485295,50.34592199497381,37.774956,-122.4194,5.301305727262453,0.0020029748824347505,-0.03887687504295818,3,16.46815347241109,0,10.250475584910566,2.2910621309428443,5.301306105651141,18.772534446286038,3.4271051120725815,-0.12963088269088985,0.06961660208013043,12.013253543412794,0.4386617744697219,False,False,0,0.05,NORMAL_FLIGHT
1140.0,-0.06184247517024292,0.1748778361425455,9.944590729354358,5.128160569362912,-1.4407801525555883,-16.819687839854108,50.425668005378114,37.774957,-122.4194,4.8548163828012445,0.07400783657052866,-0.12618774433584853,3,16.473701296087587,0,9.946320501756905,17.643009304064396,4.855380445504679,15.207754157683073,-3.987300520215342,0.27739118382488215,0.06951451168487685,17.643009304064396,0.182470174768099,False,False,0,0.05,NORMAL_FLIGHT
1160.0,0.06625268628071279,0.052512265800385,10.098596156721554,13.2100595524631,0.9150646415574103,4.780378151922834,50.425054178703,37.774958000000005,-122.4194,5.430062158666242,-0.02021903353876196,0.12069703246322493,3,16.47549802406913,0,10.09895000943416,14.078175732431792,5.430099801688394,7.631475383862796,0.03069133375568356,0.08983639907711449,0.07765756829268665,17.643009304064396,-0.1414654921489955,False,False,0,0.05,NORMAL_FLIGHT
1180.0,0.19510902542447184,0.03871798227350887,9.738896408996212,2.9904957752373313,-4.957635205523161,-14.396081307988274,50.439250573083235,37.774959,-122.4194,4.7990590278586405,-0.09370576764661337,0.013584174810811249,3,16.40725310827969,0,9.740927567696659,15.516712565455492,4.79997378365359,17.901122086875088,-0.7098197190117617,-3.412245789471946,0.03914712111730965,17.643009304064396,-0.36759825306994287,False,False,1,0.9,RAPID_VOLTAGE_COLLAPSE
1200.0,-0.095834847569058,0.17017959243359446,10.034970071827114,0.2466408289742181,0.5263931195483897,1.3982135851821087,50.410400351096875,37.77496,-122.4194,5.216709704665574,-0.0298983997371841,0.013935120789892844,3,16.45798272644221,0,10.036870515960407,1.5142399560877995,5.216795381942713,14.797147413187428,1.4425110993180112,2.5364809081260375,0.035701705596606036,17.643009304064396,0.04063746118383449,False,False,0,0.05,NORMAL_FLIGHT
1220.0,-0.03713179533276342,-0.02747435767987933,9.893780351464958,3.6122349261048967,0.7530124642231689,2.3849892567305413,50.344056473128525,37.774961000000005,-122.4194,4.855660709196911,0.141484013645926,-0.06333299215302364,3,16.437531898039627,0,9.89388817672752,4.39356833193335,4.857721549137621,7.149116961644353,3.317193898417514,-1.0225414201292082,0.019096894558061583,17.643009304064396,0.018655218452821032,False,False,0,0.05,NORMAL_FLIGHT
1240.0,-0.22126699480120565,0.07809296998577792,9.52472678109383,-1.8264042910194245,-7.515234296787403,8.855770816950448,50.313854978854785,37.774962,-122.4194,4.825815346025998,0.1685064345333184,-0.06168553331035775,3,16.4323251518986,0,9.527616588078867,11.757515721112817,4.828756379485214,18.313579432432636,1.510074713687004,-0.2603373070513726,0.053546265275118,15.516712565455492,1.1181302652332903,False,False,0,0.05,NORMAL_FLIGHT
1260.0,-0.23924132481613417,-0.020644350586499247,9.905556301439663,11.93983852762366,4.97846877185181,17.816847864668514,50.32481518823647,37.774963,-122.4194,4.851048768643122,-0.20199261739422752,0.08467223387708436,3,16.457631504249978,0,9.908466492939356,22.017832845463538,4.855252328482601,19.042495243024415,-0.5480104690843035,1.2653176175689396,0.038011760077473054,22.017832845463538,1.0023899046652929,False,False,0,0.05,NORMAL_FLIGHT
1280.0,0.16250516447883961,0.05307246987992569,9.512491000967907,0.9003551884799075,-4.407168526134978,-13.646763259005416,50.358486628874154,37.774964000000004,-122.4194,4.989510460070176,0.10910279091914771,0.09846557981376103,3,16.410966876795282,0,9.51402699486589,14.368991660186792,4.990703161893727,19.721974903673267,-1.6835720318841396,-2.333231372734801,0.0574556109615163,22.017832845463538,0.8076394420908173,False,False,1,0.9,RAPID_VOLTAGE_COLLAPSE
1300.0,0.2712480057141646,-0.11655173152231642,9.620135917534563,-1.3646666011275643,0.4515489960321748,-0.5247385606304944,50.36657620590429,37.774965,-122.4194,5.115994434206722,0.025014771603535626,0.07838234057466585,3,16.409700189063145,0,9.624664921884987,1.5302163196957765,5.1160555889896795,5.531896350954835,-0.4044788515066955,-0.06333438660686141,0.037707969441355835,22.017832845463538,0.43824145192587594,False,False,0,0.05,NORMAL_FLIGHT
1320.0,-0.01440202431606677,-0.48776343165528585,9.866798492187712,-4.178445025100181,5.822058702676351,-2.763352950442173,50.383912406716384,37.774966,-122.4194,5.133973607580964,0.09239826791201501,0.07929616054454751,3,16.456543390849617,0,9.878857882822398,7.6806178067855555,5.134805005377618,12.709648046870559,-0.866810040604804,2.3421600893236416,0.03624895307812234,22.017832845463538,-0.3985593358785877,False,False,0,0.05,NORMAL_FLIGHT
1340.0,0.20070657957840485,-0.02685583243726083,9.899173282014038,5.486100958032192,4.628383788569347,4.337496859609622,50.367061087982314,37.774967000000004,-122.4194,4.811202996930422,-0.055048826026762955,0.0569029537259759,3,16.452777231105596,0,9.901244165970382,8.38648431842191,4.811517915473162,1.1193141573992094,0.8425659367034655,-0.188307987201064,0.03369727158979391,22.017832845463538,-0.5320610912752954,False,False,0,0.05,NORMAL_FLIGHT
1360.0,0.07232720500952683,0.28454962721998805,9.453230260476861,4.335937064138694,0.17166694284417738,2.156687709336186,50.39187351629459,37.774968,-122.4194,4.802068142497746,-0.17682635095014862,0.013152273007815657,3,16.4449057386602,0,9.457788434540653,4.845732311946143,4.805322674241772,22.17278657148647,-1.2406214156136741,-0.39357462226981,0.042092687716631515,14.368991660186792,-0.6705832805811696,False,False,0,0.05,NORMAL_FLIGHT
1380.0,-0.12902395092102487,0.1852430804483185,10.126195731354864,-2.486771857070466,-1.8124950144103427,-3.5254624273661994,50.46601515961388,37.774969000000006,-122.4194,4.816672261327291,0.05844887886474618,-0.01753796843209806,3,16.423722392235703,0,10.128711772405941,4.679536063879711,4.817026878114788,33.54616689326439,-3.7070821659646924,-1.059167321224841,0.0680890672147351,8.38648431842191,-1.0752853073972801,False,False,0,0.05,NORMAL_FLIGHT
1400.0,0.07227912110168279,0.19307949691823414,9.981601883490143,2.8822567256121134,4.737559542877836,-4.409021886108555,50.50125463173583,37.77497,-122.4194,4.977729119522897,-0.0940977261282717,0.12103238499415532,3,16.4553468278092,0,9.983730771809274,7.084585255809499,4.978618439829338,7.249050029833359,-1.7619736060975555,1.5812217786749017,0.06270987053750474,8.38648431842191,-1.3467842583154521,False,False,0,0.05,NORMAL_FLIGHT
1420.0,0.30760731329319385,0.24722614436124357,9.598581469316736,-7.542779841064283,3.3734748890430994,-11.164508551840475,50.54173172614848,37.774971,-122.4194,4.957968879161825,-0.13882924314848524,-0.037372087049043365,3,16.453225867746163,0,9.606690858394362,13.889568451247476,4.95991219332463,18.85199567074558,-2.023854720632201,-0.1060480031519262,0.0763285004811522,13.889568451247476,-1.5781931943209315,False,False,0,0.05,NORMAL_FLIGHT
1440.0,-0.007165207821990308,0.01773151819228749,9.348724561065248,0.9248528753657813,-3.0918251002206496,9.878615824065092,50.55643254611381,37.774972000000005,-122.4194,4.809964907586041,-0.13184013824734664,0.036997921388074693,3,16.440475474993296,0,9.348744122373077,10.392390768773854,4.81177142373391,12.897336801064263,-0.7350409982667117,-0.6375196376433578,0.1137297290730504,13.889568451247476,-1.893714581314967,False,False,0,0.05,NORMAL_FLIGHT
1460.0,0.3129287311628013,0.039463141481119124,9.766528626275571,2.2637817603834725,-3.974468235008452,4.592041815995293,50.48127479263383,37.774973,-122.4194,5.053920738812649,0.06009137824153345,-0.08040129979542465,3,16.414372538654344,0,9.771620292366201,6.481354306746812,5.054277970980579,21.143808499656203,3.7578876739988942,-1.3051468169475555,0.09461548370681858,13.889568451247476,-0.8940127633924533,False,False,0,0.05,NORMAL_FLIGHT
1480.0,-0.5239490208179489,-0.12353037908687003,9.676216885841653,8.536649047796114,-10.361775908479991,9.177681977951373,50.42904146610227,37.774974,-122.4194,5.452513761667063,0.013945246602919717,-0.06592990368504505,3,16.428563567352544,0,9.691179265333016,16.26255279564706,5.45253159468806,4.02205135165925,2.611666326578188,0.709551434909983,0.05396888747674213,16.26255279564706,0.3697369351161228,False,False,0,0.05,NORMAL_FLIGHT
1500.0,0.16438050087504477,-0.06321457120540995,9.843942137115908,-3.854094013643447,0.7701592084179371,-3.1039613647551367,50.45178525613546,37.774975000000005,-122.4194,4.8990569076329695,0.07824660218746737,-0.02361545678572265,3,16.452974782605015,0,9.845517448563418,5.008169528500984,4.899681736090641,7.716909161520125,-1.1371895016594635,1.2205607626235349,0.0368268155558255,16.26255279564706,0.4946937560037412,False,False,0,0.05,NORMAL_FLIGHT
1520.0,0.017409413647634247,0.12315422995422831,9.70106500165333,-6.391763144011621,-0.4134887250919934,-6.568354686944304,50.45123830353746,37.774976,-122.4194,4.913297635759293,0.06690752544963649,-0.08039383767271636,3,16.461911508297955,0,9.701862306709073,9.174360593982925,4.913753175986728,7.182757092717296,0.02734762990002082,0.4468362846470342,0.0364465599524658,16.26255279564706,0.9049342261101856,False,False,0,0.05,NORMAL_FLIGHT
1540.0,-0.05980147009317349,0.24077688743376324,9.207762941776497,-4.477139804625208,5.680956873212711,-10.78315066629228,50.4732304478611,37.774977,-122.4194,5.111932314064874,-0.042093356458376585,0.07978518254783004,3,16.427986526561785,0,9.211104608965211,12.984390248195016,5.112105616498801,24.537884887193062,-1.099607216182008,-1.6962490868085212,0.0624670601505684,16.26255279564706,0.8320209825271263,False,False,1,0.9,RAPID_VOLTAGE_COLLAPSE
1560.0,0.01835215530710046,-0.02788925513619991,9.693495918509653,-6.6828425015746,1.7952754674018334,3.589175837406595,50.557051618753306,37.774978000000004,-122.4194,4.888236741652641,-0.007047357387745573,-0.13480342515450294,3,16.428673374060544,0,9.693553411124311,7.795228097787136,4.888241821727826,24.12244010795499,-4.191058544610371,0.03434237493795678,0.058714511813969215,16.26255279564706,-0.7577682611947267,False,False,0,0.05,NORMAL_FLIGHT
1580.0,-0.3975137829201786,-0.09003785297028233,9.718314266679506,6.6832867887949154,6.671145970863453,-10.397932245282346,50.59335341871477,37.774979,-122.4194,5.133792896343636,-0.051143752878253956,0.009922962338107293,3,16.4295826260436,0,9.726857468294961,14.045907085102433,5.134047641579386,1.6652028585324885,-1.815089998073205,0.04546259915283457,0.06008468214997143,14.045907085102433,-1.6431195261250053,False,False,0,0.05,NORMAL_FLIGHT
1600.0,-0.04393437756750239,0.00010559177131945857,10.000098307432218,7.743196475120183,-3.486821139580854,18.486630689665503,50.65629772900191,37.77498,-122.4194,4.856291458644192,-0.021032777286549082,0.013250809684218122,3,16.437463843169716,0,10.000194818051826,20.34380808914162,4.8563370052974,13.666867487843248,-3.147215514357171,0.3940608563057779,0.08109059185970441,20.34380808914162,-2.045124728664547,False,False,0,0.05,NORMAL_FLIGHT
1620.0,0.07142251430234929,0.12024134978582297,9.600540097616685,1.6010828897441445,5.690751654838092,-13.076425810934404,50.66103179847545,37.774981000000004,-122.4194,5.3664239215154605,-0.0967254737981066,-0.1810799578319681,3,16.41949421177769,0,9.601558692404758,14.350645727832092,5.367295550153246,19.93180628235338,-0.23670347367676925,-0.8984815696013726,0.08134002997920073,20.34380808914162,-2.097934949379905,False,False,0,0.05,NORMAL_FLIGHT
1640.0,0.29557880894830324,-0.28877096322670837,10.313602402011771,6.106474728425741,-2.6445818955232756,2.736601192125019,50.62067101460122,37.774982,-122.4194,5.068954994518459,0.03904842938743351,-0.044102382052360875,3,16.37238143141485,0,10.321877252141936,7.195264630002971,5.069105396052765,36.015927986858905,2.018039193711374,-2.3556390181418863,0.08620513999429227,20.34380808914162,-1.4744056674012285,False,False,1,0.9,RAPID_VOLTAGE_COLLAPSE
1660.0,-0.10365404365472948,-0.45923619062744764,9.236507834804474,0.6697919029011766,3.8879803089613607,15.668547072137862,50.61777770664051,37.774983,-122.4194,4.875995410184657,0.10751207489817566,0.025569953804814274,3,16.453270087386617,0,9.248498203597837,16.157610572973446,4.877180546831412,53.66895242720497,0.14466539803557055,4.044432798588282,0.16481902433345536,20.34380808914162,-0.6072608788720402,False,False,0,0.05,NORMAL_FLIGHT
1680.0,-0.16169872057863754,-0.11010736989831671,10.203350249340788,-0.47555823850383006,-7.293791962653468,5.99089759263809,50.57754011595455,37.774984,-122.4194,4.8822616601061455,-0.08166130298209867,0.04287279932940682,3,16.464458061084322,0,10.205225446792708,9.450735992405779,4.882944550795877,47.83636215974356,2.011879534298089,0.5593986848852595,0.1979238519002086,20.34380808914162,0.1581330276022186,False,False,0,0.05,NORMAL_FLIGHT
1700.0,-0.10035140871690731,-0.24414248518283174,9.742704308736569,-1.6651880952688083,1.1756764968309426,1.7567371249177932,50.655454863793175,37.774985,-122.4194,4.897240049458393,0.12812696454013425,-0.020430720860016585,3,16.415465859736347,0,9.74627945452914,2.69094629152833,4.8989158618067234,22.94729961317845,-3.89573739193132,-2.449610067398744,0.19498379256138812,16.157610572973446,0.008428652087388855,False,False,1,0.9,RAPID_VOLTAGE_COLLAPSE
1720.0,0.18308042354041484,-0.10162803952946219,10.067875461703068,-1.5519549568878275,-9.92343970722955,-9.684836469618956,50.694974417619946,37.774986000000006,-122.4194,5.274549933249775,0.011352149647794171,0.06768882044807155,3,16.405530364337483,0,10.070052781006915,13.952751601547638,5.2745621495671875,16.18866632388878,-1.9759776913385707,-0.4967747699431868,0.18661379850322635,16.157610572973446,-0.33942619144497144,False,False,0,0.05,NORMAL_FLIGHT
1740.0,0.0657502219319369,-0.029556063763494306,9.833940445217621,-7.739007781545157,-1.3356874297087735,-13.81769188567704,50.72100004245136,37.774987,-122.4194,4.746249798479743,0.024107897640581327,-0.010931625723604082,3,16.423270996055447,0,9.834204661927483,15.89354936444983,4.746311024395436,11.792405953971574,-1.3012812415706065,0.887031585898157,0.13579305055705823,16.157610572973446,-1.0032902785013675,False,False,0,0.05,NORMAL_FLIGHT
1760.0,-0.10595204075340776,-0.09064968180460269,10.151866660807642,1.3212738180366954,2.201769969389568,7.700501089175859,50.78279720256277,37.774988,-122.4194,4.866411665908099,-0.16994295196075182,0.0013652912075056728,3,16.42141250361607,0,10.152824232624575,8.117343932884303,4.869378102900572,15.930978534854567,-3.089858005570534,-0.09292462196874851,0.04055689641886537,15.89354936444983,-1.6501949592225884,False,False,0,0.05,NORMAL_FLIGHT
1780.0,0.10265348662267122,0.2904935068941491,9.693791410634157,-0.20166955107021878,-2.6048427561554788,15.061472407749466,50.6817943818366,37.774989000000005,-122.4194,4.8876678886149145,-0.18072623095657342,0.02516538689865537,3,16.444222527621296,0,9.69868630943119,15.28639354071205,4.891008010620423,22.70689615966921,5.0501410363082755,1.1405012002612125,0.040330859287762005,15.89354936444983,-1.042542658820551,False,False,0,0.05,NORMAL_FLIGHT
1800.0,0.019415509869608077,0.06534895292046401,9.480413872446658,3.726803620389379,-5.252188143779836,-4.388499904781715,50.71120127940374,37.77499,-122.4194,4.996862406648613,0.014411636277968194,0.09269996287341688,3,16.424554519698333,0,9.4806589771255,7.79316860698381,4.9968831891728644,10.901366615284491,-1.4703448783567552,-0.9834003961481486,0.0749117534146065,15.89354936444983,-0.5574641561056382,False,False,0,0.05,NORMAL_FLIGHT
1820.0,0.19372899810657784,0.06009487192216567,10.23615128618132,0.4676174821930485,4.230592346479669,-11.39061507616351,50.64566899018852,37.774991,-122.4194,4.945778061470641,0.07897321246320077,-0.0675718002415532,3,16.406758849045403,0,10.238160746536959,12.159880325277397,4.946408535656052,37.875088470572926,3.276614460760996,-0.8897835326465042,0.09928829727016619,15.89354936444983,0.4930542743142752,False,False,0,0.05,NORMAL_FLIGHT
1840.0,-0.14041061877547048,0.1244414288086804,9.775955806235357,-0.8135185078454589,-0.5173139492346173,-24.581694305490185,50.645306205265236,37.774992000000005,-122.4194,4.7017544337219075,-0.06713804436449525,-0.04868218725182975,3,16.39539269142906,0,9.777756017437522,24.60059188339273,4.702233753443644,23.020236454971865,0.018139246164139422,-0.5683078808171871,0.10124372859403978,24.60059188339273,0.7569383718612244,False,False,0,0.05,NORMAL_FLIGHT
1860.0,-0.06553242931955365,-0.22776662355615385,9.876467542087264,-4.355965150038154,-2.447853235153358,-9.807648436625376,50.629720825641876,37.774993,-122.4194,4.9200354632809065,0.16700939005830895,-0.06688964917292148,3,16.438223138924005,0,9.879310868881591,11.007106145833149,4.922869193499804,5.077742572203459,0.779268981168002,2.1415223747473178,0.07747519430352114,24.60059188339273,1.5307637692089315,False,False,0,0.05,NORMAL_FLIGHT
1880.0,-0.07842163062643154,0.20782235748405375,10.180425574213439,0.3607661841088066,0.20947960577138242,-1.136568424990402,50.66280765624672,37.774994,-122.4194,4.980089863363006,0.07349359742543154,-0.03321977161419334,3,16.432050254838295,0,10.182848567887051,1.2107112494380012,4.980632124141824,15.176884950273006,-1.6543415302422204,-0.3086442042855353,0.0962211408787359,24.60059188339273,0.18986725589883235,False,False,0,0.05,NORMAL_FLIGHT
1900.0,-0.2927029896264237,-0.015152857307091977,9.50041342737167,3.69118615408081,13.183345709727943,15.991232408367342,50.67421702069477,37.774995000000004,-122.4194,4.874380432984044,-0.09083412517079853,0.14262342580797646,3,16.440420802364237,0,9.504933452697328,21.051008841969974,4.8752267069084345,33.89575575948616,-0.5704682224024538,0.41852737629710646,0.09110677263953945,24.60059188339273,0.36984258708969264,False,False,0,0.05,NORMAL_FLIGHT
1920.0,0.059224055412915214,0.1340961234482425,9.988647269291778,-5.716694955419303,5.76751424890772,6.731336922329685,50.74147287937536,37.774996,-122.4194,5.137355097809533,0.0030848667053507126,0.05727253193298222,3,16.398995444575373,0,9.989722895525857,10.547782638383717,5.1373560240061416,24.239472141426432,-3.362792934029457,-2.0712678894431846,0.06350735521095938,24.60059188339273,-0.958038891868398,False,False,1,0.9,RAPID_VOLTAGE_COLLAPSE
1940.0,0.05221105443597787,-0.2143714466080311,9.633031573061134,0.4373687684036962,5.812868340939201,3.05085404706753,50.71137802132873,37.774997,-122.4194,5.1838816857507295,0.24769291337234123,-0.1131089745168842,3,16.454277492367755,0,9.635558022186302,6.579395124567042,5.189795864116112,17.70824366697772,1.5047429023315573,2.764102389619083,0.07389047800235081,21.051008841969974,-0.6607181606349144,False,False,0,0.05,NORMAL_FLIGHT
1960.0,0.001022691328492178,-0.3107517532032129,9.77034919330669,1.1652147576474197,2.17773159496182,-4.0011966130113095,50.746833740810395,37.774998000000004,-122.4194,4.984322660054121,-0.12425640027997056,-0.06004469655886746,3,16.381784439023438,0,9.775289819599474,4.702107470816406,4.985871241071066,6.986589870658566,-1.7727859740833907,-3.624652667215855,0.07393064636853838,21.051008841969974,-1.171129151685193,False,False,1,0.9,RAPID_VOLTAGE_COLLAPSE
1980.0,-0.046917426675029385,0.16357793160500575,9.831683689615287,-3.590323918091322,0.8324263628857353,-5.831657172559563,50.754944901655335,37.774999,-122.4194,5.0461083173701455,0.05282699389151055,0.03727672242764021,3,16.429999924380006,0,9.833156317138524,6.898665440845148,5.046384828955851,2.89332487695253,-0.40555804224702285,2.4107742678284083,0.03453761919196666,21.051008841969974,-0.9213724540861534,False,False,0,0.05,NORMAL_FLIGHT
2000.0,-0.2830741484100829,0.07528190521950333,9.35993344156592,-2.939281524540001,-11.98041144165208,14.056475975079636,50.673180388151756,37.775000000000006,-122.4194,4.5677888005301455,-0.03227445527233424,-0.09065077809327704,3,16.376765823395434,0,9.364515597151602,18.701715189515674,4.567902819315638,23.432035999346112,4.088225675178947,-2.66170504922858,0.055527686815364796,18.701715189515674,0.010366325430126722,False,False,1,0.9,RAPID_VOLTAGE_COLLAPSE
2020.0,-0.08412906455307181,-0.18041031087150208,9.57634888715387,1.1530542438310722,-3.3949017323156605,2.007385407583895,50.627249565225604,37.775001,-122.4194,4.915779445567634,0.07068962909185121,-0.07253400408147569,3,16.398300425892792,0,9.57841759312385,4.109073865955378,4.91628768290937,10.695099798612429,2.296541146307618,1.0767301248678862,0.03382058794622725,18.701715189515674,1.1422331414975417,False,False,0,0.05,NORMAL_FLIGHT
2040.0,-0.0685429033053539,-0.1739326162549389,10.215321867723942,-5.667105091463115,-2.402872066012373,-21.02600691921022,50.6197556635495,37.775002,-122.4194,5.200964338351582,0.12672736463183817,0.1344959666174149,3,16.44447708692312,0,10.217032423643852,21.908510703605252,5.202508036875238,31.930741526000084,0.3746950838053209,2.3088330515163236,0.10091119536660675,21.908510703605252,0.9162235777922945,False,False,0,0.05,NORMAL_FLIGHT
2060.0,-0.1604554538443238,0.22508695688295388,10.075857356575439,1.7496185762469627,-9.374460320237665,-6.7353964789724285,50.675370286044085,37.775003000000005,-122.4194,4.915312683364144,-0.038623708871136746,-0.06133756284731867,3,16.42903348819107,0,10.079648384784193,11.675069044207538,4.9154644303592905,6.869201942982972,-2.7807311247293853,-0.7721799366024129,0.12272623180914426,21.908510703605252,0.7146345476630955,False,False,0,0.05,NORMAL_FLIGHT
2080.0,-0.03225714233320183,-0.23788237857346559,9.79120812680183,-4.476771868296,-5.787078951077168,-8.582160317716268,50.69855643892194,37.775004,-122.4194,4.852547664721608,0.11189122717071738,0.09546668160293868,3,16.4006313695792,0,9.794150556920059,11.277643586572093,4.8538375008968835,14.274891393206701,-1.1593076438927596,-1.4201059305934294,0.12266772414624773,21.908510703605252,0.5638846273339482,False,False,0,0.05,NORMAL_FLIGHT
2100.0,0.08081017136290769,0.3285345906511927,9.882937037553868,5.314268465166082,-9.90418235461317,-5.462640091774649,50.6401813977279,37.775005,-122.4194,5.455537785206186,0.2221203394271961,0.12553231895309386,3,16.400328611819905,0,9.888726396725923,12.49698820538586,5.460057689347217,4.728791990293235,2.918752059702001,-0.015137887964833396,0.06171432864459383,21.908510703605252,0.329989904238559,False,False,0,0.05,NORMAL_FLIGHT
2120.0,0.37723718024210606,-0.18012414692957376,9.721727248309064,11.689138726941499,-0.19161917848686247,5.629106602850852,50.633165586325546,37.775006000000005,-122.4194,5.363815438039161,0.006627473734423479,-0.07334620911689643,3,16.411867369680444,0,9.730710831639128,12.975342894640841,5.363819532455891,7.900778254339791,0.3507905701177094,0.5769378930269298,0.04098263618801844,21.908510703605252,-0.0591602109994227,False,False,0,0.05,NORMAL_FLIGHT
2140.0,0.03491556256636779,0.1276783851216766,10.216975015748394,-4.303784008509099,4.09382985424408,-1.074448817942494,50.7340559087652,37.775007,-122.4194,5.093514982496432,0.07848886874941853,-0.08899625565571415,3,16.41928732206634,0,10.21783241881386,6.036260425940615,5.094119686406395,24.356079358736604,-5.044516121982667,0.37099761929475505,0.04109275500436088,12.975342894640841,-1.1430024521570203,False,False,0,0.05,NORMAL_FLIGHT
2160.0,0.05151007814455288,-0.06572369514979692,9.749894226661752,2.6710393118733733,5.533872593121644,-0.7686540700366202,50.73961707550724,37.775008,-122.4194,5.227782122296009,-0.05904407702032749,-0.027613208648116512,3,16.433185664692175,0,9.75025180820202,6.1926590380756235,5.228115542069528,23.379030530592004,-0.2780583371020384,0.6949171312918168,0.04015792152917236,12.975342894640841,-0.642467894631551,False,False,0,0.05,NORMAL_FLIGHT
2180.0,-0.014889183153233444,0.12063748621646862,9.879552627640455,-3.6337095244100963,2.0739223103962057,13.134731613252367,50.72325079675362,37.775009000000004,-122.4194,4.554812916408385,0.0019259309031212418,-0.1088627720673625,3,16.398178971733742,0,9.880300360473512,13.784998121491308,4.554813323583141,6.502427613574646,0.8183139376811255,-1.7503346479216475,0.03810221818535665,13.784998121491308,-0.24694357831677394,False,False,1,0.9,RAPID_VOLTAGE_COLLAPSE
2200.0,-0.3837542430598083,-0.10882280042283853,10.153809043242621,5.204770868988947,-4.816981705992845,-6.964610897866884,50.74783777879143,37.77501,-122.4194,4.842489711874259,-0.017667509270824257,0.01210338785027424,3,16.37421752534356,0,10.16164099973985,9.939756411161788,4.842521941147182,14.06703196331689,-1.22934910189052,-1.1980723195090803,0.05233851844714446,13.784998121491308,-1.0765638106352782,False,False,0,0.05,NORMAL_FLIGHT
2220.0,-0.005302775089843376,-0.03255858121445884,9.576788554546228,-6.326292045426075,-9.660325792599798,18.641995258873497,50.78600743277053,37.775011,-122.4194,4.9060084253653695,0.07969359256585958,-0.020565191185338647,3,16.408742173941675,0,9.5768453678193,21.928699293278935,4.906655657212155,29.23978159602747,-1.9084826989551829,1.7262324299057497,0.07380141491795285,21.928699293278935,-1.5284184644498566,False,False,0,0.05,NORMAL_FLIGHT
2240.0,0.012046041988205289,0.008183835079144226,10.277636755349068,2.402933792138563,-8.784343497007509,-6.713075913710861,50.76319901539653,37.775012000000004,-122.4194,4.95280398022661,0.12046759357569255,0.03605800158863016,3,16.395603759437925,0,10.277647073001987,11.313892774198651,4.9542688368366194,35.04008525913429,1.140420868700076,-0.6569207251875042,0.083502875986123,21.928699293278935,-0.29143106631330795,False,False,0,0.05,NORMAL_FLIGHT
2260.0,0.49264842249705726,-0.20043749115629456,9.350861577076987,-4.364944834446764,-6.344912886272493,0.8919819661257138,50.7883277541151,37.775013,-122.4194,4.9020111958052075,-0.010965484911745937,0.13969434562328212,3,16.37788927688052,0,9.36597511686341,7.75282495417275,4.902023460333391,45.58359780692882,-1.256436935928562,-0.8857241278702688,0.14744574698483354,21.928699293278935,-0.4871067860786127,False,False,0,0.05,NORMAL_FLIGHT
2280.0,-0.038472192956224505,0.14816486908402518,10.29889263933384,-1.0349229454918438,-4.444298490178373,-2.812035954027669,50.77188327928156,37.775014000000006,-122.4194,4.489994741696731,0.15336228457329235,0.08174849807703193,3,16.409004904069135,0,10.300030220081215,5.360074699073847,4.49261313388921,46.70275516089024,0.8222237416770639,1.5557813594307746,0.18851852168117367,21.928699293278935,-0.486324825279425,False,False,0,0.05,NORMAL_FLIGHT
2300.0,0.0603094684667225,-0.10264271329431705,9.698197324814409,-5.155126375736535,-0.7987424899579332,1.2341913350096105,50.80784965937303,37.775015,-122.4194,5.077204923741712,0.15300474415616291,0.048923977541235626,3,16.39793882546842,0,9.698927987649796,5.360647886822218,5.079509847357457,30.05511162157095,-1.7983190045736563,-0.5533039300358311,0.17923463869053527,21.928699293278935,-0.6001188058160523,False,False,0,0.05,NORMAL_FLIGHT
2320.0,-0.006942353941048663,-0.04571998306800372,9.737190375652416,4.111752354478768,-5.070821090634841,4.445919950731289,50.8163343172716,37.775016,-122.4194,5.108730825656122,0.08468537431799009,-0.19660484129679182,3,16.407480919467062,0,9.737300186644552,7.898476952305383,5.10943267512475,1.9186099497377818,-0.42423289492816707,0.47710469993216265,0.16295987828556172,11.313892774198651,-0.3032688450106491,False,False,0,0.05,NORMAL_FLIGHT
2340.0,-0.23373560752390643,-0.19886987492170247,9.242996948645118,-4.184901772197935,1.6948794683413073,4.338352400888765,50.84043270862424,37.775017000000005,-122.4194,5.320379758317996,-0.05160265317217283,0.04433759821023752,3,16.38261136612132,0,9.24809029767978,6.261574946405069,5.320630000905369,24.460494448238546,-1.2049195676322455,-1.243477667287074,0.16818578182879382,7.898476952305383,-0.7723369322771134,False,False,0,0.05,NORMAL_FLIGHT
2360.0,0.22856456290300411,-0.5124667317590621,9.673561584786693,2.759821296659138,-1.161367513997364,-7.531173306205799,50.80247353131586,37.775018,-122.4194,4.842338147045007,-0.061182881673990275,0.17226276607045493,3,16.409384035518965,0,9.689822374287141,8.104564112903823,4.842724654090629,22.086603830368023,1.8979588654190138,1.338633469882211,0.13992189229776256,8.104564112903823,-0.14145777200759824,False,False,0,0.05,NORMAL_FLIGHT
2380.0,0.15038660653735483,-0.038205552520033804,9.498058040691935,-1.7204901413116647,0.052728558705128,-11.229146774475707,50.76140921211222,37.775019,-122.4194,4.82596736844402,-0.08123813546900388,-0.3010522516313517,3,16.37245743576475,0,9.49932536236242,11.360308266502804,4.826651082887697,9.524850596236067,2.0532159601820865,-1.846329987710682,0.041869952023556985,11.360308266502804,0.10474067169340628,False,False,1,0.9,RAPID_VOLTAGE_COLLAPSE
2400.0,0.1582063894086094,0.4825230843225832,9.627706096387959,-0.5723618589943147,5.701252763356024,25.031717909057107,50.80868407734519,37.775020000000005,-122.4194,4.464003102807106,0.0949166070238161,0.06893825429756253,3,16.381394346693313,0,9.64108824080455,25.67915073844765,4.465012078837008,7.088143922106482,-2.3637432616485654,0.4468455464280652,0.03894618615973726,25.67915073844765,-0.008344179721575529,False,False,0,0.05,NORMAL_FLIGHT
2420.0,-0.18187749095894779,0.15692085757960478,9.768806710263336,0.7387795370006427,-5.90115867100185,-4.839843396005531,50.804714258275915,37.775021,-122.4194,4.941286632681822,-0.12117682074893643,-0.01593585747564643,3,16.39224026465289,0,9.771759724826794,7.667695414039968,4.942772239159607,6.533574201112202,0.19849095346380352,0.5422958979789172,0.04218467132415127,25.67915073844765,0.11620058995681859,False,False,0,0.05,NORMAL_FLIGHT
2440.0,0.28055886218721987,-0.003852075946878928,10.097337484341873,-3.8091233582942436,2.093522891461842,6.9921243867198655,50.818965995380886,37.775022,-122.4194,5.180222356212434,0.06768376541110072,-0.08497950030229447,3,16.431084492361226,0,10.101235191120756,8.23298623192947,5.180664508719256,16.473773314698104,-0.7125868552485315,1.9422113854167478,0.05043076678050112,25.67915073844765,0.2146671324335614,False,False,0,0.05,NORMAL_FLIGHT
2460.0,-0.2803702125584562,-0.052578165841653535,9.872281005420188,1.0518355677044346,-0.06986614238036654,-16.076413105231968,50.80364622402656,37.775023000000004,-122.4194,4.877646427561456,-0.1081109347824113,0.08011285839119536,3,16.411094206220394,0,9.876401377505553,16.110937206426367,4.8788443966294475,11.241690680760108,0.7659885677163913,-0.9995143070415935,0.05265178428717111,25.67915073844765,-0.011726927106963103,False,False,0,0.05,NORMAL_FLIGHT
2480.0,0.11737141876005407,0.004493178562409276,9.902302996020335,7.651672821772055,-1.6674314048484762,-2.7961271990467678,50.84858256272724,37.775024,-122.4194,5.42868896370873,0.08235461198419736,0.17097059006073306,3,16.416091123722172,0,9.902999589194613,8.315452589881636,5.429313598127118,1.3299105844529535,-2.2468169350339906,0.24984587508889433,0.02900315010932841,25.67915073844765,-0.8717335061501785,False,False,0,0.05,NORMAL_FLIGHT
2500.0,0.4380911251619957,0.109423823035042,9.481344183346332,-3.8904739291635715,4.426281604329802,-1.2719938398244293,50.81819206372576,37.775025,-122.4194,4.948681032842095,0.0017219582730560565,0.07752307288377537,3,16.422038389091075,0,9.492090651172091,6.028741540560612,4.948681332431034,20.545446901126052,1.5195249500738583,0.29736326844513883,0.04965478369375162,16.110937206426367,-0.09507986380569378,False,False,0,0.05,NORMAL_FLIGHT
2520.0,-0.19810726502613768,-0.23616256306176897,9.545773773119182,5.859050716369224,4.395070772785036,4.728150699278325,50.811412001730716,37.775026000000004,-122.4194,5.029398456857711,0.13336385618598276,-0.03711919512615264,3,16.46490306592782,0,9.550749508400797,8.717828366621019,5.031166341513618,2.9329428614352615,0.3390030997522331,2.143233841837322,0.06573788152168156,16.110937206426367,-0.06697743454800786,False,False,0,0.05,NORMAL_FLIGHT
2540.0,-0.11325954592055439,0.22286433893377444,10.349617505505394,7.490488167438921,-4.73245397994214,-27.22454140991939,50.85071164236587,37.775027,-122.4194,4.727379383883681,0.11414545783212711,-0.09434698244081563,3,16.39282777935017,0,10.35263631876317,28.630039969221635,4.728757238927809,40.09434051811862,-1.964982031757856,-3.6037643288825194,0.1181676342941783,28.630039969221635,-0.31745646984987275,False,False,1,0.9,RAPID_VOLTAGE_COLLAPSE
2560.0,0.019930273017528245,0.1430762630882488,9.589439689571027,-4.08077494514022,-0.9108029192896205,1.6614061307833063,50.909360027324084,37.775028,-122.4194,5.057444069035056,0.14350654120021117,0.014462763378954378,3,16.419553591248988,0,9.590527701475134,4.49917286199086,5.059479680637636,38.10543086440177,-2.932419247910545,1.3362905949408699,0.12859110050968978,28.630039969221635,-1.05713803297526,False,False,0,0.05,NORMAL_FLIGHT
2580.0,-0.10069513082323985,0.1436371451415869,10.306862475617189,-7.27527302545276,1.4060584129203268,-11.49741455367893,50.88317206277275,37.775029,-122.4194,4.604136041029461,0.14608187182891127,0.08731692923815881,3,16.41054785266183,0,10.308355117579216,13.678345633685845,4.606452930138707,35.891370805204126,1.3093982275666605,-0.4502869293579792,0.18682874142510492,28.630039969221635,-0.3458950004551298,False,False,0,0.05,NORMAL_FLIGHT
2600.0,-0.31013268621322654,0.08769514776194547,9.73708164033574,1.5098045008588235,-1.3650337401129224,3.2434571119492386,50.981156261870545,37.77503,-122.4194,5.138739591002629,0.014363083398819771,-0.03870530262337277,3,16.40936537242733,0,9.74241405364,3.8292088973460734,5.138759663800458,28.297053196960853,-4.899209954889727,-0.05912401172487591,0.15345414257750284,28.630039969221635,-1.6296419814478469,False,False,0,0.05,NORMAL_FLIGHT
2620.0,0.013712594961205466,0.003923331538797981,9.810686380843052,-2.737037613834365,2.9251066614389916,-10.36329196838163,50.99681834655522,37.775031000000006,-122.4194,5.144885635247083,-0.11587930664246048,-0.02903829916507967,3,16.42407908950938,0,9.810696748501112,11.110600537426501,5.146190456393906,3.41413474305563,-0.783104234233889,0.7356858541024636,0.12041379095637006,28.630039969221635,-1.8540634482450713,False,False,0,0.05,NORMAL_FLIGHT
2640.0,-0.21246074274522098,0.134572247193364,10.131109548068979,9.343016095815011,1.405960089551377,-8.554826959255813,50.94467193346479,37.775032,-122.4194,5.271858284867302,-0.10525230549973785,0.28220002498383984,3,16.379357611316276,0,10.134230603844426,12.745734103725834,5.272908857882623,16.17669276716569,2.607320654521672,-2.2360739096551896,0.0871781148016074,13.678345633685845,-0.9396029109891657,False,False,1,0.9,RAPID_VOLTAGE_COLLAPSE
2660.0,0.09471848612703632,0.11836282674827561,10.191567726581598,0.174037702499161,9.162806201780063,-2.7362761039326817,50.96312453589429,37.775033,-122.4194,4.7960062562464625,-0.20868485293159378,0.1078651945959726,3,16.376919746244635,0,10.192695133077887,9.564230942957378,4.80054427932899,2.9232264616730674,-0.92263012147491,-0.1218932535820727,0.061330026347335476,13.678345633685845,-0.5376450857020387,False,False,0,0.05,NORMAL_FLIGHT
2680.0,-0.18388484684676065,-0.07080814218820476,9.776756231916274,-4.010997040175896,-7.651395679648938,-10.523294696031954,50.94397457517011,37.775034000000005,-122.4194,5.032112423659484,-0.10836658334280935,0.11501286783936322,3,16.392438331780394,0,9.778741731338123,13.615127041727686,5.033279126050285,20.697670086988218,0.9574980362089036,0.7759292767879344,0.045751069452947574,13.615127041727686,-0.6080251239735901,False,False,0,0.05,NORMAL_FLIGHT
2700.0,0.3099868810035079,-0.1147203545793802,9.69352708394354,-5.735797555058557,-0.6121799487369873,-4.755344467353549,50.96567799952927,37.775035,-122.4194,5.112763311877301,0.006882365770464906,-0.14602859060588122,3,16.381538600859713,0,9.69916078603175,7.475790184685587,5.112767944102015,3.9790472653185915,-1.085171217957992,-0.544986546034032,0.050220059941315384,13.615127041727686,0.15478262341275695,False,False,0,0.05,NORMAL_FLIGHT
2720.0,-0.15665065846724743,0.02037125905239734,9.793223865443336,5.449524795454152,-4.542512557560955,-11.933757685433154,50.963535187146256,37.775036,-122.4194,5.088456327666062,-0.05596541808251622,-0.07071886792934605,3,16.390712188145507,0,9.79449784806156,13.883310603977117,5.088764086355933,4.766853101490476,0.10714061915066964,0.4586793642896936,0.05118298585823763,13.883310603977117,0.33283159408966867,False,False,0,0.05,NORMAL_FLIGHT
2740.0,-0.06441230324113512,0.30980403029903747,9.911387258469636,-2.8559198704209328,3.0205372771952206,-18.331704516987276,50.96724887165576,37.775037000000005,-122.4194,4.82694014497303,-0.01801356044098513,0.007468163945423903,3,16.414746721573998,0,9.916437105601618,18.797109199217914,4.826973757077203,6.096962877002898,-0.18568422547531327,1.2017266714245523,0.037326094060049754,18.797109199217914,-0.2257693819097284,False,False,0,0.05,NORMAL_FLIGHT
2760.0,0.16270344347393395,-0.24782141513078018,10.077391106060928,0.2191439973021413,-8.085859450227723,10.179570524293595,50.92166920282646,37.775038,-122.4194,4.521603622088772,0.0492715419461401,-0.10011375578851496,3,16.373078386206203,0,10.081750808705381,13.002030733676087,4.521872068085524,8.265685155188152,2.2789834414652432,-2.0834167683897675,0.022237062269212893,18.797109199217914,0.41455333067830225,False,False,1,0.9,RAPID_VOLTAGE_COLLAPSE
2780.0,-0.24617286328679105,-0.293505053150488,9.811268957698246,4.779013725562404,1.731563551124433,-12.960486928239284,50.97117226436227,37.775039,-122.4194,5.069392059376896,-0.030406525806575803,0.16003972988892945,3,16.37569731619585,0,9.818744566141689,13.921620090268153,5.069483248664024,13.150312128184627,-2.4751530767908037,0.13094649948239834,0.021049482297515795,18.797109199217914,-0.2719768919216392,False,False,0,0.05,NORMAL_FLIGHT
2800.0,0.045491986920825886,0.03295216824730335,9.995665889406947,-2.421291759654151,-3.1502421567417054,-1.7868088760798353,50.91336589600472,37.775040000000004,-122.4194,4.969500064338016,-0.11218288004125843,0.14103123065906453,3,16.38442669030565,0,9.995823724882296,4.35653134857531,4.970766126869166,8.853957937030366,2.8903184178776797,0.4364687054899008,0.014479546089313445,18.797109199217914,0.5231210352454951,False,False,0,0.05,NORMAL_FLIGHT
2820.0,0.26142855085648564,0.010177540371203614,10.301507919681283,-0.2296441437008032,-3.6708093306050706,7.528910814937849,50.85792765123447,37.775041,-122.4194,4.886665881407712,-0.005323366756343213,-0.053354533738405374,3,16.37552367650201,0,10.30482963899875,8.37926462368157,4.886668780953732,15.450295705822725,2.7719122385125416,-0.4451506901819613,0.03417318706899844,18.797109199217914,1.0560753591178695,False,False,0,0.05,NORMAL_FLIGHT
2840.0,-0.32149664691224555,0.034668332874081643,9.924392883679436,-0.08284204911260037,-7.2324910177034365,-6.1494410251604315,50.876295668691846,37.775042,-122.4194,5.152789072743094,-0.0898490486772845,0.1783918606607485,3,16.340959503249636,0,9.929659414950098,9.493756582522444,5.153572360967569,18.758511202432615,-0.9184008728688298,-1.728208662618691,0.033500230101131886,13.921620090268153,0.9095320296391662,False,False,1,0.9,RAPID_VOLTAGE_COLLAPSE
2860.0,0.036926771706460845,0.04879063958170005,9.903495856801435,3.4166225575804594,-2.32537973100503,-8.25165899745538,50.956437881050746,37.775043000000004,-122.4194,4.991016092369113,-0.027078649697906312,-0.00042520967199421344,3,16.36678664174332,0,9.903684884862939,9.228790646917016,4.991089549142243,1.2987265043579832,-4.007110617945031,1.2913569246842727,0.034892455582493535,13.921620090268153,-0.3476867822428886,False,False,0,0.05,NORMAL_FLIGHT
2880.0,0.05197655884968471,-0.04464045092696103,9.35432675247298,2.953721677551629,5.422502651454629,2.2623808866742148,50.93880822619752,37.775044,-122.4194,4.73616098944644,0.13427769644230034,0.2589389717389049,3,16.391286234229444,0,9.354577666819626,6.5761975357998255,4.7380641002118296,27.455360902165626,0.8814827426611771,1.224979624306144,0.11785547476279068,9.493756582522444,0.3236403816475075,False,False,0,0.05,NORMAL_FLIGHT
2900.0,0.15636457435546208,0.29797268772041646,9.020780958951281,-1.1005686562741426,-0.12594341764739736,11.17933822727152,50.97385684233272,37.775045000000006,-122.4194,4.6137095421807555,-0.027050530409617468,0.014468613052503645,3,16.40543927919074,0,9.027055262493894,11.234087248697872,4.613788841159204,16.376120216286605,-1.7524308067599748,0.7076522480648606,0.2580356542500447,11.234087248697872,-0.6049094632800234,False,False,0,0.05,NORMAL_FLIGHT
2920.0,-0.2473901421756164,-0.3201807956953031,9.92651271876905,0.31824530748258856,3.1384020893723723,-11.69315265086469,51.0275238511759,37.775046,-122.4194,4.774207346973367,0.1770957553347745,0.0576192750328422,3,16.352745547608727,0,9.934755778591715,12.111179408576833,4.777490837087191,45.38502580489103,-2.6833504421588827,-2.634686579100709,0.17424376739989966,12.111179408576833,-1.6959619994143083,False,False,1,0.9,RAPID_VOLTAGE_COLLAPSE
2940.0,-0.26409132261685525,-0.1656994049560492,9.781552730615738,-1.8588950576174421,8.323209109831375,-1.5014783201743893,51.0682580730406,37.775047,-122.4194,5.4786024589533575,0.143163598693797,0.13999034411695585,3,16.351801845762257,0,9.786520032233138,8.65943057407173,5.480472672976368,7.41178731792882,-2.036711093235155,-0.047185092323509537,0.15689119042513797,12.111179408576833,-1.9196240434875733,False,False,0,0.05,NORMAL_FLIGHT
2960.0,0.10438831312337954,-0.020650952029809478,9.655565197525577,-7.388062034597223,1.318777924112879,-17.324945949673275,51.05269765858192,37.775048000000005,-122.4194,5.144555354786554,-0.05793053085790432,0.12776333498078093,3,16.374741744588615,0,9.656151545279497,18.880582300323386,5.144881509312774,6.518424347682039,0.7780207229341585,1.1469949413179137,0.1317228886022912,18.880582300323386,-0.9625977753117354,False,False,0,0.05,NORMAL_FLIGHT
2980.0,0.059396934646637214,-0.32863776223083346,9.883059061255905,1.288004286990647,-2.7939978603117033,-3.9320100368219,50.998145322722216,37.775049,-122.4194,5.037722468395002,-0.11111237664157757,0.051073206613589356,3,16.331774742024102,0,9.88869997435871,4.9926027296792626,5.038947670775594,11.627421453960629,2.727616792985188,-2.148350128225651,0.13610657265754122,18.880582300323386,-0.5933709652469332,False,False,1,0.9,RAPID_VOLTAGE_COLLAPSE
3000.0,0.05009857006917531,-0.035170880886414235,9.791878881240928,9.460958804165339,2.3362610759139493,0.34204684538075447,50.88776794443865,37.77505,-122.4194,4.9636678145628395,-0.005255416192019341,-0.014114031944383583,3,16.36353681404931,0,9.7920702041232,9.751146258434398,4.963670596718359,4.831488511775461,5.518868914178299,1.588103601260471,0.011571595956959658,18.880582300323386,0.8608889789407215,False,False,0,0.05,NORMAL_FLIGHT
3020.0,0.06928964189939514,0.3322940331456037,10.14833407519017,-4.418595703455314,-2.7214807315714595,-8.546246417550657,50.87462591946553,37.775051000000005,-122.4194,4.950521412010513,0.11533277633968891,0.05141326999931192,3,16.33686495170542,0,10.154009300793685,9.998438537712072,4.951864689192626,18.096954833524226,0.6571012486560335,-1.3335931171946314,0.03468285545905248,18.880582300323386,1.5289793171037047,False,False,0,0.05,NORMAL_FLIGHT
3040.0,-0.13600494431569818,0.004177297659192358,9.835833260477694,-3.865148548013515,-2.522113416485847,-4.5699183382523145,50.93353028789364,37.775052,-122.4194,5.233439196671819,-0.04901909062286883,-0.08161841718761151,3,16.39811659368069,0,9.836774406410534,6.494965973900378,5.233668760678924,15.861744719157578,-2.945218421405471,3.0625820987635777,0.03345492928944196,18.880582300323386,1.3472778514696415,False,False,0,0.05,NORMAL_FLIGHT
3060.0,0.04645073943220071,0.0461401811437367,9.58592301447895,-4.353638858218707,-7.599463998094924,-14.082267683074502,50.87732198865554,37.775053,-122.4194,4.901880851619314,0.09080902982621392,0.015213371886411586,3,16.354498319384227,0,9.58614659949591,16.58361503001976,4.902721913730175,12.531390345731186,2.810414961905039,-2.1809137148231628,0.041764219505929456,16.58361503001976,1.7537566992638176,False,False,1,0.9,RAPID_VOLTAGE_COLLAPSE
3080.0,0.058614494659736255,-0.25203295303451606,10.107049871687787,3.6229588936156127,4.631287455421961,0.7707861138149362,50.91233248103148,37.775054000000004,-122.4194,5.115384082136859,0.12084399891360882,-0.1109307532497995,3,16.40209120098541,0,10.11036168379666,5.930325949964911,5.116811270689255,26.21075421503747,-1.7505246187969448,2.379644080059151,0.055709463157001766,16.58361503001976,0.8581284169073911,False,False,0,0.05,NORMAL_FLIGHT
3100.0,-0.14287028360527357,-0.1232722816078955,9.74486067751614,2.2424272709822004,-1.9300128782471964,10.556942488831497,50.864824854528884,37.775055,-122.4194,4.930314409941682,-0.07740256503626058,-0.17808816400803015,3,16.39045451911519,0,9.746687519231886,10.963688452721579,4.930921956181499,18.183708228238693,2.3753813251296663,-0.581834093511091,0.058476792831080385,16.58361503001976,0.22943089909766456,False,False,0,0.05,NORMAL_FLIGHT
3120.0,0.3731549022289513,-0.0750392760647874,9.967961005101692,-0.7926884620822836,0.9104912290793101,-10.971438697704636,50.870128483348225,37.775056,-122.4194,5.388031326367012,-0.06760510882885871,0.005042676413944306,3,16.35440732087947,0,9.975225414657944,11.037654477906052,5.388455439609019,11.426894771302898,-0.265181440967055,-1.802359911785878,0.040982803482652826,16.58361503001976,0.04497436117304687,False,False,1,0.9,RAPID_VOLTAGE_COLLAPSE
3140.0,0.0947665841823575,-0.06354301935124682,9.66677678814216,-4.590095308194825,-5.179809643033197,-6.226717665523829,50.905518064055975,37.775057000000004,-122.4194,5.14845770151566,0.07126620321270069,0.12622778906716722,3,16.34504404888389,0,9.667450123613254,9.309748426381798,5.148950919946341,15.388764552234502,-1.7694790353875334,-0.4681635997791034,0.047924627630024814,16.58361503001976,0.2801222383766344,False,False,0,0.05,NORMAL_FLIGHT
3160.0,-0.23826069944052974,0.25632875900075375,9.61505193435077,0.46188395819962147,2.179738148577362,5.0254624645418176,50.872543292214054,37.775058,-122.4194,5.249111362936725,0.015184754964157061,0.09258046415960593,3,16.361761901424853,0,9.621418621692502,5.497260060223123,5.2491333263020445,2.301575096037567,1.6487385920960662,0.8358926270481959,0.04409904421143399,11.037654477906052,0.04778696441483987,False,False,0,0.05,NORMAL_FLIGHT
3180.0,0.13131072172676594,0.1115382121450249,9.83525046905571,-7.823110636679021,-3.809706190675419,12.120907193227362,50.8810675262489,37.775059,-122.4194,4.883118045062353,-0.06860615265436788,-0.008191229572560826,3,16.36268945871043,0,9.836759378345567,14.920834845269948,4.8835999678716115,10.767037832653248,-0.42621170174221845,0.04637786427892365,0.019927362756319775,14.920834845269948,0.31264954782578513,False,False,0,0.05,NORMAL_FLIGHT
3200.0,-0.1949363340454643,-0.2222915913874064,9.813848593063106,0.7171328342874661,-0.7085436085091212,-14.931898122089313,50.86031295941263,37.77506,-122.4194,5.211627222513484,-0.03521804481195873,0.17469896981754965,3,16.37085490486204,0,9.818301173497344,14.965891055183672,5.211746215725013,0.9229102424111346,1.0377283418133487,0.408272307580404,0.020135929268381463,14.965891055183672,0.045118951162521626,False,False,0,0.05,NORMAL_FLIGHT
3220.0,0.15741692074849042,0.04930095568640098,9.95394811061005,4.357621930439671,4.3891301561956295,-1.6878473741594933,50.895570392359545,37.775061,-122.4194,4.937484514921062,-0.0070519552727419145,-0.05690613908465737,3,16.347550674979782,0,9.95531484483976,6.41109672171086,4.937489550891064,6.850683567120797,-1.7628716473456763,-1.1652114941128389,0.0183098289247405,14.965891055183672,-0.25441909011320263,False,False,0,0.05,NORMAL_FLIGHT
3240.0,0.23171911580148083,0.09964434969935704,9.729406274007077,-6.25599568316839,3.953796561162646,2.83130822319525,50.90733625078378,37.775062000000005,-122.4194,5.02200696478657,-0.15648544249554608,-0.19178326617980235,3,16.377159013028223,0,9.73267533567945,7.923780378683911,5.024444411880566,11.131975458015475,-0.588292921211675,1.4804169024220215,0.015495079904790857,14.965891055183672,-0.01818186727803095,False,False,0,0.05,NORMAL_FLIGHT
3260.0,-0.1641364636703421,0.2280298077042533,9.25909206486888,-7.662591384148318,-0.11015036258470232,-1.0205639062884797,50.910161634505236,37.775063,-122.4194,5.327009534123892,0.07656431064826952,-0.2182101294200962,3,16.36668725144517,0,9.263353833122522,7.731040713230036,5.327559729398807,23.46607512784642,-0.14126918607288985,-0.5235880791525815,0.07183678287781269,14.965891055183672,-0.37618342291182216,False,False,0,0.05,NORMAL_FLIGHT
3280.0,0.19267522584886437,0.3161081373136747,9.680167834923484,7.897189458474298,-8.840655163533592,-24.76792066877087,50.98807913251234,37.775064,-122.4194,4.791444988648716,-0.047869218893919124,-0.11811909405957172,3,16.35372236199825,0,9.687244056459972,27.458562950709528,4.791684102835287,21.1945111668725,-3.8958749003551674,-0.6482444723459935,0.06767484922227213,27.458562950709528,-1.070116062634412,False,False,0,0.05,NORMAL_FLIGHT
3300.0,0.08255618538729967,-0.20301883836557374,10.048145540143144,-3.0587981975229246,14.964052850303206,5.010900093087719,51.021194439630754,37.775065000000005,-122.4194,5.04064954626108,-0.2783716223798099,0.08166247432622288,3,16.345439026811597,0,10.050535357301897,16.074459364555423,5.048330279247625,18.164565042096203,-1.6557653559207353,-0.4141667593327014,0.09319935981547887,27.458562950709528,-1.6088148021812287,False,False,0,0.05,NORMAL_FLIGHT
3320.0,0.164412031998898,-0.16217150224206767,9.720787176227068,5.679739229719109,8.72929485136568,15.19336351090644,50.986676846324436,37.775066,-122.4194,5.0876010517037455,-0.002387096830945272,-0.06348026834673863,3,16.35513171504538,0,9.723529926827299,18.42005214689233,5.087601611715321,16.350271523729898,1.7258796653159436,0.48463441168919985,0.07873874008131336,27.458562950709528,-0.9110645396489048,False,False,0,0.05,NORMAL_FLIGHT
3340.0,0.3793585965307895,-0.2515155717829233,9.736084979245636,-0.7699883259891585,3.6133741244414925,1.1666175116950344,50.98238365128455,37.775067,-122.4194,5.104000876160162,-0.07415712588935076,0.04609586418573021,3,16.341640964458197,0,9.746718614523742,3.8743194246133634,5.104539570143802,1.1594343848221556,0.21465975199426168,-0.6745375293592204,0.07906752796344496,27.458562950709528,-0.7504740050077174,False,False,0,0.05,NORMAL_FLIGHT
3360.0,-0.0490776232005741,-0.04680397182139628,10.105912951771781,-0.8097740847066373,-3.766018907954854,-10.311060532942633,50.978588712030565,37.775068000000005,-122.4194,4.909843101381307,0.1688822192302677,0.16462833835839774,3,16.358297338179813,0,10.10614050039212,11.00711596183774,4.912746735193435,17.971094293418943,0.1897469626992887,0.8328186860808273,0.039537522121188585,27.458562950709528,-0.6842707752532817,False,False,0,0.05,NORMAL_FLIGHT
3380.0,-0.15074723287149794,0.09327167488926691,9.596408031822323,2.1920634974832263,-0.5679608085098233,-5.131272463642831,50.98260469066183,37.775069,-122.4194,5.417252820161616,-0.058544502091996825,-0.11000969625778062,3,16.35798691277393,0,9.598045188827726,5.608714554435864,5.417569157498055,25.404765578219735,-0.2007989315632841,-0.015521270294094336,0.048960008007534334,18.42005214689233,0.05474441850509493,False,False,0,0.05,NORMAL_FLIGHT
3400.0,-0.17790288592510467,0.19746690331782038,9.347159034527131,-4.419994283732203,-2.7171021488825846,17.69913067655593,51.1088301544922,37.77507,-122.4194,4.741013622931948,-0.10976433635786109,0.04784997317958899,3,16.360661859526456,0,9.350937099107691,18.443920956821817,4.74228408916657,12.355404486001742,-6.3112731915186515,0.13374733762621105,0.07494933597122456,18.443920956821817,-0.8763571486144883,False,False,0,0.05,NORMAL_FLIGHT
3420.0,-0.16316205699308767,-0.015190204728504554,9.761810664142352,0.6624857174782277,6.319279695481942,9.099625408605586,51.12737274912775,37.775071000000004,-122.4194,5.291777077726493,0.0507932669962016,0.05389630726557222,3,16.389902136837758,0,9.763185957551217,11.098439790012531,5.292020842393168,20.6124429221763,-0.9271297317773985,1.462013865565126,0.07562979525345295,18.443920956821817,-1.4069590280331568,False,False,0,0.05,NORMAL_FLIGHT
3440.0,-0.015420341882820841,-0.06396950465096879,9.664747814625379,-1.9074470741204639,1.3125144542591691,6.400266183843293,51.025577620622514,37.775072,-122.4194,5.243013121118327,-0.06604473680075833,-0.08607379884731033,3,16.351077969037725,0,9.664971816036253,6.806207149158623,5.243429077948707,4.9107070757481885,5.089756425261882,-1.9412083900016697,0.07558833233520051,18.443920956821817,-0.43193969337963267,False,False,1,0.9,RAPID_VOLTAGE_COLLAPSE
3460.0,0.06823039496332878,0.030351598449748076,9.520126104074023,-6.602467217025158,-3.920819291799164,3.5641258353437606,50.998437672036665,37.775073,-122.4194,5.380177757920737,-0.07794562012522323,0.13542109252450832,3,16.3729683955616,0,9.520418984676933,8.465718530697869,5.380742349018554,7.227641567966003,1.3569974292924059,1.0945213261937425,0.024280362926340896,18.443920956821817,-0.19848960006100924,False,False,0,0.05,NORMAL_FLIGHT
3480.0,0.055338159866003815,-0.16702858032600462,9.757386463230393,1.6874103736319954,-2.3537754956239096,-6.611371121909723,50.901819067661876,37.775074000000004,-122.4194,4.682354580258436,0.0509501382824406,-0.028770705554947658,3,16.35661776094602,0,9.758972868668854,7.217883413055539,4.682631774105045,11.92769419959605,4.830930218739482,-0.8175317307790309,0.030951173442486022,18.443920956821817,0.807856229999544,False,False,0,0.05,NORMAL_FLIGHT
3500.0,0.16543664980720477,0.4179077443389547,9.957451694174036,-1.3165390343895809,5.605940712849523,-2.0057118065576858,50.88532915480958,37.775075,-122.4194,4.826233702422058,-0.10404673078895661,-0.038375298091300934,3,16.34641070175593,0,9.967590501705379,6.0977640292176085,4.827355121863565,10.43088165182624,0.8244956426146643,-0.5103529595045231,0.02660411071950048,11.098439790012531,2.235009996826207,False,False,0,0.05,NORMAL_FLIGHT
3520.0,0.002600378375581404,-0.32153220542361177,9.807213431529656,-0.785124142223539,8.00048923410239,-0.7792273567851586,50.785963643323264,37.775076000000006,-122.4194,5.298388611832328,-0.1457273658199453,0.21116132184179728,3,16.347941977182266,0,9.812483121650093,8.076598490531325,5.300392282382816,7.755369002764301,4.968275574315939,0.0765637713168843,0.02778420589003211,8.465718530697869,3.4140910580448747,False,False,0,0.05,NORMAL_FLIGHT
3540.0,0.2907068154314634,0.03694811577914489,9.902094321805873,-6.050804717070789,7.641657817431228,5.495743160644439,50.74238411976984,37.775077,-122.4194,4.624592169073939,0.17259980020943372,0.052276674236671816,3,16.348298209185323,0,9.906429607771814,11.189743733017483,4.627811947485802,4.69732430608607,2.178976177671288,0.017811600152839446,0.02979645164504532,11.189743733017483,2.831935008526756,False,False,0,0.05,NORMAL_FLIGHT
3560.0,-0.05293136664759122,0.4047212438459279,10.354022309554628,7.957001838814021,3.7851603252698873,15.089188942669034,50.66634804328813,37.775078,-122.4194,4.678708219791917,0.05794987376006449,0.09252905496854981,3,16.354219666310644,0,10.362064417940584,17.473549722321803,4.679067085842782,22.781740508438464,3.801803824085326,0.29607285626607194,0.05668624096532096,17.473549722321803,3.32089628748534,False,False,0,0.05,NORMAL_FLIGHT
3580.0,0.5440338333179238,0.0013599689119995538,9.707136341532731,4.3835709319305804,-1.263124344013184,11.183381367931279,50.685556052186506,37.775079000000005,-122.4194,4.902338442657702,-0.026420928499436516,0.1354892931521839,3,16.328587471639093,0,9.72236959873546,12.078046035857703,4.902409639332714,31.984740960256186,-0.9604004449187187,-1.2816097335775822,0.06066092677592497,17.473549722321803,2.1626301547536997,False,False,0,0.05,NORMAL_FLIGHT
3600.0,0.12513346955300125,-0.0380078070002989,9.893504590393402,4.820779420859893,-16.207569126645602,-14.193843557960406,50.68558302031795,37.77508,-122.4194,5.038398757724454,-0.00034772097019360225,-0.0650473999459217,3,16.31761665406197,0,9.894368906541269,22.076920214727327,5.038398769723293,8.599965390290443,-0.0013484065721769412,-0.5485408788562296,0.061242510746549086,22.076920214727327,1.9974613449163314,False,False,0,0.05,NORMAL_FLIGHT
3620.0,-0.1714315112832565,-0.07148908456208544,9.65723599122026,-1.52722351220841,1.4858001190411079,2.239949689010487,50.70073113569289,37.775081,-122.4194,5.318445014729755,0.05058643581161561,0.12498210970536792,3,16.359158984387744,0,9.659022023082478,3.0915025892408594,5.3186855859499635,11.76734417293952,-0.757405768747077,2.0771165162887684,0.07570195677446123,22.076920214727327,0.8523250763037282,False,False,0,0.05,NORMAL_FLIGHT
3640.0,-0.21417849961222246,-0.03607833635248157,9.556092084033908,-8.645914447517102,-0.009143794220501968,7.367633451678969,50.69550356626446,37.775082000000005,-122.4194,4.962946817013928,0.09733374496134208,-0.050189411499767,3,16.363185087957277,0,9.558560037714136,11.35931084710057,4.96390118419141,5.0230992684171305,0.2613784714213807,0.20130517847665175,0.10032575315307446,22.076920214727327,0.4688055350537468,False,False,0,0.05,NORMAL_FLIGHT
3660.0,0.09649448304863706,0.27456969493530603,9.634527703974669,9.764586912447554,0.6999104816067686,6.188603301446354,50.62578867875424,37.775083,-122.4194,4.8783521703870925,-0.0755975291315012,-0.054462338933829735,3,16.359284902749103,0,9.638922335058577,11.581702943681373,4.878937884901922,4.018114867222078,3.485744375511146,-0.19500926040869615,0.015887855247014464,22.076920214727327,0.40559364533891085,False,False,0,0.05,NORMAL_FLIGHT
3680.0,-0.04469255706517018,-0.44237238226590136,9.666372428543493,-0.30548754002934064,0.2694867351660319,-6.292337633874194,50.65146474721698,37.775084,-122.4194,5.062277987539286,0.03661465259656824,-0.02719999723081362,3,16.34662120125157,0,9.676592720402903,6.305510180486041,5.062410399790752,1.8835192672162826,-1.2838034231368312,-0.6331850748766854,0.015672468919217256,22.076920214727327,0.34091304969528835,False,False,0,0.05,NORMAL_FLIGHT
3700.0,0.1428000988184184,0.3066867402592651,9.917842739264138,-3.743998980100269,-6.631310809745785,29.141092157683616,50.74757597523045,37.775085000000004,-122.4194,5.09391929665888,-0.05067041762102386,-0.06220648349449548,3,16.3580158282169,0,9.923610896525911,30.119679008267216,5.09417130572732,12.350908806150418,-4.805561400673497,0.5697313482665223,0.018897458307557055,30.119679008267216,-0.6199295491249757,False,False,0,0.05,NORMAL_FLIGHT
3720.0,0.09464752491470897,-0.28479143049002903,10.514722736010228,2.0840078724155693,2.787042784255928,-12.770845623311189,50.76803660416078,37.775086,-122.4194,5.088247964434054,-0.018898124451262432,0.08221564326571629,3,16.35608949097557,0,10.519004635801975,13.236509896041692,5.088283058820045,29.7696869638032,-1.023031446516498,-0.09631686206645895,0.1529143389443604,30.119679008267216,-0.6730546846788599,False,False,0,0.05,NORMAL_FLIGHT
3740.0,-0.014565782531374555,-0.05333046584688296,9.595186969117249,5.835603940016487,3.1610815701592516,-10.8318844666605,50.7467403741949,37.775087,-122.4194,4.964402758409731,0.016069286746490462,0.026721065514505572,3,16.35672307242172,0,9.595346229966152,12.703402344923877,4.964428765697287,46.18292029179116,1.0648114982938495,0.03167907230743339,0.14757917107403865,30.119679008267216,-0.5123680793043661,False,False,0,0.05,NORMAL_FLIGHT
3760.0,-0.169358743613681,-0.08584888405973237,9.685012408315362,-0.11525278042733096,3.411693910298296,2.335950812615763,50.67533701538963,37.775088000000004,-122.4194,4.6089827772163705,-0.0006678573052672212,-0.04912244146171129,3,16.32292924360317,0,9.686873477245134,4.136375797715067,4.6089828256037695,4.576362363949116,3.5701679402635023,-1.6896914409274544,0.1424821427593104,30.119679008267216,-0.4954833663538949,False,False,1,0.9,RAPID_VOLTAGE_COLLAPSE
3780.0,-0.3029694449371729,0.11771065395414396,9.791063096066626,6.392875839696872,4.732885017866933,21.168030549638534,50.62993366685163,37.775089,-122.4194,4.816476802178734,0.07355668983025719,0.06745050331548218,3,16.317330598874317,0,9.796456646858477,22.61315058643,4.817038444163039,5.4791584806671345,2.270167426900116,-0.279932236442626,0.13314790124275386,30.119679008267216,0.21531080365349453,False,False,0,0.05,NORMAL_FLIGHT
3800.0,-0.08930299041340423,-0.3196248703767495,9.928739654612924,5.414999692584343,3.020258224608116,-8.361948507041708,50.65258564968023,37.775090000000006,-122.4194,5.284054217053493,0.0487086559115594,-0.027518243738634603,3,16.330647824669757,0,9.934284383434134,10.409916630233814,5.284278711604973,6.891386828782853,-1.1325991414302905,0.6658612897719962,0.1332739653377185,22.61315058643,0.9499032555021358,False,False,0,0.05,NORMAL_FLIGHT
3820.0,0.1712797588646945,0.09243453321638857,9.889065243586437,-5.381905937010291,-2.050147057694554,-2.658283656469923,50.7062415510202,37.775091,-122.4194,5.0374137875953195,-0.15081692093721777,-0.032807037036467666,3,16.337221102201344,0,9.890980350331152,6.343066015047877,5.039670962582419,2.1652016551491293,-2.682795066998267,0.32866387657932705,0.019789396987641535,22.61315058643,0.617950531405782,False,False,0,0.05,NORMAL_FLIGHT
3840.0,0.042818748826040795,0.40486192465737053,10.195228738184436,-3.3689505282973817,-0.35418423958045114,10.772936730156928,50.7192848597563,37.775092,-122.4194,4.935495576178589,-0.13578232070654422,0.0048683884901543645,3,16.33187993663694,0,10.203354137105608,11.29298188830774,4.937363002767254,15.618689338722813,-0.6521654368050633,-0.2670582782201336,0.03734902262796905,22.61315058643,0.2745551443859995,False,False,0,0.05,NORMAL_FLIGHT
3860.0,-0.24914775574239761,-0.2726348009185621,9.082082378839438,4.787685816398837,0.45562433626688437,-0.178621548877335,50.759279224241595,37.775093000000005,-122.4194,5.223633709674795,-0.03697166847592929,0.04634603556662172,3,16.298334127340226,0,9.08958880670018,4.812632821031393,5.223764546485681,55.68826652027141,-1.9997182242647682,-1.6772904648357567,0.17306111577825659,22.61315058643,-0.8394220885196546,False,False,1,0.9,RAPID_VOLTAGE_COLLAPSE
3880.0,0.0346361851702364,0.037941233522079135,9.093921038941298,-13.56306281905219,0.5384972455330924,-3.3460385453029566,50.79466313644296,37.775094,-122.4194,4.77397667352621,0.1828625262441825,0.038984764937741966,3,16.36945136099708,0,9.094066145846064,13.98007962293691,4.777477575340023,0.22386695729421646,-1.769195610068408,3.5558616828426537,0.2669821109631076,13.98007962293691,-1.6472946959133594,False,False,0,0.05,NORMAL_FLIGHT
3900.0,0.07706347594576736,-0.13239643555932182,9.661236548396955,-0.7472784658249438,4.991088279858649,5.656329018867201,50.819989856012256,37.775095,-122.4194,4.954930373257398,-0.08515918325016024,-0.03632491822528305,3,16.328686163764058,0,9.662450995454247,7.580464714811833,4.955662124309983,28.419242480409146,-1.2663359784646389,-2.0382598616510705,0.2420962721382922,13.98007962293691,-1.674042063320229,False,False,1,0.9,RAPID_VOLTAGE_COLLAPSE
3920.0,-0.17677148724022662,0.08517744123860715,10.139190056263113,-7.154156008123359,3.2183437651124542,2.725179902295931,50.78706617624919,37.775096000000005,-122.4194,5.027551681034807,-0.02082227096127529,0.08471112074394023,3,16.336770746660704,0,10.141088617708744,8.304594528264666,5.027594799945984,23.931881112724884,1.6461839881532825,0.4042291448323354,0.29248503080139515,13.98007962293691,-0.8082462522899192,False,False,0,0.05,NORMAL_FLIGHT
3940.0,0.030745021189105583,0.003829555483150412,9.340305590518321,-2.3827690071676235,10.386717197849766,10.304387856367914,50.79576235184795,37.775097,-122.4194,4.911724499341074,-0.05363460269565219,-0.022239415107965607,3,16.35735721293182,0,9.340356976373597,14.823693581023901,4.912017327741591,40.036582066757376,-0.4348087799378675,1.0293233135557855,0.19753569601971405,14.823693581023901,-0.76477492091648,False,False,0,0.05,NORMAL_FLIGHT
3960.0,0.01164174368919998,-0.12829738180886194,8.907710298091873,-1.4941004451460207,11.03234489942336,12.914688890653634,50.75334346165384,37.775098,-122.4194,5.02015256458032,-0.055404438408808,-0.0654984488608719,3,16.284716362513528,0,8.908641787787134,17.05092839884065,5.020458288190208,21.585759429323126,2.1209445097053248,-3.6320425209146023,0.23809499829086628,17.05092839884065,0.05935762587753857,False,False,1,0.9,RAPID_VOLTAGE_COLLAPSE
3980.0,-0.22859405956612464,0.0975744569742148,9.981353821865763,-1.7912218895375398,0.3982479130696249,3.070030600053617,50.75421490930175,37.775099000000004,-122.4194,4.962461213715647,0.017823974390505558,-0.14680216487673514,3,16.32053150525311,0,9.984447913430017,3.5766136418529078,4.962493223339982,53.79030628214414,-0.04357238239549588,1.7907571369791597,0.24739857433979826,17.05092839884065,0.404482271412121,False,False,0,0.05,NORMAL_FLIGHT
4000.0,0.07155747206965667,0.3608696219573486,9.883097167110815,-2.761306260563043,-19.18327774229685,2.9173272537830903,50.77075808585509,37.7751,-122.4194,4.720131390442825,0.14007772761956513,0.09831784809990213,3,16.322172612007144,0,9.889942212693382,19.599330486228144,4.7222094524511276,4.725285036831739,-0.8271588276670627,0.08205533770162532,0.2640111459803541,19.599330486228144,0.49231770157163623,False,False,0,0.05,NORMAL_FLIGHT
4020.0,0.11215690527364688,-0.03818075834545974,9.48293747796017,-5.48571824814407,6.184162330636332,2.141109822861335,50.854697276224435,37.775101,-122.4194,5.036295576375811,0.04559683998805891,0.0012390076194007554,3,16.32233833135712,0,9.483677564774649,8.539398087876892,5.036501980982383,20.313232395936698,-4.196959518467125,0.008285967498800062,0.18997722923575897,19.599330486228144,-0.6763109997524452,False,False,0,0.05,NORMAL_FLIGHT
4040.0,0.2166102486350554,0.14395158842963637,9.514338119783721,11.459556334093431,-2.701881694935272,4.891305566492877,50.789210677506055,37.775102000000004,-122.4194,4.7343296416974265,-0.08035309614270923,0.02108723585105148,3,16.32474437523925,0,9.517892199284187,12.749371208514221,4.735011486397325,1.7107317254769328,3.274329935918985,0.12030219410643639,0.18020904372121285,19.599330486228144,0.06551674341892522,False,False,0,0.05,NORMAL_FLIGHT
4060.0,0.2107604104069806,-0.25865459157423276,9.519076884109598,9.337310020806754,-4.0074196091550345,0.5517063787146392,50.81328605905562,37.775103,-122.4194,5.033123025019345,0.27532295108032073,0.10458029156995155,3,16.35630637780982,0,9.52492240776412,10.175910292293901,5.0406477869785205,0.3515104239966149,-1.2037690774782561,1.5781001285285257,0.05640865155299448,19.599330486228144,-0.599425974017791,False,False,0,0.05,NORMAL_FLIGHT
4080.0,-0.27553387359141823,-0.19128727536360177,9.843160595242182,-5.810329101281415,-1.992226374946834,-0.0060848232228945046,50.8873478886368,37.775104,-122.4194,5.274827164830022,0.007857322096112585,-0.04774062315978161,3,16.339982434142858,0,9.848874059553241,6.142387745763463,5.274833016915251,16.197582589456072,-3.7030914790591396,-0.8161971833480663,0.03945907871305572,19.599330486228144,-1.3313297933505197,False,False,0,0.05,NORMAL_FLIGHT
4100.0,-0.18756500798302456,0.09448125557607548,9.622105417145098,7.910583756517836,-2.233215234073032,11.966271208272424,50.92529027692874,37.775105,-122.4194,4.943795360544789,-0.05772209563821134,-0.13743992484741285,3,16.344823536788287,0,9.624397123899655,14.517445790513882,4.944132320970896,11.223846782679292,-1.897119414596915,0.24205513227144593,0.022110687676011966,14.517445790513882,-1.5453219107364902,False,False,0,0.05,NORMAL_FLIGHT
4120.0,0.10300705344173196,0.296823205707193,9.958219175692657,-1.9973274523642646,3.061349050526963,15.161161803550431,50.966937549069996,37.775106,-122.4194,4.765703374005803,0.14120963746775894,0.0069780702215218515,3,16.32575481163932,0,9.96317437464777,15.595576366218943,4.767794963158972,16.938862537405708,-2.0823636070627316,-0.9534362574482813,0.040217354547125175,15.595576366218943,-1.1224027284556115,False,False,0,0.05,NORMAL_FLIGHT
4140.0,0.10275719018244177,0.071122669757132,8.953612001128683,0.6459373666585523,-7.797178895631127,-15.075529446334208,50.996322294163384,37.775107000000006,-122.4194,4.974602437359004,-0.04690706179438185,0.030796155208029544,3,16.29597452006759,0,8.954484091283156,16.98484094418935,4.974823583025263,50.434514168230656,-1.4692372546694088,-1.4890145785866338,0.1538351003947838,16.98484094418935,-2.0711161665732902,False,False,0,0.05,NORMAL_FLIGHT
4160.0,0.1030095372612096,-0.06261160610463087,9.55294444046166,-0.31636979948457933,-5.388603728958008,0.10021151740569072,51.06123901865215,37.775108,-122.4194,4.833605778384293,0.1662913654987443,-0.02628490661603728,3,16.281517615074968,0,9.553704970352241,5.398813049734804,4.836465407616338,29.961043953454247,-3.245836224438392,-0.7228452496310211,0.15316252417104423,16.98484094418935,-2.4795295959653174,False,False,0,0.05,NORMAL_FLIGHT
4180.0,0.7705462981309443,-0.00014171891532918345,9.472183811726685,-3.298743206269829,1.715792770987083,-6.886944334452347,51.00686511024654,37.775109,-122.4194,5.118901800526294,-0.08706427909666667,0.1473737578076169,3,16.291672976100653,0,9.503473458729951,7.826599123484489,5.119642158601122,2.511575581114478,2.718695420280781,0.507768051284252,0.1321298907705563,16.98484094418935,-1.1951722160973333,False,False,0,0.05,NORMAL_FLIGHT
4200.0,0.1141781021386334,-0.2500815467939435,9.733097796488252,4.919261718030733,3.114720152066541,-3.1097146648607232,50.93756877694803,37.775110000000005,-122.4194,4.97040225049543,0.14300303889213692,-0.24861665677213565,3,16.328606019435995,0,9.736979518056886,6.60082894589929,4.972458989359532,11.675302966346734,3.4648166649255074,1.8466521667670932,0.14055011253973465,16.98484094418935,-0.12278500019284877,False,False,0,0.05,NORMAL_FLIGHT
4220.0,0.2271131280361198,0.12090306527107336,9.64858567245296,0.629432652883289,3.2077082246800597,4.025162097353214,50.93725206992476,37.775111,-122.4194,5.341952650332915,0.020104766428169444,0.1120056637899783,3,16.321195674394023,0,9.652015509870612,5.185316521598727,5.341990482959697,4.248200409313707,0.015835351163318023,-0.3705172520986011,0.09444452952418639,16.98484094418935,0.29685479145236116,False,False,0,0.05,NORMAL_FLIGHT
4240.0,0.19080035269864049,0.17646661246468184,10.049353133968731,-2.382757116096207,-3.935181394666495,6.694383715424684,50.829193964746175,37.775112,-122.4194,5.2325979191354675,0.12910522327024337,0.07911536503642258,3,16.315506581976344,0,10.052713248228653,8.1226816638706,5.2341903998628565,20.03488691790203,5.40290525892928,-0.284454620883956,0.04702532519072117,8.1226816638706,1.671283294172099,False,False,0,0.05,NORMAL_FLIGHT
4260.0,0.1302782502611596,-0.09041806656661608,9.252198968501983,-6.522947219002363,-4.8913282463312004,-1.121264436113449,50.89072625495508,37.775113000000005,-122.4194,4.969383899103719,0.19017657087015444,0.04567707777004593,3,16.311487891580057,0,9.253557888833997,8.229894675567904,4.973021562870929,39.95776796973276,-3.076614510445097,-0.20093451981431087,0.08696457717684815,8.229894675567904,1.705127636970758,False,False,0,0.05,NORMAL_FLIGHT
4280.0,-0.06305384892806913,-0.09400842955190031,9.823647442899226,-4.467975068595602,-2.5331741689395963,-19.13340334722803,50.95176201472985,37.775114,-122.4194,5.143121813594618,-0.11326072905212539,-0.33359015494690963,3,16.358243436011104,0,9.824299591068666,19.810777274793924,5.144368764213761,28.53708511173343,-3.0517879887387522,2.3377772215523507,0.08569025368122177,19.810777274793924,0.5510309551668513,False,False,0,0.05,NORMAL_FLIGHT
4300.0,0.15179384409865349,0.0531756459304097,9.977500926963511,-8.206900578010485,1.1993637614236254,-9.650455805761796,50.93009448697562,37.775115,-122.4194,4.921352718167431,0.12757718207583224,0.12838887832702683,3,16.30070050747012,0,9.978797210485043,12.724896376337474,4.923006044481397,7.724880970818848,1.0833763877116098,-2.877146427049304,0.10138342921921167,19.810777274793924,0.07474289972407178,False,False,1,0.9,RAPID_VOLTAGE_COLLAPSE
4320.0,-0.15456504290751438,-0.08734394720811911,10.366994230968587,0.06111774207584733,7.427386846362748,8.96499670200166,50.911555957142596,37.775116000000004,-122.4194,5.006791377033034,-0.14089039044254048,-0.10264341106358853,3,16.33486454319936,0,10.368514295815908,11.642206689920062,5.008773302441567,19.485854266543257,0.9269264916511588,1.708201786462027,0.16813902445975898,19.810777274793924,0.25696112782163993,False,False,0,0.05,NORMAL_FLIGHT
4340.0,-0.04736372134800178,-0.013226522925164491,9.665470208671959,-5.983327961421979,-10.237185928853751,-27.40426422034931,50.90793858338506,37.775117,-122.4194,4.927713160729938,-0.10471843552482284,-0.05076919783833868,3,16.315495987584853,0,9.665595305915398,29.859569432504763,4.928825716656027,35.14594949502552,0.18086868787676735,-0.9684277807252784,0.167695847113291,29.859569432504763,-0.7874461863888627,False,False,0,0.05,NORMAL_FLIGHT
4360.0,-0.0970727095658207,0.4199443578333031,9.907337581305756,-1.3278025625927061,-1.1036437847918328,11.874271516819999,50.91053961590704,37.775118,-122.4194,5.153291191969942,-0.08034094597924371,-0.017059266479006883,3,16.313388513416108,0,9.91670884540692,11.999142190344278,5.15391742045173,12.555676974576091,-0.13005162609900367,-0.10537370843728411,0.06844383827413479,29.859569432504763,-0.19813360951964398,False,False,0,0.05,NORMAL_FLIGHT
4380.0,0.016374827877264513,-0.049405140149199334,9.268841162231292,6.850509268051854,-6.663392205126018,5.212299906445414,50.91689831186676,37.775119000000004,-122.4194,5.286597655341915,0.05036366361778612,0.04074180346519754,3,16.337289629411554,0,9.268987296006737,10.88569443011007,5.286837548864126,32.38607747000914,-0.3179347979859415,1.1950557997723266,0.16523709714415355,29.859569432504763,0.34863702863091817,False,False,0,0.05,NORMAL_FLIGHT
4400.0,0.46293171333470173,-0.07166803040424445,9.092413138706092,5.996497864607928,-8.261213386767448,13.161760815300221,50.94480991721068,37.77512,-122.4194,5.159729641438228,0.0033015876934859635,0.063942804219255,3,16.342157060880442,0,9.104472459330536,16.656457637238642,5.159730697741653,8.22574183381004,-1.3955802671958395,0.2433715734444064,0.25732678575931867,29.859569432504763,-0.1471543023505717,False,False,0,0.05,NORMAL_FLIGHT
4420.0,-0.37345303851834966,-0.12950836112703185,10.06343231273451,-0.16138447051308905,4.834783226724083,-1.9856918688096046,50.93617859956025,37.775121000000006,-122.4194,5.184387320257072,-0.0167136084162836,0.08928405543192965,3,16.30726503887631,0,10.071192059561245,5.229163030026116,5.184414261143547,48.33598001153545,0.431565882521312,-1.7446011002066442,0.17040020571364883,29.859569432504763,-0.24622642417654106,False,False,1,0.9,RAPID_VOLTAGE_COLLAPSE
4440.0,0.1372520380749027,0.14883839429998735,9.80833191190558,-0.43542363071574963,2.723122872496693,-20.61405424022905,50.98333826473414,37.775122,-122.4194,5.184606687447146,0.014623527902236097,0.08158535100785162,3,16.327189657186242,0,9.810421289816196,20.797697568144546,5.184627310722534,13.038538487252449,-2.3579832586943184,0.996230915496632,0.1789546787624578,20.797697568144546,-0.7539968134907582,False,False,0,0.05,NORMAL_FLIGHT
4460.0,-0.32254317423793033,-0.0362448346436206,10.163553806939527,9.39937274710504,2.247167579736311,4.30362641506498,51.0056356535904,37.775123,-122.4194,5.110251184466942,0.05912895892934729,0.025292720421312587,3,16.317633004831794,0,10.168735111794424,10.579185719651772,5.11059325344229,17.915691098911424,-1.1148694428133155,-0.4778326177223846,0.22723824412001173,20.797697568144546,-0.9509603768336206,False,False,0,0.05,NORMAL_FLIGHT
4480.0,-0.0943863731578867,-0.1298746076642852,9.397979133309075,2.603780601793556,4.605129198654967,12.746531240383412,50.975287481296775,37.775124000000005,-122.4194,4.772142768157947,0.06682481239413528,0.04159226590575908,3,16.309653495152386,0,9.399350402621803,13.800758929154993,4.772610622629265,38.469235458631076,1.5174086146814147,-0.3989754839704318,0.20353633425115777,20.797697568144546,-0.5838916943001493,False,False,0,0.05,NORMAL_FLIGHT
4500.0,0.21779011939347323,0.2642608064546024,9.965970641858625,-1.6390322993826145,-2.39859448383068,9.24721805513421,51.042043114686976,37.775125,-122.4194,5.3401943038833,0.10941668356151311,-0.10907537158222465,3,16.31273942601672,0,9.971852242403187,9.692818173033194,5.341315120255427,28.62509198906924,-3.337781669510065,0.15429654321668096,0.09103288629792865,20.797697568144546,-0.9723319747629944,False,False,0,0.05,NORMAL_FLIGHT
4520.0,0.012856003819092555,0.28392060090272747,10.370645352163157,-7.13009058560226,-2.1631875816676414,-6.626914834880354,50.97413026538085,37.775126,-122.4194,5.360882165339685,0.18200348127674396,-0.07510268068190223,3,16.294043725654078,0,10.374539083968717,9.971638406056067,5.363970810682509,20.134342078276468,3.395642465306281,-0.9347850181320894,0.1377817945266704,20.797697568144546,-0.37951665820600056,False,False,0,0.05,NORMAL_FLIGHT
4540.0,-0.21554895558586123,-0.12008471314774104,9.93591168250718,1.9693660908237163,10.928653083612872,0.8676107546264671,50.96952197483978,37.775127000000005,-122.4194,4.953224079337327,-0.0021362372441476973,0.08954602236748323,3,16.300831488871747,0,9.938974929698162,11.138519176407199,4.953224539997826,21.778207713527742,0.23041452705356846,0.33938816088348034,0.13243802023783688,13.800758929154993,0.1381628989435768,False,False,0,0.05,NORMAL_FLIGHT
4560.0,-0.14306074185199366,-0.37330799027212325,9.892974451677315,4.146618862914312,-1.2328552712978718,-5.32836268779924,51.01786784489355,37.775128,-122.4194,4.9258604169567635,-0.05210889621309163,0.08372094867286813,3,16.294490345930708,0,9.901048870347037,6.8633686369722895,4.9261360298316985,1.8963029675562737,-2.417293502688622,-0.31705714705196897,0.12026227659672736,13.800758929154993,-0.12232191303148454,False,False,0,0.05,NORMAL_FLIGHT
4580.0,0.13591954978693518,0.20150273796738444,9.812566824247305,-3.1582576225682195,3.675660565270456,-8.192664641893721,50.981714189647946,37.775129,-122.4194,5.122482330583075,0.06135361291851883,0.0723799416444421,3,16.323280160641733,0,9.815576659460282,9.518656719103287,5.12284974335125,4.273610544337725,1.8076827622802938,1.4394907355512743,0.047149595509106954,11.138519176407199,-0.06426708351170873,False,False,0,0.05,NORMAL_FLIGHT
4600.0,-0.14607332634342735,-0.1369259651520008,9.338735562862226,1.4560137756901625,0.031907704816574886,9.55388571179851,50.997191971986304,37.775130000000004,-122.4194,5.110162567036701,-0.11442548162646203,-0.051441676165652754,3,16.30249817878973,0,9.340881545639549,9.664249914542458,5.111443499872475,23.734755691036646,-0.7738891169179141,-1.039099092600182,0.1357802805078711,11.138519176407199,0.4485114270067214,False,False,0,0.05,NORMAL_FLIGHT
4620.0,0.043291717916394974,0.15812511983255373,10.216671880713104,-1.8178664745751454,-9.241292650392076,-11.97532311265162,51.024358951836255,37.775131,-122.4194,4.959610786249396,-0.06787041321116115,0.0910492131943696,3,16.277597495395643,0,10.217987181657454,15.23530413290076,4.960075155082915,43.85528180089526,-1.3583489924975822,-1.2450341697043399,0.1015177925874258,15.23530413290076,-0.5022868645540512,False,False,0,0.05,NORMAL_FLIGHT
4640.0,0.009114367980762757,-0.39402076354236715,9.626742708058481,-0.9201619959950136,-10.223145019006342,-8.938164305816127,50.98133275843719,37.775132,-122.4194,4.749994868882479,0.099938094639279,-0.1161244452480358,3,16.288232606212077,0,9.634807242543223,13.610663956481813,4.75104608240859,29.158996955711558,2.1513096699532497,0.531755540821699,0.1054090071514301,15.23530413290076,-0.118107835974115,False,False,0,0.05,NORMAL_FLIGHT
4660.0,-0.13032006952116343,0.17851946765986185,9.961344976914905,-12.439110287811657,-2.894921099699524,-11.040256334723855,50.97770887245749,37.775133000000004,-122.4194,5.061140238149956,-0.012412837481770418,0.1077359809862273,3,16.23786563255849,0,9.963796779840573,16.88192207250814,5.061155459848565,16.449476864867485,0.18119429898497685,-2.5183486826794166,0.10992960920425383,16.88192207250814,0.4015897243606048,False,False,1,0.9,RAPID_VOLTAGE_COLLAPSE
4680.0,0.4287888178650652,-0.24223438585615625,9.341089708028624,-1.1089070185806775,5.280506258349945,-14.902475232990467,50.96988368094703,37.775134,-122.4194,5.110287307635109,-0.1208192458358039,-0.026087080124589018,3,16.291110648212484,0,9.354062982546969,15.849201531630062,5.111715334087064,30.486689864680194,0.3912595755231507,2.662250782699793,0.14769035668086541,16.88192207250814,0.11830508700917619,False,False,0,0.05,NORMAL_FLIGHT
4700.0,0.12678380446360224,0.1461528238133049,9.456162100647667,4.846846512040272,3.941458283180018,1.4641429184260344,50.942296788355414,37.775135000000006,-122.4194,5.14516422960776,-0.14898030653651742,0.16841704063406326,3,16.30090297633946,0,9.458141279062614,6.416442082252628,5.147320670151698,5.203914825782263,1.3793446295807144,0.4896164063488584,0.12924999089596306,16.88192207250814,0.5489518363089019,False,False,0,0.05,NORMAL_FLIGHT
4720.0,-0.40502851733152145,0.0028546135672868215,10.240526219766672,-3.157012777832791,4.570385821120168,11.615030484819759,51.05738053095796,37.775136,-122.4194,5.069858554470842,0.004871667939380729,-0.1521442092065485,3,16.296576932847575,0,10.248533236829505,12.874940364777931,5.069860895082791,39.519597888344556,-5.754187130127164,-0.21630217459431833,0.1369544163679714,16.88192207250814,-0.3302157912170145,False,False,0,0.05,NORMAL_FLIGHT
4740.0,0.03729086295388553,-0.190787883879329,9.705809313312647,0.26263184107658133,-4.935230894681577,-1.8487675624526565,51.01922521328568,37.775137,-122.4194,4.945776970327618,0.114189653696801,0.17634040459185218,3,16.338052311642933,0,9.70775592253336,5.276686551970273,4.947095018011522,27.038865714807248,1.9077658836138767,2.073768939767895,0.13447848018857222,16.88192207250814,-0.3789245484848891,False,False,0,0.05,NORMAL_FLIGHT
4760.0,-0.1323572929536776,-0.0814072625853561,10.245982642812764,-3.779753533459602,8.079362450611567,-15.057478005641665,51.069471727989075,37.775138000000005,-122.4194,5.198800407901255,0.11285457775311865,-0.036146432916346186,3,16.309096920218003,0,10.247160870808075,17.50115076994753,5.200025176565407,26.97024741373575,-2.512325735169796,-1.4477695712464822,0.1813305189989741,17.50115076994753,-0.9176285553158436,False,False,0,0.05,NORMAL_FLIGHT
4780.0,0.1704866669592448,0.13726369139134018,9.786530802282446,1.8022083814638645,-4.824466500931922,8.399445397420276,51.04983167714502,37.775139,-122.4194,5.013169699513184,0.011088050289283736,-0.03794792560117442,3,16.307357411248876,0,9.78897809623703,9.852619705087452,5.013181961686242,22.909138728552314,0.9820025422026646,-0.08697544845635008,0.12150754709113795,17.50115076994753,-0.7994799619799409,False,False,0,0.05,NORMAL_FLIGHT
4800.0,-0.15850414768654014,0.02117889062304685,9.257430668112644,-1.082615987680868,1.0641219933498436,16.857017540349716,50.99549986770075,37.77514,-122.4194,4.907015397127056,0.20089094190961282,0.019483881898559693,3,16.263032568283084,0,9.258811731812802,16.925231264274384,4.911125866660651,26.508318221211358,2.7165904722135537,-2.2162421482896377,0.17250645236613338,17.50115076994753,-0.532030793453373,False,False,1,0.9,RAPID_VOLTAGE_COLLAPSE
4820.0,-0.022947288293379803,0.11688259609449686,10.077620279919516,-4.6962077034100345,-0.051761449538683446,-6.462423241465945,51.000640579858505,37.775141000000005,-122.4194,4.963869323590856,-0.01048203659404627,-0.06970789128006968,3,16.287754682679537,0,10.07832419728374,7.988739587260641,4.963880390861317,40.97562327354689,-0.2570356078877012,1.2361057198226888,0.144404799568538,17.50115076994753,0.5673995109945196,False,False,0,0.05,NORMAL_FLIGHT
4840.0,0.10099745579609143,0.3952881169030971,9.633032304673318,6.662757338325639,-0.8693691015729317,-4.785542667177182,51.03309524907788,37.775142,-122.4194,4.650806193505003,-0.013856762339741077,-0.0072329001302306895,3,16.2844638424028,0,9.641668142200384,8.24921551443258,4.650826836102054,21.83280275416779,-1.622733460968817,-0.16454201383684364,0.14886193636920247,17.50115076994753,-0.13870035792201918,False,False,0,0.05,NORMAL_FLIGHT
4860.0,0.1731510388340243,-0.31284832234221027,10.019606644055113,4.644660067661076,6.692960691478033,5.156606300833943,51.07912072783117,37.775143,-122.4194,4.9635516351642925,-0.2567435909739,-0.07376262652708546,3,16.27762504936051,0,10.02598487215271,9.641534032693958,4.970187331122268,19.215836497616312,-2.3012739376643054,-0.34193965211457567,0.10952557890797822,16.925231264274384,-0.0964899984209211,False,False,0,0.05,NORMAL_FLIGHT
4880.0,-0.24005928141115526,0.3234425149937248,9.817563260262025,-3.0245338196408738,-3.5255526008298026,16.218737477850514,51.15723398336392,37.775144000000004,-122.4194,5.137687303974934,-0.04473629491612157,-0.07010635309791871,3,16.276498634813798,0,9.825822707964145,16.870826042100074,5.137882070416569,10.00810820942828,-3.905662776637797,-0.05632072733554594,0.11035389244313012,16.925231264274384,-1.0740230621890134,False,False,0,0.05,NORMAL_FLIGHT
4900.0,-0.06690024716818968,0.020871187504642588,9.34706453161714,2.488941547088887,-6.7480262785596405,-5.198341457252261,51.30449629786067,37.775145,-122.4194,5.067956604427846,0.08520150349084946,0.04868859503005719,3,16.255483363832624,0,9.347327244071117,8.874313640341109,5.068672749405009,23.924773194651383,-7.363115724837499,-1.0507635490586864,0.08946846287637983,16.870826042100074,-3.089964301599224,False,False,0,0.05,NORMAL_FLIGHT
4920.0,-0.09498906223219124,-0.17975680966462565,9.859288429611171,2.6870600141019034,0.09997743103209636,-13.32449780998205,51.317022008048454,37.775146,-122.4194,5.3041328345962375,0.1563961336859704,-0.09015654953035161,3,16.265278333605224,0,9.861384475357873,13.593105932579116,5.306438059345821,25.70286156433781,-0.6262855093890352,0.4897484886299708,0.06693679142181484,16.870826042100074,-3.1638142818994908,False,False,0,0.05,NORMAL_FLIGHT
4940.0,-0.1306658465147424,-0.266062725147798,10.46886694264584,3.21150617505588,-1.9991336714326324,6.3141860627240645,51.283867399357185,37.775147000000004,-122.4194,4.947405017196859,-0.08302346336672846,-0.07681942350054823,3,16.30742684054154,0,10.473062493844928,7.360655744115234,4.948101585421833,30.583900924352747,1.6577304345634758,2.1074253468158943,0.1641219667592073,16.870826042100074,-2.507721502793032,False,False,0,0.05,NORMAL_FLIGHT
4960.0,0.3530908480562194,-0.0378240781554067,9.957895937554339,-8.471279479975388,16.88691459541323,7.9906807314229935,51.30651111569693,37.775148,-122.4194,5.097462632610664,0.04622523292930485,-0.1372791249746409,3,16.286236253433774,0,9.964225775795658,20.512957834797184,5.097672220045283,25.441835902463517,-1.1321858169871746,-1.0595293553883778,0.1612018461477568,20.512957834797184,-2.273903878657606,False,False,0,0.05,NORMAL_FLIGHT
4980.0,0.08099634219219111,0.18433002238489188,9.792744674098362,5.03303270516314,3.382537382199875,0.061314504352268526,51.29320046817661,37.775149,-122.4194,5.158548035261155,0.10468790323232878,-0.050393067996133946,3,16.278116073695543,0,9.794814251259835,6.064382641428997,5.15961019740638,8.470576226791149,0.6655323760160314,-0.40600898691156573,0.1624568392315545,20.512957834797184,-1.3596648481268403,False,False,0,0.05,NORMAL_FLIGHT
5000.0,-0.25217679086700906,-0.025509824075506844,10.13260302058707,-2.848494814628657,-2.0467028760931214,-5.581332596574507,51.33949877466922,37.775150000000004,-122.4194,5.468571401657481,0.0011208153195899086,0.1311602029723922,3,16.28728547015537,0,10.135772681832725,6.591979135704188,5.46857151651627,17.047921528644494,-2.314915324630462,0.45846982299142525,0.0735763986226118,20.512957834797184,-0.3500247680854329,False,False,0,0.05,NORMAL_FLIGHT
5020.0,0.18357238941095522,0.3022309860494695,9.873200539560933,-1.7891396672063344,-5.280557845935433,9.943787309920463,51.27464055985093,37.775151,-122.4194,5.028953098223528,-0.22832804575272303,-0.08459336401029685,3,16.30989108520984,0,9.879530924364213,11.400184997533009,5.034133784536252,12.812087873425604,3.24291074091434,1.1302807527235004,0.07196854266444812,20.512957834797184,0.4238144819752421,False,False,0,0.05,NORMAL_FLIGHT
5040.0,0.4244312394025267,-0.2902351380103118,9.872860269078839,13.189408761301,-9.401442052843924,5.280360045479643,51.39305728697095,37.775152000000006,-122.4194,4.7911625642271956,0.024728999957425234,-0.07316332651872413,3,16.28577705684073,0,9.886240347324765,17.03613272886671,4.79122638165752,0.3354711480276329,-5.920836356001047,-1.205701418455618,0.016557154412176613,20.512957834797184,-1.0918988761376625,False,False,0,0.05,NORMAL_FLIGHT
5060.0,0.2064930521102294,-0.0024177895692109124,9.482512448352269,1.5093669036050588,-5.126095428687165,-7.684355169034928,51.43585969170973,37.775153,-122.4194,5.1695857506710565,0.07614306240608931,0.019392194648153553,3,16.295649903829226,0,9.484760806653583,9.359719929441242,5.170146477566551,20.07397703355913,-2.1401202369389694,0.49364234942483876,0.05483692026328085,17.03613272886671,-1.2934857601280214,False,False,0,0.05,NORMAL_FLIGHT
5080.0,-0.3038739931908027,-0.2504786888826238,9.88015440773688,-1.9316123772358775,0.5747088587956587,0.49094731305671496,51.35165949081992,37.775154,-122.4194,5.373145471193691,-0.09474228950184589,-0.03707964337995265,3,16.267059899150237,0,9.887999297028928,2.074233813355345,5.373980680652781,20.161924518767282,4.210010044490531,-1.4295002339494545,0.05464423536040501,17.03613272886671,-0.5845902264331215,False,False,0,0.05,NORMAL_FLIGHT
5100.0,-0.09684681457325028,0.07272637652499357,10.120633024925084,-11.02647186377953,7.136643257973847,-13.517075320246466,51.31620804570417,37.775155000000005,-122.4194,4.935490257954676,-0.0254154530874387,0.222815443334965,3,16.270768971770458,0,10.121357678520194,18.847442372044046,4.935555696334624,11.667919074563304,1.7725722557873524,0.1854536310110788,0.05266112105339102,18.847442372044046,0.23290728965044138,False,False,0,0.05,NORMAL_FLIGHT
5120.0,0.25338222983732456,0.17737747801946008,9.559181354369993,6.948820669731778,5.608445711939595,6.858904564379201,51.357012097909866,37.775156,-122.4194,5.168216307721283,-0.11554960421287641,-0.01625279646762567,3,16.289370683274058,0,9.564183890423731,11.259899814257988,5.169507859983383,27.858689404823167,-2.0402026102846804,0.930085575179973,0.06820547509383851,18.847442372044046,-0.8237153805893627,False,False,0,0.05,NORMAL_FLIGHT
5140.0,-0.14153389312375617,-0.08415235873621066,10.237348746374085,-6.726048354043012,1.145474158231897,-2.622335693828559,51.41582930071844,37.775157,-122.4194,5.245745611045784,-0.25701475485803527,0.033521834621737176,3,16.319293794526924,0,10.23867290312913,7.309478914343286,5.252038042514624,33.72445063526994,-2.940860140428825,1.496155562643331,0.11019868914739253,18.847442372044046,-0.22772013747491826,False,False,0,0.05,NORMAL_FLIGHT
5160.0,0.0887638856292457,-0.5208427713254269,9.782488192756462,-5.017194517497518,-1.6158383285124234,-4.357108323847371,51.35221741935684,37.775158000000005,-122.4194,5.203413108794031,0.10270044117876564,0.0943768784799322,3,16.30918579233787,0,9.796745962882449,6.838681691381535,5.20442651609069,22.09634701233405,3.1805940680801115,-0.5054001094526583,0.07122549625468926,18.847442372044046,0.8364227235288979,False,False,0,0.05,NORMAL_FLIGHT
5180.0,0.15492681068586736,0.03978962935929891,9.543669146538438,-1.656761495439246,1.3440617820607712,-0.3287448515243416,51.38786871187849,37.775159,-122.4194,5.025111704494716,-0.0003748533801851623,0.09245778658628506,3,16.29139643132409,0,9.545009497630872,2.15857219109536,5.025111718476003,12.58682326257885,-1.7825646260824612,-0.8894680506889685,0.10054916376683681,18.847442372044046,-0.3620922105857005,False,False,0,0.05,NORMAL_FLIGHT
5200.0,-0.1853860943156166,0.08734771034670191,10.109289623076073,7.082058958501463,-2.5931899874228796,0.40307699330247826,51.290501718245395,37.77516,-122.4194,4.8603052483573705,0.1597674996704983,0.023328758155737934,3,16.281918119925574,0,10.11136658962091,7.5526594299684175,4.862930470525068,28.317854599501935,4.868349681654749,-0.4739155699258646,0.09922950449513487,11.259899814257988,0.2570632745877788,False,False,0,0.05,NORMAL_FLIGHT
5220.0,-0.011905071212360016,0.08085895099233953,9.72396172927852,3.866199933328796,8.591819978819379,8.949300615655606,51.286034924971844,37.775161000000004,-122.4194,4.983744090397283,0.08573221919061773,-0.016112748668600123,3,16.306060406622297,0,9.724305199506516,12.994493217601262,4.984481434610545,19.353069505719755,0.22333966367753533,1.2071143348361346,0.08137891238066292,12.994493217601262,0.7097717293802219,False,False,0,0.05,NORMAL_FLIGHT
5240.0,-0.6482534680138146,0.24715643836443082,10.037854466245832,-0.7891875492012999,-0.9459509063753999,5.910905313252215,51.341637267077004,37.775162,-122.4194,5.091720090775526,-0.035420976166544896,0.2024028536379257,3,16.29308216075805,0,10.06180108873895,6.0379170023543765,5.091843293774832,16.8747944616217,-2.7801171052580287,-0.6489122932123337,0.05620084287451379,12.994493217601262,0.7419203364143812,False,False,0,0.05,NORMAL_FLIGHT
5260.0,-0.20487752826685798,-0.21421073592980977,9.722472410322439,1.5414603181941051,-0.4316892912336344,-1.5640927879280269,51.31406148057185,37.775163,-122.4194,5.181644504818346,-0.008318066010440868,-0.009976027531426665,3,16.23046492863713,0,9.726989812396091,2.2380441921421785,5.181651181287323,16.740563817142906,1.3787893252576566,-3.1308616060460537,0.05895628632934066,12.994493217601262,0.3815593878498902,False,False,1,0.9,RAPID_VOLTAGE_COLLAPSE
5280.0,-0.050513630278632066,0.1360432210900899,9.792052156941029,-3.0019284643555286,-11.079112125103341,7.636681497189953,51.23871536561495,37.775164000000004,-122.4194,5.066789009599808,0.056617739077017254,-0.044169010442848065,3,16.25440912691483,0,9.793127428411312,13.786848961065875,5.0671053310721295,3.306880800761025,3.767305747845029,1.1972099138850112,0.03543002107755387,13.786848961065875,1.4915334626353882,False,False,0,0.05,NORMAL_FLIGHT
5300.0,-0.2495566363929699,0.23850150249559499,9.958068061300288,0.6982684478267541,-0.9771742326138193,4.00737253691613,51.24602610543383,37.775165,-122.4194,4.924018406691885,0.09668834167557434,-0.06458489882940185,3,16.28140012516649,0,9.964049427564543,4.183477376028752,4.92496760444741,8.546099957661557,-0.36553699094383774,1.3495499125829369,0.0229874882723421,13.786848961065875,0.4447561281156709,False,False,0,0.05,NORMAL_FLIGHT
5320.0,0.3264822607863271,-0.35571751680130337,9.897269117277002,0.3666837238906834,4.182420689824705,-4.2659963628603705,51.21579016210206,37.775166000000006,-122.4194,5.111075931229954,0.032267063074201144,-0.1726803202706756,3,16.238047542135703,0,9.90903938826426,5.985467796920974,5.1111777838535,2.7505019650141627,1.51179716658838,-2.167629151539252,0.01782825805197881,13.786848961065875,0.7024476286978398,False,False,1,0.9,RAPID_VOLTAGE_COLLAPSE
5340.0,-0.28602827559212657,0.06393036518379545,9.21134046586448,4.843849478406766,-5.338612885192726,-1.2471815823648589,51.24726808040535,37.775167,-122.4194,5.172017013548564,0.11055931452894843,0.08216157522371632,3,16.25498468813898,0,9.216001977218927,7.315676811259325,5.173198560896819,34.65187055226666,-1.5738959151644139,0.8468573001637836,0.08867238526576134,13.786848961065875,0.9436918667165628,False,False,0,0.05,NORMAL_FLIGHT
5360.0,-0.08800889733939676,-0.1008359662015343,9.473626877971682,4.835890612194747,-3.753601672464064,-1.4822288884312078,51.20300175879444,37.775168,-122.4194,5.075922011282896,-0.029666873667447153,-0.23480683971008265,3,16.25808974414835,0,9.474572269032421,6.298600321209333,5.076008706456225,12.928514590674745,2.213316080545269,0.15525280046855272,0.10076555979700719,13.786848961065875,1.1105972177740853,False,False,0,0.05,NORMAL_FLIGHT
5380.0,0.02614811545721827,-0.01630453462032918,10.088822995437246,2.469886911028224,3.9635550886683237,5.052613431742017,51.16436991431179,37.775169000000005,-122.4194,4.832762577092335,-0.09971435467856864,-0.0005722840904920714,3,16.26611229968399,0,10.08887005541525,6.8803352232865045,4.833791170403734,30.714889319141392,1.9315922241325723,0.4011277767819621,0.13626449090008566,7.315676811259325,0.7434545130315939,False,False,0,0.05,NORMAL_FLIGHT
5400.0,0.2882546578132231,0.06953529670766727,9.770359023329537,-1.8117377877305114,-7.383286117590266,-3.6702261472164177,51.063319798267976,37.77517,-122.4194,4.963718793056562,-0.006480925356113023,-0.020486063427138504,3,16.264636588431774,0,9.774857612773506,8.441911375832067,4.963723023994828,15.700622132087183,5.052505802190765,-0.07378556261077307,0.12133100599060512,8.441911375832067,1.8270630716585146,False,False,0,0.05,NORMAL_FLIGHT
5420.0,-0.2871724302358879,-0.09744571282271047,9.652880609168575,3.709111471950633,5.289005037709592,-3.904091864216333,51.07181703382055,37.775171,-122.4194,5.189564155282493,0.020518489073618362,0.22399651922314479,3,16.263752358840357,0,9.657642969508544,7.548047130517496,5.189604718105875,5.860732163248095,-0.4248617776287489,-0.044211479570854806,0.10677357454734795,8.441911375832067,1.4397312828150888,False,False,0,0.05,NORMAL_FLIGHT
5440.0,0.23263275043099194,-0.13514161583232237,9.402427795422758,-0.45984233101523303,-2.66071945086551,19.687573094339587,51.06377178690672,37.775172000000005,-122.4194,4.723396438251105,-0.12015353947392869,-0.18316512287136266,3,16.28519049251589,0,9.406276080417868,19.8718750325824,4.724924421187215,12.568344454533786,0.40226234569153974,1.0719066837767244,0.0734492194374688,19.8718750325824,1.8349629349862795,False,False,0,0.05,NORMAL_FLIGHT
5460.0,0.00204661220391741,0.00683048349760492,9.486079103617246,-5.409571843565665,-1.9428411024560146,9.397354817471042,51.00435255336972,37.775173,-122.4194,4.581364395521768,-0.1336722084146622,-0.09011032869843572,3,16.26252943964947,0,9.486081783550578,11.015823920412723,4.583314083047003,3.990285156635487,2.9709616768499814,-1.1330526433210864,0.07229097254987674,19.8718750325824,1.986492054247222,False,False,0,0.05,NORMAL_FLIGHT
5480.0,-0.1963017302095902,-0.21744918777256053,9.203460408011416,-2.0164389595546934,-5.61939202562797,-7.606006644251391,51.01404248905807,37.775174,-122.4194,5.301616570028804,0.04473862964734275,-0.013609645868164936,3,16.25929088910445,0,9.20812152397979,9.669277630086828,5.301805334090144,13.898012978539409,-0.48449678441748745,-0.16192752725103787,0.04858785301565534,19.8718750325824,1.50327425253721,False,False,0,0.05,NORMAL_FLIGHT
5500.0,0.09242069485265415,-0.2171650257770371,9.779615784389541,0.4226349189216227,1.890231302139416,5.709409939421983,51.06539600409028,37.775175000000004,-122.4194,5.102283051004376,-0.04063568513704236,-0.01975293374691683,3,16.2391496244504,0,9.782463244170094,6.029009579246834,5.102444864128674,28.717086009515214,-2.5676757516105653,-1.0070632327025208,0.04961957163638998,19.8718750325824,-0.0207620582230561,False,False,0,0.05,NORMAL_FLIGHT
5520.0,0.03981193911469401,0.13587465659130069,9.630468725825686,4.551078918323727,12.2993599251469,1.1835006565517723,51.05461760691934,37.775176,-122.4194,5.121346000504022,-0.01658409056620021,-0.054954459081004485,3,16.285769565360376,0,9.631509476292202,13.16765915769309,5.121372851974209,7.547688393894614,0.5389198585472599,2.3309970454988616,0.047802347147279656,19.8718750325824,0.17199426901214565,False,False,0,0.05,NORMAL_FLIGHT
5540.0,-0.12004337543175894,-0.22975880703173124,9.520023632704406,-0.9176408607857653,3.90748619730316,3.915511752600938,51.06802595441043,37.775177,-122.4194,4.784636605274589,-0.03596926657008235,-0.00809879094021674,3,16.251002265829104,0,9.52355235658649,5.60729394773044,4.784771805705172,5.397855985285549,-0.6704173745546882,-1.7383649765635667,0.04488780705369804,13.16765915769309,-0.042541675037099935,False,False,1,0.9,RAPID_VOLTAGE_COLLAPSE
5560.0,0.013960416998003784,0.13326250018184238,9.789562972449614,-6.045993556198031,-4.321426309702679,1.3734132456510455,51.08169151688969,37.775178000000004,-122.4194,5.147505612693307,0.1520600901763212,-0.12595627288697414,3,16.24184118433542,0,9.790479915650407,7.557448469894345,5.149751091434763,13.346377953195798,-0.6832781239630492,-0.4580540746841777,0.05729132465314553,13.16765915769309,-0.773389635199706,False,False,0,0.05,NORMAL_FLIGHT
5580.0,-0.07706271937235204,0.09251825857079024,9.919191189255821,0.28370841648409706,5.67810292745738,11.896426454852358,51.02147502553074,37.775179,-122.4194,5.055049737513673,0.12617611603950002,0.035719287899493905,3,16.266993177180222,0,9.919921982550889,13.185078904431897,5.056624196140728,6.472103345024127,3.010824567947523,1.2575996422400593,0.023700181221728303,13.185078904431897,-0.07432536472670392,False,False,0,0.05,NORMAL_FLIGHT
5600.0,0.02270346905024961,-0.34516134575811935,10.437959379662985,0.5672802002827619,-1.5833977296712474,3.4562034465144587,51.124304316566125,37.77518,-122.4194,4.683134484430321,-0.12373536900391682,-0.23214853420775783,3,16.246542115222574,0,10.443689377495241,3.8437348321208806,4.684768835364556,26.18836974721761,-5.141464551769204,-1.0225530978823727,0.1286262889562621,13.185078904431897,-0.5890831247584316,False,False,0,0.05,NORMAL_FLIGHT
5620.0,0.13242613490420935,-0.13551293046713103,9.356434974131037,0.9291881445137652,6.8724249071377965,-0.6208869821428741,51.100761825060005,37.775181,-122.4194,5.284856682854771,-0.053279321308044705,-0.0025769355877257073,3,16.250511460461745,0,9.358353266503244,6.962694547138153,5.285125243964781,54.26680554959988,1.17712457530601,0.1984672619585126,0.17500597750449418,13.185078904431897,-0.4614421814066816,False,False,0,0.05,NORMAL_FLIGHT
5640.0,0.31720336322907045,0.2388218806094745,10.157814312990157,4.599357579772151,4.033382010821814,10.421905769830174,51.13356763515302,37.775182,-122.4194,5.031736664723746,0.08500042679695931,-0.06003566942635733,3,16.265349293531404,0,10.165571576723533,12.08463406425896,5.032454563697611,40.36091551101446,-1.640290504650821,0.7418916534829734,0.16639029300442476,13.185078904431897,-0.6554168074259081,False,False,0,0.05,NORMAL_FLIGHT
5660.0,-0.24756309976536983,-0.19623310622793633,10.101930468304522,5.094616200449492,-14.715707827358667,2.33285041087872,51.17202839901447,37.775183000000006,-122.4194,4.920783206784146,0.06019362371032422,0.10162879427566357,3,16.252800012356825,0,10.106868659817664,15.746407911952636,4.921151353139248,2.935145845293441,-1.923038193072557,-0.6274640587289326,0.1634529698865735,15.746407911952636,-0.9033688212478097,False,False,0,0.05,NORMAL_FLIGHT
5680.0,0.42660667493125337,-0.09288085246187754,9.57627217818699,-2.971054361908333,-5.020398164775138,1.2147857932905783,51.16504864265869,37.775184,-122.4194,4.924402050802956,-0.004145796232978563,0.17553110706333047,3,16.304711427125824,0,9.586219741825666,5.958797385200533,4.924403795951219,26.03244589959992,0.348987817789137,2.595570738449915,0.19889880293499795,15.746407911952636,-1.435736171279487,False,False,0,0.05,NORMAL_FLIGHT
5700.0,-0.3904175599045004,0.0924121786503793,9.87097078637581,-3.080717290244717,4.721926114176949,3.1402260248611453,51.19538839391167,37.775185,-122.4194,4.596955618913524,-0.11376002049642353,-0.03310521687503577,3,16.256132243540822,0,9.87912091976454,6.453559075221532,4.598363002691715,14.645058896943741,-1.5169875626490636,-2.4289591792500786,0.11824413812556518,15.746407911952636,-0.7108407734554589,False,False,1,0.9,RAPID_VOLTAGE_COLLAPSE
5720.0,-0.030357019007116667,0.1566781018565191,9.672710025198716,-5.200993554777366,0.7582863607250878,-0.9360902336636651,51.20767935500249,37.775186000000005,-122.4194,5.118667319926272,-0.06825400461535457,0.1390725929141431,3,16.269135153572183,0,9.674026504397439,5.338688704846715,5.11912236044688,10.254720768355075,-0.6145480545409754,0.6501455015680335,0.06543133126368043,15.746407911952636,-1.069175299424856,False,False,0,0.05,NORMAL_FLIGHT
5740.0,0.1176634412969153,-0.050307777208899146,9.865706574125623,3.4940783514023814,-5.118779738539253,0.09226992995468902,51.13679736714112,37.775187,-122.4194,5.052371441449145,-0.051676756754628975,-0.031611628063041075,3,16.217094083032134,0,9.86653646243762,6.198306484628895,5.052635715105492,9.625497902009084,3.5440993930684783,-2.602053527002468,0.040970849434176976,15.746407911952636,-0.032297319880996156,False,False,1,0.9,RAPID_VOLTAGE_COLLAPSE
5760.0,0.05619837354700653,-0.11950203893832832,10.262739304021366,7.244100541688577,-3.1679475774690635,-5.866945887618727,51.120183732078615,37.775188,-122.4194,4.961183973533381,0.02769943311191006,-0.09661265231290901,3,16.23786455613109,0,10.26358889554744,9.84550346909345,4.9612612990890925,19.852621655490932,0.8306817531252619,1.0385236549478094,0.06816199028424633,9.84550346909345,0.5184466693585676,False,False,0,0.05,NORMAL_FLIGHT
5780.0,-0.12453990396411876,0.28447397233970156,9.991681869789394,-1.575409639544617,-9.531183100446903,-7.511672196238788,51.08955618696091,37.775189000000005,-122.4194,5.255697041490334,0.17037271546972377,0.17459036321856197,3,16.232488839658448,0,9.996506500557892,12.237262194231256,5.258457782858657,13.354119749477356,1.5313772558851468,-0.2687858236321006,0.04691650914246893,12.237262194231256,0.7549245569777696,False,False,0,0.05,NORMAL_FLIGHT
5800.0,-0.041624450071455044,0.3477799327595158,9.962582511970034,-1.2071528236249656,-0.4418664376319801,-9.985703864824396,51.06646893489361,37.77519,-122.4194,4.7232281962008305,-0.0686880234788128,0.05207764447340068,3,16.234289093878118,0,9.968737823028807,10.068105361201788,4.7237276210590275,1.3884338764542647,1.1543626033652998,0.09001271098352248,0.04597606149704146,12.237262194231256,1.2891945901806423,False,False,0,0.05,NORMAL_FLIGHT
5820.0,-0.09860018693176657,0.1957716101563591,9.680907204013607,7.33391278449488,11.053448630078822,-13.919832867970761,51.00126877600177,37.775191,-122.4194,4.880645504726477,-0.10260352475552402,0.00044385226098143574,3,16.260837023008303,0,9.68338849850241,19.228279965212902,4.881723878518635,14.267466226319847,3.260007944591692,1.3273964565092555,0.044683601066415675,19.228279965212902,2.0641057900071758,False,False,0,0.05,NORMAL_FLIGHT
5840.0,-0.11787295138884231,0.017063628513004813,9.3647830005227,2.5277892660750383,4.024666953661628,-8.797173613845565,51.05759046183907,37.775192000000004,-122.4194,4.829998349047923,-0.01085864768279433,0.06871774750986485,3,16.272387139274507,0,9.365540339295222,9.998896251773033,4.83001055506457,15.892407960359378,-2.81608429186484,0.5775058133101751,0.11723125219098861,19.228279965212902,0.7920690530205121,False,False,0,0.05,NORMAL_FLIGHT
5860.0,0.16992041940420494,-0.16165314432818528,9.747459536837878,2.1811785240052752,10.952085005942116,-1.7426703446692562,51.13769009456974,37.775193,-122.4194,4.944241004045689,0.1031738980514059,0.027421503513016733,3,16.257718022799043,0,9.750280617002435,11.302327444431683,4.945317377006844,19.237013885360632,-4.0049816365336,-0.733455823773177,0.06520407732141477,19.228279965212902,-0.17506362491126026,False,False,0,0.05,NORMAL_FLIGHT
5880.0,0.07140309719300947,-0.16608888131131305,10.171982446459175,-5.954582529868634,4.411985448949901,1.03117582445637,51.186590243369665,37.775194,-122.4194,5.013494005051444,-0.14468829667607033,-0.006921940794151801,3,16.245442095022423,0,10.173588885435542,7.482378785366701,5.015581406166367,21.165413421655366,-2.4450074399961608,-0.6137963888310338,0.09304574007680133,19.228279965212902,-0.9703405640875218,False,False,0,0.05,NORMAL_FLIGHT
5900.0,-0.13858191905213085,0.1045028210531515,9.351849643023106,3.393640346397095,5.137396716763458,-2.712965631476405,51.250116704577025,37.775195000000004,-122.4194,5.086002704762271,0.14536341508749479,-0.13264348273079965,3,16.23650746150689,0,9.353460190411228,6.728285245415679,5.088079601902376,41.0064347512157,-3.1763230603679915,-0.44673167577666817,0.11325159986755522,19.228279965212902,-1.83647769683418,False,False,0,0.05,NORMAL_FLIGHT
5920.0,0.17991997508665014,0.08367964417773675,9.493473189546991,-4.645681702548791,9.870393438725118,-23.55703490127358,51.232884962726615,37.775196,-122.4194,4.930605309378977,-0.01720313621156695,-0.027053673716126672,3,16.270546132092264,0,9.495546676254738,25.96037207854398,4.930635320602373,7.104324292175512,0.8615870925204661,1.7019335292687288,0.1186050858400806,25.96037207854398,-2.316161867248425,False,False,0,0.05,NORMAL_FLIGHT
5940.0,0.06145990417532187,0.2803197185892859,9.847880320870221,-5.67010092967479,1.886316296711132,15.745863577623423,51.201072120977315,37.775197000000006,-122.4194,4.824528852969022,-0.07343200023133738,0.06232554234584728,3,16.288848820939023,0,9.852060864541702,16.841628588977517,4.825087658456431,17.82570941434818,1.5906420874649996,0.9151344423379726,0.10217655453237713,25.96037207854398,-1.4348165913824573,False,False,0,0.05,NORMAL_FLIGHT
5960.0,0.16257242376779202,0.13009001850722784,9.514603564545823,-1.7338578838335608,-0.9361366075344012,10.864801228903818,51.16214276863673,37.775198,-122.4194,5.337201389954089,-0.16001892867621595,-0.012277142568681057,3,16.249274400738997,0,9.516881537371,11.042034262439497,5.339599679232755,16.758966358535066,1.9464676170294126,-1.9787210100012942,0.11011987927556215,25.96037207854398,-0.2445267406698548,False,False,1,0.9,RAPID_VOLTAGE_COLLAPSE
5980.0,0.12592576838472244,-0.30061606035196364,9.572242965865437,-2.9289636172434506,5.163287583110061,4.457598512171287,51.194346014784585,37.775199,-122.4194,5.482328038357714,0.07065207734206273,0.09023257611303859,3,16.264510122712146,0,9.577790074565486,7.423513388736229,5.482783274596571,3.0454268597242873,-1.610162307392926,0.7617860986574243,0.03357113260420132,25.96037207854398,-0.07755771414920787,False,False,0,0.05,NORMAL_FLIGHT
6000.0,-0.16579900218441446,0.21038952354458373,9.682920425481548,-1.1079984719251965,7.269201185609424,19.07490672553268,51.20569916744179,37.775200000000005,-122.4194,5.028657334376405,-0.01711711952415348,0.0383655023866789,3,16.25173984321402,0,9.686624852184089,20.443116520687983,5.028686466897535,5.441738880930114,-0.5676576328603744,-0.638513974906374,0.021506938102939653,25.96037207854398,0.44417537135231555,False,False,0,0.05,NORMAL_FLIGHT
6020.0,-0.11203620803939392,-0.1996121254628826,9.400314778742956,-7.204908172624593,-2.399823213561045,-9.773641174837106,51.20183808186187,37.775201,-122.4194,4.848643926595827,0.01707054827545068,-0.0878136318085407,3,16.259132109134814,0,9.403101352851458,12.377152945923,4.848673976514921,14.17617496663155,0.1930542789960299,0.36961329603979465,0.029235933556109463,20.443116520687983,0.3104688086474283,False,False,0,0.05,NORMAL_FLIGHT
6040.0,0.14945872102465238,-0.07679425439047033,9.51776344613509,4.794081532338362,-3.607845411700146,18.876251206260047,51.26659550907164,37.775202,-122.4194,5.295090826208459,-0.09008117410113639,-0.13191719578321237,3,16.219880650230696,0,9.519246623729371,19.806883294836354,5.295857010505894,5.807263543895669,-3.237871360488498,-1.9625729452059204,0.01065767153903535,20.443116520687983,-0.6552338809432712,False,False,1,0.9,RAPID_VOLTAGE_COLLAPSE
6060.0,0.12207405308669297,0.050040041250338896,10.021028375036193,5.638431472582145,0.6942801621544009,-9.652140767505479,51.28684257676241,37.775203000000005,-122.4194,4.710648578734307,-0.03190960342510237,-0.015717849993016807,3,16.232558434977445,0,10.021896815146615,11.19989981251204,4.710756654203472,25.132509570862194,-1.0123533845384003,0.6338892373374705,0.05564411945991116,20.443116520687983,-1.2469980812568338,False,False,0,0.05,NORMAL_FLIGHT
6080.0,-0.004180318792829626,0.39913349795679287,9.41778906533071,-9.73671237070407,4.157494334658311,2.387379252913566,51.24490969488638,37.775204,-122.4194,4.933045335059035,-0.04865812463547379,-0.05242284481045876,3,16.249380124168596,0,9.426243997654588,10.853013711858091,4.933285304018079,29.782640874601363,2.0966440938014586,0.8410844595575284,0.06508243185382262,20.443116520687983,-0.5056368010179568,False,False,0,0.05,NORMAL_FLIGHT
6100.0,0.0234654766617564,0.6219837112010722,9.33063835965155,4.892289028332751,3.9904552433078084,-12.738373251342043,51.21086425342959,37.775205,-122.4194,4.860776589730739,-0.010059310537820755,0.03363218096216861,3,16.264870129036716,0,9.351375650897326,14.217045335655868,4.8607869985222445,3.7434173378630753,1.7022720728395058,0.7745002434059955,0.07495511126511753,19.806883294836354,-0.05165085987798079,False,False,0,0.05,NORMAL_FLIGHT
6120.0,0.25553297915768497,0.12134461182723655,9.620992506139832,-4.052643149108132,-7.1208380009379955,0.14694095544366792,51.2449639183923,37.775206000000004,-122.4194,4.768092889909902,-0.06695523263758106,-0.07181376587627299,3,16.22340720050972,0,9.625150306434467,8.194622747509637,4.768562971167196,13.688732776857027,-1.7049832481355054,-2.0731464263498367,0.06913166054097653,19.806883294836354,-0.43125836530428785,False,False,1,0.9,RAPID_VOLTAGE_COLLAPSE
6140.0,-0.11831427776716599,-0.03663932374407757,10.029586650752954,4.28487768491393,9.558030335316609,3.861664979983887,51.29705056102503,37.775207,-122.4194,4.943995153415646,-0.15341809606872214,-0.06153923257548771,3,16.198253477509063,0,10.030351394309665,11.163716992253962,4.946374954367971,20.26005439375993,-2.604332131636511,-1.2576861500328107,0.10360717311303158,14.217045335655868,-0.30455051953389045,False,False,0,0.05,NORMAL_FLIGHT
6160.0,0.10941947623400759,0.10690112969611006,9.750923457600933,-0.34223246333207824,-3.205824646984252,-1.5469033113455468,51.32463457263783,37.775208,-122.4194,4.827165584165207,0.2728499745296607,0.10530697175949125,3,16.228103745988435,0,9.752123294406289,3.5759396780177743,4.834870699982561,13.91140499516883,-1.3792005806397611,1.4925134239685889,0.07352961422819122,14.217045335655868,-0.3779199587541626,False,False,0,0.05,NORMAL_FLIGHT
6180.0,-0.04043853048677881,0.17753108517476723,9.670625676565315,0.14387782040499292,-1.325324984442897,7.138774440901376,51.41947901003143,37.775209000000004,-122.4194,5.002530892829731,-0.1363404247337514,0.014820296862789788,3,16.257421223591617,0,9.672339610311232,7.262182017800146,5.004388478638765,3.989184204752849,-4.742221869680208,1.4658738801591298,0.05970314000865038,14.217045335655868,-1.7456931514504959,False,False,0,0.05,NORMAL_FLIGHT
6200.0,-0.04353624064544406,-0.06413352511143834,9.823307639254683,-0.9254882471060935,-4.5132717999390985,0.990144494872573,51.50122936831801,37.77521,-122.4194,5.005435433534493,0.018145900694253897,-0.0702727065427293,3,16.20469027227029,0,9.823613463931292,4.712381240560178,5.005468325041589,7.563692681002987,-4.087517914328842,-2.636547566066305,0.025230423043203123,11.163716992253962,-2.9036511488841654,False,False,1,0.9,RAPID_VOLTAGE_COLLAPSE
6220.0,0.21975537039743803,0.35904227118246446,9.286287770142104,6.060646021167431,13.491644179685437,-5.224147283775093,51.52328116006054,37.775211000000006,-122.4194,4.875733655295604,-0.17720278284240423,0.0017641808735019673,3,16.211979361036807,0,9.295824026153099,15.685904746227017,4.878952705615143,26.389471888909632,-1.102589587126701,0.3644544383258008,0.07253745484069594,15.685904746227017,-2.7831724166824046,False,False,0,0.05,NORMAL_FLIGHT
6240.0,0.16508326979760599,0.04601415183828042,9.95841169613251,-6.1979400626251415,1.2103533514398368,-5.668133178023393,51.48135212708647,37.775212,-122.4194,4.925897328681226,-0.1997047436617975,0.13789112430016826,3,16.237785705387857,0,9.95988620907916,8.48570268033502,4.929943861480561,33.20310914630306,2.0964516487037343,1.2903172175525057,0.06241460381836111,15.685904746227017,-1.8430156606143555,False,False,0,0.05,NORMAL_FLIGHT
6260.0,0.16270192720012772,0.09954861781827885,9.925030509421093,3.0392016936750426,-4.254875403407825,8.109137726156964,51.41585275149988,37.775213,-122.4194,4.953830206419258,0.009782649185226755,0.029378668827472268,3,16.231497483398996,0,9.926863173095704,9.648773305200216,4.953839865625144,1.651151799172812,3.2749687793295124,-0.3144110994430349,0.07300925085968052,15.685904746227017,-0.9121817886205008,False,False,0,0.05,NORMAL_FLIGHT
6280.0,0.2610957614308658,0.13318485041089229,9.687207457771285,5.5066508244477514,4.319617749812229,-6.537420298069675,51.396483664249146,37.775214000000005,-122.4194,5.161969212223886,0.01743675877683033,0.05929508094251296,3,16.244855812872686,0,9.691640600585421,9.577064527322417,5.161998662195092,11.76112862551415,0.9684543625365194,0.6679164736844712,0.07247224625823394,15.685904746227017,0.2299534578228446,False,False,0,0.05,NORMAL_FLIGHT
6300.0,0.00420076832655181,0.08431732212289114,10.111777353538926,3.581700402702053,3.845678896550165,9.15402970484937,51.43414433656995,37.775215,-122.4194,4.9703141197871625,0.12614989908023838,-0.07522345365274426,3,16.2075415228201,0,10.11212976107443,10.555287006394094,4.971914746492903,21.024458024450432,-1.8830336160402084,-1.8657145026292454,0.10124518145308428,15.685904746227017,0.6708503174805713,False,False,1,0.9,RAPID_VOLTAGE_COLLAPSE
6320.0,0.13639059425899278,0.16778810009392245,9.47175117031409,11.623494571617087,-0.9386351178994196,12.22711792831931,51.52547669053555,37.775216,-122.4194,5.164940348157219,0.03995468410157058,0.10264193771346004,3,16.224766060933035,0,9.474218990137485,16.896421951821438,5.165094885556709,31.895538546847213,-4.5666176982798845,0.861226905646717,0.06288252700609526,16.896421951821438,-0.021955304750065352,False,False,0,0.05,NORMAL_FLIGHT
6340.0,-0.06205335131869121,-0.12345063730938464,10.148372697976072,-2.6447338136234944,4.203033563916916,-16.6871386234613,51.54634904225609,37.775217000000005,-122.4194,5.117162596710931,-0.014981071874579097,0.23181022604638019,3,16.254318915651865,0,10.149313232691565,17.410361958412857,5.117184526054524,33.754712127703975,-1.043617586027068,1.4776427359414868,0.08208183400729066,17.410361958412857,-0.6499691516962258,False,False,0,0.05,NORMAL_FLIGHT
6360.0,0.06483327049768843,-0.11166035078920611,9.856348099678575,4.786524112967657,-4.126459804154322,11.329263873010348,51.60478518196765,37.775218,-122.4194,5.114306139380148,-0.09496002440650042,-0.07914676425128536,3,16.20570685851846,0,9.857193781646947,12.972690680950485,5.115187649885072,14.605972552230906,-2.9218069855780016,-2.4306028566702054,0.0811008100751316,17.410361958412857,-1.8893243046777286,False,False,1,0.9,RAPID_VOLTAGE_COLLAPSE
6380.0,-0.026028610873536917,-0.220030846594339,9.709034223036548,-0.5304531767071017,-2.4645913747462616,20.60422698444699,51.59251980765826,37.775219,-122.4194,5.277569194069194,0.14990120682335487,-0.11818939743719895,3,16.258252603104793,0,9.711562006501937,20.757884305578106,5.279697621075971,7.281588757250468,0.6132687154693173,2.6272872293166216,0.07953409000840918,20.757884305578106,-1.960361434091169,False,False,0,0.05,NORMAL_FLIGHT
6400.0,0.01939919299854364,0.08790024612404529,9.804037909389507,6.167030381763348,-10.051083272830315,2.5200376120192844,51.62365826391964,37.775220000000004,-122.4194,4.776121824050818,0.0928851246050224,0.01755422438351482,3,16.20651559224821,0,9.804451137657031,12.058487809545333,4.7770249449366915,4.644456557754673,-1.5569228130686952,-2.586850542829211,0.059815773567410316,20.757884305578106,-1.8951392734968664,False,False,1,0.9,RAPID_VOLTAGE_COLLAPSE
6420.0,0.11903140508738273,0.15578730070242283,9.777820570256718,-0.03844497860684737,-6.619755421097814,5.990841852948224,51.664826105393495,37.775221,-122.4194,4.905363378738577,-0.12463294777484246,0.08755050498444104,3,16.244001138300927,0,9.779785951777914,8.928203960403799,4.906946428191426,1.2332592939558573,-2.058392073692872,1.874277302635896,0.028815691349119932,20.757884305578106,-1.3934941485794639,False,False,0,0.05,NORMAL_FLIGHT
6440.0,-0.16364413664669453,0.09155457323037716,10.176084868925315,-1.939378909312348,9.038154028353429,10.370053243691586,51.56584639160087,37.775222,-122.4194,5.352659760059914,0.003796372821063529,-0.009138967205026136,3,16.218703911336508,0,10.1778123829686,13.891991328500218,5.352661106348061,19.901321559534324,4.948985689631158,-1.264861348220947,0.03309415009189891,20.757884305578106,-0.19497349344781867,False,False,0,0.05,NORMAL_FLIGHT
6460.0,0.41847745513709206,0.3348984866695075,9.486996261758696,6.530361019358145,8.207143138611572,-2.7548231517902226,51.54517445148204,37.775223000000004,-122.4194,4.948536699882147,0.014405223152649678,-0.10532063960426628,3,16.202414491175386,0,9.5021249437931,10.843978243174908,4.948557666687797,33.78437195877497,1.0335970059415445,-0.8144710080561168,0.05990092516598154,20.757884305578106,0.5961073048560905,False,False,0,0.05,NORMAL_FLIGHT
6480.0,-0.2012034762999404,-0.001119203765809311,9.58124422825602,-2.45780969509465,0.32894324324481256,1.8228022353786972,51.592659470695935,37.775224,-122.4194,4.43697526201883,-0.034565365660566914,-0.010858416178039,3,16.21452425017251,0,9.583356669402509,3.0776029867218497,4.437109897249595,4.061586280470397,-2.3742509606947237,0.605487949856176,0.06854628623182923,13.891991328500218,-0.0013966303767176669,False,False,0,0.05,NORMAL_FLIGHT
6500.0,-0.24283772255754643,0.13374833111850254,10.120890867621744,-7.063628794502781,8.314657235949188,-13.141995296231093,51.606382887477764,37.775225,-122.4194,4.959406331370423,0.07718504858067948,0.05980922727774546,3,16.234510389666532,0,10.124687191705389,17.080410330668613,4.96000692452757,27.06652611514402,-0.68617083909146,0.9993069747011418,0.09465182402525366,17.080410330668613,0.17275376441872936,False,False,0,0.05,NORMAL_FLIGHT
6520.0,0.23162217470001356,-0.21834017522786286,9.631339519444843,-2.5842344158691426,-0.800372433041524,1.3863502853045098,51.546557135070216,37.775226,-122.4194,5.02698790603265,0.08317331383481771,-0.04070318269460593,3,16.22262430079232,0,9.636598061699539,3.0398734613959233,5.027675925070429,24.404456500292504,2.991287620377392,-0.5943044437106693,0.1026018041307663,17.080410330668613,1.182689703232782,False,False,0,0.05,NORMAL_FLIGHT
6540.0,0.15833253879258719,-0.07741994049488021,10.080159923199478,3.0951647329426626,-1.2170515128395396,4.981119956445415,51.42505101628385,37.775227,-122.4194,4.476577376513758,-0.019048569780510588,0.060725501775492165,3,16.244280343706606,0,10.081700606410788,5.98939188310932,4.476617903722126,22.255127235562444,6.0753059393181985,1.0828021457143677,0.08652942471731491,17.080410330668613,1.4079537531701902,False,False,0,0.05,NORMAL_FLIGHT
6560.0,0.12482396341043103,0.13910755151315551,10.319830794902613,6.960193757935457,0.28255324232778184,5.161630229264693,51.40676197901875,37.775228000000006,-122.4194,5.266787127977589,-0.028086924579765846,0.11647107852399102,3,16.24977533148383,0,10.321523122492618,8.6698650569898,5.26686201895994,11.991125804091496,0.9144518632549392,0.27474938886111744,0.10463432273378317,17.080410330668613,1.3841247246328692,False,False,0,0.05,NORMAL_FLIGHT
6580.0,0.12566910185285599,0.1698204221486288,9.68946149191751,0.5556468764825605,-0.6246079766178271,10.654247235975804,51.40318269437406,37.775229,-122.4194,4.85725750722688,0.14989584626675317,0.024023062577044764,3,16.19654949174617,0,9.691764323501246,10.686995028589537,4.859569863294477,31.487939949568577,0.1789642322346907,-2.6612919868830076,0.08713443291581585,17.080410330668613,1.894767763218752,False,False,1,0.9,RAPID_VOLTAGE_COLLAPSE
6600.0,-0.002449354569382925,-0.05879338953283645,10.014408697972591,6.590985336170126,-1.075981617800902,-7.748021781355291,51.35898654688264,37.77523,-122.4194,5.065712623037503,0.09328388923622372,-0.002794777127829265,3,16.194234296941712,0,10.014581580476523,10.228913220269838,5.066571450516862,16.14086284876386,2.209807374570971,-0.11575974022282054,0.08111219076169245,10.686995028589537,2.4739634059512383,False,False,0,0.05,NORMAL_FLIGHT
6620.0,-0.17945087429716633,-0.014319850371613367,9.463892315598043,-6.790874607387968,5.7169905357477635,-5.326067566734965,51.36614079373404,37.775231000000005,-122.4194,4.954803690931188,0.007236038990838448,0.08293439252262819,3,16.192413379154896,0,9.465604335468306,10.352147334950478,4.954808974715937,27.448862250410855,-0.3577123425699824,-0.09104588934079061,0.11368931424445487,10.686995028589537,1.8041634133617634,False,False,0,0.05,NORMAL_FLIGHT
6640.0,0.015160911638745268,-0.3035747493361619,10.036419989420343,-2.2163173240895144,0.7506782697810155,18.955073459913553,51.391460131095684,37.775232,-122.4194,4.742329716159191,-0.16292090390800537,-0.08561008274372306,3,16.199674907493744,0,10.041021545924123,19.098963066525364,4.745127433241041,28.77086052279081,-1.2659668680822023,0.36307641694239834,0.11063036709809762,19.098963066525364,0.3359088518816833,False,False,0,0.05,NORMAL_FLIGHT
6660.0,-0.13543234230242235,-0.07140584016132188,9.86982719579603,-1.4428755857705058,3.5624088221690227,-1.503283737637099,51.424994489632,37.775233,-122.4194,4.785898373072916,0.034400010630503595,-0.09547098336929227,3,16.238892694618496,0,9.87101461797244,4.127045985705082,4.786022001423872,8.500346397584124,-1.6767179268157406,1.960889356237594,0.05782609879517247,19.098963066525364,-0.18232510613245267,False,False,0,0.05,NORMAL_FLIGHT
6680.0,0.19502394668355025,0.17807663270395724,9.951911484648065,-0.5727971373625983,5.156902626386655,2.00033787312328,51.30719854338538,37.775234000000005,-122.4194,4.812983432714491,0.06980834649176682,-0.026657228492898533,3,16.227165218002828,0,9.95541500014767,5.560853609407079,4.813489662274562,4.22001910876153,5.889797312330813,-0.5863738307834154,0.055245922774266154,19.098963066525364,0.9598415098867719,False,False,0,0.05,NORMAL_FLIGHT
6700.0,-0.02941147630042773,0.11504100322131326,9.616328378389381,0.42047194125098253,1.9409289782736672,-0.6701004172522106,51.24148428849497,37.775235,-122.4194,5.217134381836727,-0.2754521628398373,-0.049187945481446727,3,16.20420700231844,0,9.617061450795523,2.095957184983371,5.2244009275854815,16.917677467607373,3.2857127445204526,-1.1479107842193415,0.058019398337414804,19.098963066525364,1.1750225838766681,False,False,0,0.05,NORMAL_FLIGHT
6720.0,-0.16509943935850233,0.10013314427624194,9.311674975329849,3.454554786960964,-4.851356629541194,-8.216808263050224,51.226253156077235,37.775236,-122.4194,4.97049236237997,0.02518694483180255,-0.08033419752904754,3,16.214035076751824,0,9.313676788338926,10.148179538953706,4.97055617679426,15.169233122829873,0.7615566208869495,0.49140372166913693,0.08727988985596229,19.098963066525364,1.3988763765680545,False,False,0,0.05,NORMAL_FLIGHT
6740.0,-0.0642771683305987,0.009954737436192016,9.960975619424852,-2.2240341908524512,-6.764329444820194,16.235292108918063,51.25486181262911,37.775237000000004,-122.4194,4.895626896689651,-0.04166919867957354,0.18304684749987743,3,16.241492813454997,0,9.961187978446263,17.728146851322034,4.895804227469655,32.37555950536688,-1.4304328275937195,1.3728868351586598,0.0773226386402272,17.728146851322034,1.365983184665751,False,False,0,0.05,NORMAL_FLIGHT
6760.0,0.08258629085512487,0.0014126317256352905,9.190979054256164,0.695143434765628,0.743903174036526,-5.277014119206057,51.279323513306615,37.775238,-122.4194,4.813078217481953,-0.022085428012955155,0.21719932094942915,3,16.250716495158652,0,9.191350198242974,5.374336641999592,4.81312888812774,38.49188901016447,-1.223085033875293,0.4611840851827864,0.12643597702133538,17.728146851322034,1.4567097632538406,False,False,0,0.05,NORMAL_FLIGHT
6780.0,-0.11274491056079494,-0.1320642278946894,9.71479485232724,-0.22561445162025826,-0.8562815241246724,-11.2728552370693,51.30291701070045,37.775239,-122.4194,5.239230044305225,-0.09073809527633207,-0.03537050422555823,3,16.21689353959532,0,9.716346607544969,11.30758086972001,5.2400157308051005,26.249820465099738,-1.1796748696916382,-1.6911477781667017,0.09630745935594744,17.728146851322034,0.0428153268493503,False,False,1,0.9,RAPID_VOLTAGE_COLLAPSE
6800.0,-0.1644440791132863,0.13976568404050696,10.092354559925992,-4.62944951945575,0.4369571446006085,-4.507402773027517,51.283746113602,37.775240000000004,-122.4194,5.292840254504718,-0.014818929040364196,0.009171894974836545,3,16.157669804032906,0,10.094661800419551,6.4760647122849795,5.292860999531677,18.915759643729135,0.958544854922394,-2.961186778120606,0.15557216699023527,17.728146851322034,-0.4226182510702614,False,False,1,0.9,RAPID_VOLTAGE_COLLAPSE
6820.0,0.04873744229838246,0.08419458887787797,9.86756932076191,-0.5683334454071769,-0.08027019624293094,-20.017060017255336,51.267364441736504,37.775241,-122.4194,5.236948779741336,0.13919915761813315,-0.018784282006379098,3,16.21595074439645,0,9.86804886323126,20.025287462205767,5.23879842398196,11.33064685941454,0.8190835932747831,2.914047018177257,0.12230456035566549,20.025287462205767,-0.4111128565926947,False,False,0,0.05,NORMAL_FLIGHT
6840.0,0.048993314221744556,0.09840376959855986,10.394502793436944,-0.7182976494855907,12.917868300832836,-6.512874649831818,51.23094797831541,37.775242000000006,-122.4194,5.098487467830833,-0.04463984988155156,0.11074992401181563,3,16.22784953987947,0,10.395084028976296,14.484640456543623,5.098682886376197,26.35175828725176,1.820823171054542,0.5949397741510154,0.2022341375145495,20.025287462205767,0.2391383431369576,False,False,0,0.05,NORMAL_FLIGHT
6860.0,-0.10138863507422596,-0.10520696853351608,10.117532745774533,-0.8254028250152305,-6.65113127820669,-9.681285978523267,51.26935768472071,37.775243,-122.4194,5.057966008374143,0.09655735587931838,0.13056455618400473,3,16.21279679839316,0,10.118587699050208,11.77480935308227,5.058887571872166,13.824816496304404,-1.9204853202648309,-0.7526370743155653,0.06738918622359881,20.025287462205767,0.09965828585905001,False,False,0,0.05,NORMAL_FLIGHT
6880.0,-0.09420766112366456,-0.4306685839742489,9.613830483502328,0.15879728290725373,-9.949731349105624,6.174286309273244,51.22333324533373,37.775244,-122.4194,4.75681243640482,-0.08063312188796103,-0.17772637986896467,3,16.221984025238125,0,9.623933035830797,11.710857437664972,4.757495796685579,24.732733160970533,2.301221969349143,0.45936134224824343,0.08398502895290175,20.025287462205767,0.7958376536672063,False,False,0,0.05,NORMAL_FLIGHT
6900.0,0.04640998747152726,0.21943054235073914,9.818194013955432,0.3783677030669307,1.6618841675980485,-6.734142395598725,51.265835065093206,37.775245000000005,-122.4194,4.9508361746577885,0.07587561926560389,0.04760108000656257,3,16.213744609140033,0,9.820755436600777,6.946487955034352,4.951417568525109,9.841120038498996,-2.1250909879739766,-0.4119708049046267,0.08877343680662586,20.025287462205767,0.17911048508793215,False,False,0,0.05,NORMAL_FLIGHT
6920.0,-0.2896168682994648,-0.09576749120168083,9.795788789236669,-2.1614758955366513,-1.8821127729409763,8.878039355788484,51.27622772700009,37.775246,-122.4194,4.863227959330713,0.00016558556219512324,-0.13068213411611485,3,16.18105996808858,0,9.800537094777482,9.329196607424604,4.863227962149682,1.0109170911647425,-0.5196330953442185,-1.6342320525726706,0.09296718876916145,14.484640456543623,-0.08863285263586818,False,False,1,0.9,RAPID_VOLTAGE_COLLAPSE
6940.0,-0.28149275487531106,-0.17255515280862413,9.335346970996163,6.363573669856324,1.5803393486497561,13.984839930693214,51.27397550307733,37.775247,-122.4194,4.634897578203058,0.03520248287892806,0.17582721578752783,3,16.187177682558346,0,9.341183892885063,15.44565602995518,4.635031259358821,22.967660094620967,0.11261119613799053,0.30588572348833054,0.0815089148506736,15.44565602995518,-0.43027524761917846,False,False,0,0.05,NORMAL_FLIGHT
6960.0,-0.1436888442504872,0.13869578238279875,9.527880325054694,-5.8474031460150835,2.9194151114200055,7.811753362875992,51.24113998308851,37.775248000000005,-122.4194,5.211408683833073,0.0007153256097487521,0.04402480302103981,3,16.197628982270402,0,9.529973058334276,10.185214712867811,5.211408732926395,9.439458272460666,1.6417759994411085,0.5225649856027914,0.03967536277918426,15.44565602995518,0.2821770163220094,False,False,0,0.05,NORMAL_FLIGHT
6980.0,-0.04268943034236945,-0.07840252798382592,9.641771727906043,-3.6048505423494817,6.420523475894488,-2.153882888600766,51.173362890030305,37.775249,-122.4194,4.860834010721545,0.06416252324412085,-0.08233495383626362,3,16.22450989636517,0,9.642184990805015,7.671849883502463,4.861257461724935,5.610596623536956,3.3888546529102115,1.3440457047384058,0.03974798104883626,15.44565602995518,0.4997035530342231,False,False,0,0.05,NORMAL_FLIGHT
7000.0,0.06218151311960092,0.2119872768093244,9.19913384914322,13.899818121117779,-7.536129101919692,1.4111449670559295,51.1409802522114,37.77525,-122.4194,5.239188381487061,-0.25675851179337583,-0.02413213879378532,3,16.18703349422138,0,9.201786170116943,15.874177640400852,5.24547612997022,22.01994103440361,1.619131890945269,-1.8738201071894167,0.05638561641114054,15.874177640400852,1.2485481288180722,False,False,1,0.9,RAPID_VOLTAGE_COLLAPSE
7020.0,0.2950712433899104,0.12340118991533951,9.824248040475494,-5.1899567749461495,-2.7835894892858146,-15.249849401440596,51.12447990878015,37.775251000000004,-122.4194,5.176349280152002,-0.14198253134575697,-0.02889772582661584,3,16.210618803038543,0,9.829452907112113,16.347535855207354,5.178296139594326,31.383336849758514,0.8250171715623367,1.179265440858046,0.06085268114948055,16.347535855207354,1.5174781821993832,False,False,0,0.05,NORMAL_FLIGHT
7040.0,0.1715319246404039,0.13671386464009552,9.735278446604088,-6.768773373548793,2.143806294403819,-1.3377937252123968,51.006028693201095,37.775252,-122.4194,5.111343595326684,0.04170804980086447,0.05251129428858157,3,16.206724177041004,0,9.737749242759836,7.2250875746669125,5.111513759240535,4.585183217613853,5.922560778952857,-0.19473129987694904,0.059047085202046705,16.347535855207354,2.6794680987623565,False,False,0,0.05,NORMAL_FLIGHT
7060.0,-0.031987705992685425,-0.2731911422401069,9.308131829606529,3.6723837250060893,3.8523179784361328,-8.604384680668332,50.99616093543436,37.775253,-122.4194,5.1225768143526365,-0.2043538353896236,0.10419126041774783,3,16.23152384525156,0,9.31219494914423,10.11742021286018,5.126651315330667,21.277714680780324,0.4933878883367271,1.2399834105277563,0.0748760103996641,16.347535855207354,2.44979047654148,False,False,0,0.05,NORMAL_FLIGHT
7080.0,-0.003803241580537766,0.24238879707728012,9.9312638595832,-10.38559926886937,10.967247751441928,6.943263811492989,51.04237880383566,37.775254000000004,-122.4194,4.876937223585259,-0.05305803556472093,-0.114820729197171,3,16.19811587917478,0,9.934222095476752,16.62378139206108,4.877225834214515,31.10135731662611,-2.3108934200649855,-1.6703983038389936,0.10617160903112044,16.62378139206108,1.3098408619464408,False,False,1,0.9,RAPID_VOLTAGE_COLLAPSE
7100.0,-0.20050587292756178,0.05225010624677121,10.024761823407289,-1.1763695498621947,4.778519855569336,25.72752389244474,51.07073969910735,37.775255,-122.4194,5.371570030258133,-0.005434084103664975,0.1838754500912114,3,16.163003881159238,0,10.026902926363926,26.193960810924114,5.371572778920286,4.634041544358691,-1.4180447635844473,-1.7555999007770495,0.0767775670685576,26.193960810924114,0.7024055310404975,False,False,1,0.9,RAPID_VOLTAGE_COLLAPSE
7120.0,-0.0037026271984779862,-0.07385542784924064,9.878110343659467,10.729124625382443,-0.2839429794313856,4.998216359738094,51.04592940532028,37.775256,-122.4194,5.00862508619061,-0.08281401376128968,0.16056901078208435,3,16.210186033610093,0,9.878387130254772,11.83963283304469,5.009309674485412,7.425789805457672,1.240514689353489,2.3591076225427443,0.07875749888431541,26.193960810924114,0.785505034598728,False,False,0,0.05,NORMAL_FLIGHT
7140.0,-0.057731727784027666,0.028677693468450217,9.712779547437309,-7.724679610767002,-4.452178764713308,-19.911401489546666,51.048276220241036,37.775257,-122.4194,5.060386337023741,-0.06915614026937737,-0.08753235675910453,3,16.239159303332233,0,9.712993457200108,21.816426841256217,5.060858865022172,8.269683652733217,-0.11734074603779732,1.4486634861070158,0.07937694236234182,26.193960810924114,-0.4224752703994028,False,False,0,0.05,NORMAL_FLIGHT
7160.0,0.0645437120676179,-0.355247046579664,9.987432645525557,-9.909822428693566,-2.8214492635950963,-3.6123019291437295,51.02046799176994,37.775258,-122.4194,4.870184733286672,0.02715822001535924,0.007280179436230931,3,16.209795440784273,0,9.99395703431732,10.918510967278223,4.870260455586845,14.048178855860627,1.3904114235547382,-1.4681931273980098,0.015277559143637832,26.193960810924114,-0.24307056335580057,False,False,0,0.05,NORMAL_FLIGHT
7180.0,-0.1654461887104646,0.08173056229613418,10.014066108143007,-7.4959060097884915,-2.9635141147855326,1.2249092537445465,51.027906028436725,37.775259000000005,-122.4194,4.813766947844608,0.10092949557798092,0.17108085441143162,3,16.17894411683813,0,10.015766188586397,8.153001011653643,4.8148249180254545,1.0904577134538407,-0.37190183333919435,-1.5425661973070603,0.017623876424145188,26.193960810924114,0.14472775398935767,False,False,1,0.9,RAPID_VOLTAGE_COLLAPSE
7200.0,0.10386930284823447,-0.20587430163641432,9.902221070915907,4.491797841734928,3.276168142568803,0.873574252602637,51.104911419623924,37.77526,-122.4194,5.0954592017618845,-0.09584493812548078,0.1232918586677483,3,16.17220800587815,0,9.904905612747626,5.627846615199061,5.096360537578178,5.5430287919385535,-3.8502695593599867,-0.3368055479990417,0.014421285077335186,21.816426841256217,-0.3417172051657502,False,False,0,0.05,NORMAL_FLIGHT
7220.0,0.3065477826005156,-0.2705340571687069,9.562616324869571,5.623883599929062,1.2849872279291525,-7.308131256087531,51.15333635975517,37.775261,-122.4194,5.043502699187757,-0.05750581961873702,-0.03367430300478957,3,16.173937121578977,0,9.571352631460586,9.310641297875009,5.043830528081233,16.677649064352007,-2.4212470065624103,0.08645578504129503,0.03677778010330721,21.816426841256217,-1.07406954434893,False,False,0,0.05,NORMAL_FLIGHT
7240.0,-0.02175202969137152,-0.30447183724357824,9.892980229653356,-2.562943984892544,-6.618247854210894,2.452917426369353,51.179376075039805,37.775262000000005,-122.4194,4.842129526819485,-0.07312609733270449,0.08143398145678733,3,16.232212310644158,0,9.897688319743269,7.509107165971893,4.842681672442263,16.316784414134133,-1.3019857642316168,2.9137594532590683,0.03189042319234815,10.918510967278223,-1.310998547987694,False,False,0,0.05,NORMAL_FLIGHT
7260.0,0.0803423444197883,0.22253767499798505,10.168644195247644,3.416062020005344,-2.1795073454521647,-12.425008369193872,51.15473182942062,37.775263,-122.4194,4.712314656244919,-0.24213797518772787,0.29971982917191387,3,16.184749099013484,0,10.171396299360476,13.069069016878773,4.718531574387171,13.685398980860342,1.2322122809592884,-2.3731605815337176,0.048587350057880764,13.069069016878773,-1.342638376506784,False,False,1,0.9,RAPID_VOLTAGE_COLLAPSE
7280.0,0.1380287983422225,-0.12585267873855774,9.631011282416482,6.951276637559948,4.387737767257104,-9.44908722685067,51.192228749067866,37.775264,-122.4194,4.74601538253449,0.014171179031750872,0.01051599818512121,3,16.177192354734746,0,9.632822492289113,12.524285968738242,4.746036539426256,26.928690353568108,-1.8748459823623165,-0.3778372139368713,0.05809069150400439,13.069069016878773,-1.6432272063114084,False,False,0,0.05,NORMAL_FLIGHT
7300.0,-0.08024409437716726,0.30674554198329984,10.43938180173973,8.936732072149127,1.758311774870295,6.4579764160371145,51.10788490149921,37.775265000000005,-122.4194,5.239226743418222,0.09347177458284922,-0.06326482514400193,3,16.18642606451615,0,10.444195725124251,11.165227262224354,5.240060480718936,40.568661641756876,4.217192378432699,0.46168548907026263,0.13493645494487044,13.069069016878773,-0.029734818752871206,False,False,0,0.05,NORMAL_FLIGHT
7320.0,0.044818496362083356,-0.10716029261045956,9.652310719804385,-1.2316764058992409,2.8432230800638525,-10.156632308798258,51.09526722739967,37.775266,-122.4194,4.877349237069986,0.10166432073158822,0.017241985209139922,3,16.182406231213978,0,9.653009595850362,10.618762833210905,4.87840867644942,39.559306463694455,0.6308837049772364,-0.20099166510867406,0.12107617833623072,13.069069016878773,0.5806913235550581,False,False,0,0.05,NORMAL_FLIGHT
7340.0,0.0025184801563589722,-0.34147159151858936,9.819722104002041,-11.507358588349934,1.9146085502863153,5.382116054922572,51.12445279839086,37.775267,-122.4194,4.932218290864833,-0.08707663764407389,0.0246552095497318,3,16.219246954169236,0,9.825657809550606,12.847264331769459,4.932986885200995,8.632410685012193,-1.4592785495597838,1.8420361477629044,0.12435163508094131,13.069069016878773,0.5492327664894248,False,False,0,0.05,NORMAL_FLIGHT
7360.0,0.019535219709766346,-0.22330488798973183,9.6082543211981,-4.104394612048433,8.132153673044296,-13.69463774656058,51.16147385909325,37.775268000000004,-122.4194,5.290068051751812,-0.12516980485201426,-0.052453673900009816,3,16.166753971940555,0,9.61086873277495,16.4475250874696,5.291548683723122,10.739453838782786,-1.851053035119321,-2.624649111434074,0.12385587975620171,16.4475250874696,-0.06742029672629712,False,False,1,0.9,RAPID_VOLTAGE_COLLAPSE
7380.0,-0.1546019567710933,0.24716232400138774,9.876981250776078,-2.134020974676288,1.1802153191218503,17.64825883791736,51.19496808360404,37.775269,-122.4194,4.7755698877027175,0.002160554759168466,0.044162506781421695,3,16.20980596118148,0,9.881282791602787,17.81594773594648,4.7755703764398465,13.520702941391871,-1.6747112255394825,2.1525994620462896,0.1112956825168569,17.81594773594648,-0.027393345361730326,False,False,0,0.05,NORMAL_FLIGHT
7400.0,0.004902034851788543,-0.031179635587333505,9.287333492209418,-1.2946939828919528,-1.93011398935349,-7.742699224040547,51.20970961806452,37.77527,-122.4194,4.8546010348565884,0.08292736865664674,-0.12544010597275013,3,16.18778451326469,0,9.287387124220452,8.083994297078194,4.8553092750207965,29.694783369116795,-0.7370767230241881,-1.1010723958396085,0.05434058482655527,17.81594773594648,-1.0182471656531078,False,False,0,0.05,NORMAL_FLIGHT
7420.0,0.09959965824908995,-0.1096574592981202,9.646187460354984,-0.9392970050435976,-4.578775205667803,-2.236665718034441,51.19992336911033,37.775271000000004,-122.4194,4.846246634287861,0.015485044831038394,-0.06655338670086793,3,16.208632776391614,0,9.647324881572755,5.18171156877268,4.8462713736397225,17.996887867615197,0.48931244770962223,1.042413156346278,0.05434315858282191,17.81594773594648,-1.0465614171066306,False,False,0,0.05,NORMAL_FLIGHT
7440.0,0.29022872155900836,0.03200364517055754,9.48236363989543,5.5944729896533465,1.2480472910485592,3.3061326109040587,51.226822167601654,37.775272,-122.4194,5.323613696233208,0.028930463587376127,0.07582447761547978,3,16.215294201785138,0,9.486858128133512,6.617118928471649,5.323692305012112,8.02333767196215,-1.3449399245661908,0.3330712696762106,0.04762922136084446,17.81594773594648,-1.023693692107912,False,False,0,0.05,NORMAL_FLIGHT
7460.0,0.19185416521704138,0.10035654723350901,9.850601504367688,6.372142133437907,-12.20352007387542,-5.653499525010943,51.17917911557234,37.775273000000006,-122.4194,5.398676700116483,0.11418309277362336,-0.17548708515422515,3,16.18448734837611,0,9.852980739610462,14.882612487111055,5.399884062742084,18.30613057384749,2.382152601465748,-1.5403426704514445,0.06275749372901276,17.81594773594648,-0.17705256479089826,False,False,1,0.9,RAPID_VOLTAGE_COLLAPSE
7480.0,0.4306364915023113,0.22347976318049217,10.108334212652673,-0.8583682696239168,-0.9214450091635596,1.4340596107130443,51.13694525240768,37.775274,-122.4194,5.150312645080434,-0.07391365592307035,0.09031675919947765,3,16.17563969829326,0,10.119970926195844,1.908503067403361,5.150842996113095,13.349509329269083,2.1116931582330523,-0.44238250414245783,0.10400176657460668,14.882612487111055,0.5802283119636087,False,False,0,0.05,NORMAL_FLIGHT
7500.0,-0.1534695125776099,0.2896998459785853,10.003801856134366,5.492424380259093,-1.0291992996067199,5.753567245201257,51.14003198623069,37.775275,-122.4194,5.156676944830848,-0.021997008667302993,-0.2011981365705703,3,16.182414121909936,0,10.00917231687257,8.020568110565998,5.156723861303834,5.539930466163678,-0.15433669115054727,0.3387211808338009,0.06690086773336082,14.882612487111055,0.6967763183383369,False,False,0,0.05,NORMAL_FLIGHT
7520.0,0.17446412734413563,-0.07195372915781716,9.098502191742332,1.7883068331554468,-6.822354268086404,9.606132325034853,51.14869186836613,37.775276000000005,-122.4194,4.883928999429454,0.16346055117612016,-0.1731324578876315,3,16.178344706619928,0,9.10045917544877,11.91722859287623,4.886663669955074,45.43565707119006,-0.432994106772,-0.2034707645004019,0.17482011161518538,14.882612487111055,0.5123150074420124,False,False,0,0.05,NORMAL_FLIGHT
7540.0,0.03666840114767035,-0.26520953721640766,10.422620895878364,0.32252986431285857,-4.641329193279979,7.914974359729571,51.05741110943789,37.775277,-122.4194,5.389465697380857,-0.0196811123097627,-0.04989787430558854,3,16.146250365732648,0,10.426059035391733,9.181110025968712,5.389501632751091,66.27999299714817,4.564037946411759,-1.6047170443640013,0.24462632883248814,14.882612487111055,1.6941105816376023,False,False,1,0.9,RAPID_VOLTAGE_COLLAPSE
7560.0,0.4379605866435345,-0.08269303222465521,9.898583982186262,4.532720785549819,4.048287650741206,-1.7181046380267402,51.08016842848537,37.775278,-122.4194,5.053539250871732,-0.12673369659665712,0.02868638428193504,3,16.20958887711052,0,9.90861304448943,6.315542270471168,5.055128127946341,25.87229954511514,-1.1378659523739287,3.166925568893575,0.2438893460726607,11.91722859287623,0.990106870869667,False,False,0,0.05,NORMAL_FLIGHT
7580.0,-0.1616596570710303,0.05205610131657723,9.5770502578521,0.36126024118957906,1.1535587453748128,-1.4663177404360228,51.11880484738134,37.775279000000005,-122.4194,5.170622052889948,-0.06693560962502948,0.13252636031273887,3,16.182604544769834,0,9.578556014547996,1.9003406159982132,5.171055287817733,16.502851497071713,-1.9318209447984458,-1.3492166170342657,0.24644751478503835,11.91722859287623,0.18140405026336737,False,False,0,0.05,NORMAL_FLIGHT
7600.0,-0.16794436843615523,-0.1927517852421222,9.857138375697282,10.28905588548881,0.5089416685366375,23.491085580250328,51.11494058550802,37.77528,-122.4194,4.978895012245809,-0.09381798512212423,0.005762276315959556,3,16.153576435508583,0,9.860453109226142,25.650629512262068,4.979778846223853,14.094854733907347,0.19321309366588935,-1.4514054630625495,0.23565699067907303,25.650629512262068,0.2509140072266547,False,False,0,0.05,NORMAL_FLIGHT
7620.0,-0.11987852908880443,-0.1914301829790086,9.862856946750808,-7.192055833972796,1.5317376696601133,9.49889068249292,51.23366389967222,37.775281,-122.4194,4.946393482534478,0.035716258570127064,-0.024655360757598988,3,16.13463752759303,0,9.86544289572255,12.012527278037238,4.946522428452721,0.24948932482038444,-5.936165708209984,-0.9469453957777318,0.09475639401407977,25.650629512262068,-0.8497203130609421,False,False,0,0.05,NORMAL_FLIGHT
7640.0,-0.4247791448619614,0.06875757630997709,9.609945384914532,-2.5758544954600886,0.46313793974461775,-9.218236563202137,51.19951714435646,37.775282000000004,-122.4194,5.332608451919223,-0.0895947003588779,0.05795812479848042,3,16.128585584125787,0,9.619574586604639,9.582557511863394,5.33336105207708,12.293415455895573,1.7073377657879973,-0.3025971733620736,0.02393075390745626,25.650629512262068,-1.4210603491856943,False,False,0,0.05,NORMAL_FLIGHT
7660.0,-0.10515100433615221,-0.009730470314090231,9.869375000202623,-0.6325944847697516,6.2143128142915725,0.999881637655518,51.181462786187126,37.775283,-122.4194,5.107944735947662,0.02710342528612446,-0.08708988204679344,3,16.189696752305537,0,9.869939934487443,6.325948373591918,5.108016642607742,12.518267394140192,0.9027179084668546,3.05555840898748,0.021482439166038852,25.650629512262068,-1.0129435770175377,False,False,0,0.05,NORMAL_FLIGHT
7680.0,-0.15182653231073961,0.006559399082317303,9.627758313713908,2.197263452289953,0.6171459085182438,-3.351431387781925,51.16170944088076,37.775284,-122.4194,5.290275092214077,-0.07360652185406498,0.01394151593464063,3,16.16105716699104,0,9.628957600328143,4.054741434195263,5.290787131548585,12.049116707965002,0.9876672653181373,-1.4319792657248698,0.017448380429550523,25.650629512262068,-0.42904593499422106,False,False,0,0.05,NORMAL_FLIGHT
7700.0,0.030078757295241527,-0.1516990669400139,9.688691402192994,6.339802435515445,-7.291065569093752,-1.353342339231097,51.15790006031621,37.775285000000004,-122.4194,5.051065634349009,-0.21233785383982282,-0.119944625795536,3,16.16348827978447,0,9.689925615064306,9.756242490905372,5.05552681791669,3.0484007368081656,0.19046902822772438,0.12155563967155558,0.015455895725059258,12.012527278037238,-0.42959474808185405,False,False,0,0.05,NORMAL_FLIGHT
7720.0,0.06835119515543189,-0.04608014284115347,9.604116259273475,-0.12199283618078324,8.150649824372051,-12.29495157708088,51.1414638196679,37.775286,-122.4194,4.830326692715381,0.030661978698192212,0.008259051687541312,3,16.181498953224743,0,9.6044700211456,14.751739188800052,4.8304240098873725,4.2727796959352915,0.8218120324155365,0.900533672013637,0.012025978891062852,14.751739188800052,0.92200080004325,False,False,0,0.05,NORMAL_FLIGHT
7740.0,0.37523416784317726,-0.18484662885366088,9.380198613078104,-7.111148247531036,1.8517013366442288,-4.119232343859531,51.071123292437655,37.775287000000006,-122.4194,4.883331413424302,0.014846368154688892,-0.012983632584940336,3,16.160564479599323,0,9.389520487101985,8.424090594312968,4.883353981433659,10.74747670218077,3.5170263615121655,-1.0467236812710112,0.02985754170295349,14.751739188800052,1.2839385191880837,False,False,0,0.05,NORMAL_FLIGHT
7760.0,0.19008476763721005,0.17803968222495736,9.853750941064616,4.212569482275022,-2.9462686539753387,18.11555773193913,51.043795877625826,37.775288,-122.4194,5.020593048492922,0.051775781570884076,-0.08042679214494174,3,16.180965505829825,0,9.857192194325231,18.83081709760923,5.020860014990732,23.383585361162318,1.3663707405914494,1.0200513115250942,0.028402526707868157,18.83081709760923,1.3766690856130026,False,False,0,0.05,NORMAL_FLIGHT
7780.0,-0.11538073113248062,0.20704986694475053,9.985589830954902,3.774793830709822,-6.267008591475093,5.79076300875503,51.03891484283712,37.775289,-122.4194,4.874699956791335,-0.06729872191652567,0.016504063653773916,3,16.171089873583682,0,9.9884026066528,9.330455582315,4.875164488169916,6.56052061637844,0.24405173943513603,-0.49378161230713147,0.05333406714289808,18.83081709760923,1.2279459804364024,False,False,0,0.05,NORMAL_FLIGHT
7800.0,-0.1796829342696716,-0.3692375724476188,9.964465078822911,-9.70929329689703,1.9795711047902271,-24.9116140815146,51.10034344694022,37.775290000000005,-122.4194,4.7785077182744615,-0.07795444753593767,0.01585496531596428,3,16.16665157542056,0,9.972922673361909,26.810027867020327,4.779143533050585,0.7739966645445406,-3.071430205154968,-0.2219149081561511,0.06709087301726768,26.810027867020327,0.5755661337598639,False,False,0,0.05,NORMAL_FLIGHT
7820.0,0.09838383430130115,-0.18590217203848203,10.055977575790571,-0.019020668353996916,-0.5858600248718773,12.167234924979468,51.21045561060887,37.775291,-122.4194,5.240283406357405,0.04014668584815456,0.1175454012339135,3,16.136028733757104,0,10.058176972057275,12.181346373624207,5.24043718933157,4.262714934768308,-5.505608183432287,-1.5311420831727318,0.07241086037350182,26.810027867020327,-0.6899179094097008,False,False,1,0.9,RAPID_VOLTAGE_COLLAPSE
7840.0,-0.2640466414041284,-0.2993058510180158,9.907302063004462,-7.9507091534014895,7.870733930162044,10.896295229091614,51.2772293055014,37.775292,-122.4194,4.891025985835298,0.1519019572530981,-0.16056334030627878,3,16.150238689529555,0,9.915338561486585,15.617025272468215,4.893384248016241,7.1419205285344844,-3.338684744626619,0.7104977886225328,0.0057909539497263615,26.810027867020327,-2.0610601306374576,False,False,0,0.05,NORMAL_FLIGHT
7860.0,0.36629175317087076,-0.13000478688137965,9.65018235053493,-3.3232554875103126,-1.7295364033341394,-3.5928530430641654,51.238460354017775,37.775293000000005,-122.4194,5.027638549558264,0.0011168009506327683,-0.007604890769704261,3,16.17783359875746,0,9.658006538185244,5.190752950659551,5.027638673597049,12.86660116506706,1.938447574181268,1.3797454613952098,0.02380616813171847,26.810027867020327,-1.946644763919494,False,False,0,0.05,NORMAL_FLIGHT
7880.0,0.2358880241442574,-0.016687593958072174,10.061899159329357,-4.514044634813999,-4.1869039484123345,7.172635437832151,51.20366987348647,37.775294,-122.4194,5.059226717977121,0.0424585096047145,-0.07602623997034794,3,16.15129202993584,0,10.064677656449788,9.452696057864626,5.0594048769525655,20.333555913227208,1.73952402656532,-1.3270784410810421,0.027633007750559886,26.810027867020327,-1.6475503064934571,False,False,0,0.05,NORMAL_FLIGHT
7900.0,-0.09383513042094097,-0.28992904393970603,9.40274473804742,4.046323491209929,4.478981091179643,-8.593992108172007,51.195703444611,37.775295,-122.4194,4.8823693749358865,-0.03215876844257073,0.08697620581762919,3,16.1881894321362,0,9.407681568330178,10.501938190923847,4.882475284084864,32.84980440598053,0.3983214437734972,1.8448701100179932,0.08048255619083858,15.617025272468215,-0.9535999767077641,False,False,0,0.05,NORMAL_FLIGHT
7920.0,-0.3426269058181755,-0.18437196262506264,9.539798585246256,0.584150870860919,4.626409463584157,-4.702557162663574,51.284931389053675,37.775296000000004,-122.4194,5.290159893261748,-0.15436305218736848,0.0753912065192133,3,16.210159642287774,0,9.547729743989365,6.62260829528571,5.2924115153827325,7.002408782959346,-4.461397222133812,1.098510507578787,0.07200356283559786,15.617025272468215,-0.7447577844480691,False,False,0,0.05,NORMAL_FLIGHT
7940.0,0.2707744748330826,-0.20079147441629971,9.520739978573028,-6.427955003780138,0.8432568380509775,14.985463606698538,51.27666018644458,37.775297,-122.4194,4.776571647759077,0.09674294191540579,0.05078798450686211,3,16.175508896612126,0,9.526705924506022,16.32770060765533,4.777551245458945,1.0511909741671488,0.4135601304547265,-1.7325372837824204,0.06399798448403744,16.32770060765533,0.0056911905682,False,False,1,0.9,RAPID_VOLTAGE_COLLAPSE
7960.0,-0.02290796905052358,0.04145346587978879,10.134016817741793,4.400329814786711,3.3817852383745417,-2.717300398697084,51.21028481191771,37.775298,-122.4194,5.052325052716154,0.0908414239086162,-0.07038332580694631,3,16.191387403209998,0,10.134127492150125,6.179247149463124,5.0531416566925005,30.37107838220514,3.318768726343535,0.7939253298935967,0.11339425590136125,16.32770060765533,0.2817554210006534,False,False,0,0.05,NORMAL_FLIGHT
7980.0,0.24756326239469237,0.013868867407250086,10.092836554242023,-7.169029119642072,-0.1884356037111895,-18.69731661954991,51.18522595507006,37.775299000000004,-122.4194,5.049223541275317,0.07107740251751941,0.08854705829400955,3,16.175094884936005,0,10.095881815127129,20.025487141808043,5.049723791151105,1.9122838511497875,1.2529428423825095,-0.8146259136996292,0.11871417245177321,20.025487141808043,0.18443918416409133,False,False,0,0.05,NORMAL_FLIGHT
8000.0,39.096930029085435,-0.14434751066745066,9.956191571113498,1.6505689523547182,1.169325505046235,-0.6330322278133675,51.223078755161026,37.7753,-122.4194,4.98914907942717,-0.018194543834241864,-0.15301309287433318,3,16.149144674504033,1,40.344969011064435,2.1195352803573098,4.989182255457734,1512.4543597968652,-1.8926400045483405,-1.2975105215986105,186.36383337572065,20.025487141808043,-0.2737531055002762,False,False,1,0.723,HIGH_IMPACT_SPIKE
8020.0,33.62480178771584,0.0353641744278796,10.131578959563539,-4.070053346457779,5.824954412819615,-0.7858839291435681,51.25757576900583,37.775301,-122.4194,4.740617477345603,0.059705609973854074,-0.17353107035927717,3,16.16298252304102,1,35.11805003273789,7.149338550140495,4.740993442979746,261.34594891632725,-1.7248506922403095,0.6918924268493498,235.5352404562119,20.025487141808043,0.2735562004784242,False,False,1,0.616,HIGH_IMPACT_SPIKE
8040.0,40.42637351119251,-0.10933601691745308,9.546215165276404,-1.8283854126525996,3.126591670107515,11.983685693734596,51.247564935681254,37.775302,-122.4194,5.174163510372693,0.08937617973878308,-0.1275870999901924,3,16.198395483454213,1,41.53834196995344,12.519077102366841,5.17493537482131,321.0145968607776,0.5005416662289264,1.7706480206596709,256.1413464582232,20.025487141808043,0.2909525076332642,False,False,1,0.747,HIGH_IMPACT_SPIKE
8060.0,47.157479508024764,-0.054331022065210656,9.914578535958295,2.52135374019192,-0.8463721916631235,0.14336422175760022,51.28173566935925,37.775303,-122.4194,5.1487021340669195,0.16201586849567073,-0.003347481032690589,3,16.14680756446711,1,48.18848091562359,2.6634796545272477,5.151250606113981,332.5069472835075,-1.7085366838998084,-2.5793959493551455,216.36683726794243,20.025487141808043,-0.7145085744154045,False,False,1,1.0,HIGH_IMPACT_SPIKE|RAPID_VOLTAGE_COLLAPSE
8080.0,35.99077614351543,0.33469041805970745,9.772447671485052,2.607246995297645,6.761812729630753,-4.2158231144029275,51.16807705923191,37.775304000000006,-122.4194,4.864886294281757,0.0988526104647442,0.06751644009882939,3,16.13564166812949,1,37.29542490146069,8.38409284401235,4.865890514066893,544.652800708145,5.682930506366901,-0.5582948168809665,24.862392760759743,12.519077102366841,0.17148895838147382,False,False,1,0.66,HIGH_IMPACT_SPIKE
8100.0,0.12456998646949975,0.26809221035806957,10.064064631165476,6.684845367779801,-11.82427686395756,10.450561452312058,51.17326852098355,37.775305,-122.4194,5.141497441441072,0.006382122503363889,-0.29760324740095245,3,16.13289390043214,0,10.068405435572187,17.13811295374143,5.141501402492539,1361.350973294425,-0.2595730875817992,-0.13738838486752059,210.49874897199015,17.13811295374143,0.4981023417747821,False,False,0,0.05,NORMAL_FLIGHT
8120.0,-0.2135240858765189,-0.25991624738551955,9.775432730234341,-0.41126849835726587,10.260366557109675,1.2079023250111027,51.21630279205198,37.775306,-122.4194,5.074981537260155,-0.13082532554243717,0.13227428318797865,3,16.150376776005167,0,9.781218434031683,10.339404803506,5.076667496432549,14.359350077025201,-2.1517135534214304,0.8741437786513373,330.3219876082519,17.13811295374143,0.4127297695385579,False,False,0,0.05,NORMAL_FLIGHT
8140.0,-0.0284758970042587,0.1659464835758349,9.694517133476976,1.5322543148167034,-8.529795474453676,-7.500226815657171,51.17465962829425,37.775307000000005,-122.4194,4.743877570927778,0.015565829767174109,0.013111219617843421,3,16.133807496696374,0,9.695979144129799,11.461178665721416,4.74390310851813,4.261964495094173,2.082158187886307,-0.8284639654396742,339.44446619919194,17.13811295374143,0.729053073870034,False,False,0,0.05,NORMAL_FLIGHT
8160.0,0.024059126342379774,0.16227931089831843,9.972272555568297,-2.1886866120216233,-3.13546412386148,11.549975605416176,51.132842701469436,37.775308,-122.4194,4.829214217085728,0.025657739584930773,-0.15677723475897754,3,16.186506901805373,0,9.97362187667282,12.166487613250338,4.829282376720534,13.88213662715101,2.0908463412407485,2.6349702554499643,150.3452002556502,17.13811295374143,1.4889296788981454,False,False,0,0.05,NORMAL_FLIGHT
8180.0,0.10288776681174981,-0.22965265775052368,10.07285075015737,0.9099494131139882,-0.20458767597534522,1.9366176451679924,51.03952029383126,37.775309,-122.4194,5.227656288977916,0.0709029775318304,0.010094697028958103,3,16.15650321873585,0,10.075993671629478,2.1495003966418578,5.228137097275973,5.1185897478329245,4.6661203819088115,-1.5001841534761695,0.029668649760249872,17.13811295374143,1.2855676540065275,False,False,1,0.9,RAPID_VOLTAGE_COLLAPSE
8200.0,0.14232297561777796,0.16375552875097213,9.60949644154596,2.1974302400425585,-0.7324033536408069,0.02925966679437699,51.119015073571795,37.775310000000005,-122.4194,5.06188323702841,0.13538918593234256,0.10925254146784197,3,16.170760189026623,0,9.611945357869535,2.3164564447402665,5.063693527157488,23.202415687997124,-3.9747389870267824,0.7128485145386776,0.03725097838666619,12.166487613250338,0.5425344741175309,False,False,0,0.05,NORMAL_FLIGHT
8220.0,-0.22492841836757385,0.30758638368251057,9.791677298594287,-0.49154923727188005,5.032055200132773,1.779083914116544,51.08300737472072,37.775311,-122.4194,4.887139410837875,-0.00951505120567793,0.0599441015306259,3,16.144501929807216,0,9.799089064633659,5.359882439318431,4.887148673527768,9.357185338206175,1.8003849425536345,-1.3129129609703583,0.03689906089887427,12.166487613250338,1.3329541733125438,False,False,0,0.05,NORMAL_FLIGHT
8240.0,-0.30682283414712447,-0.22450896124888278,9.492467809907504,-9.018752420462482,-5.289183093051172,-10.706683714165969,51.095059538613825,37.775312,-122.4194,4.828304821765472,0.21009871898131116,0.1099073062553966,3,16.12682086845108,0,9.50007840216939,14.964839764214084,4.832873774846731,14.95053312321346,-0.6026081946551187,-0.8840530678067893,0.05783173844400999,14.964839764214084,0.7960008968042587,False,False,0,0.05,NORMAL_FLIGHT
8260.0,0.2555353643797018,-0.18350056420285274,9.060581694752118,1.6573544816544765,1.303834087415316,-5.2765377617833735,51.125255390688,37.775313000000004,-122.4194,4.896921240376916,-0.17592870200405775,-0.1366246629397111,3,16.122586508284932,0,9.066041662533246,5.68231096974569,4.900080462874403,21.701836981807165,-1.509792603708604,-0.2117180083073933,0.1402200022920178,14.964839764214084,0.07587310781438816,False,False,0,0.05,NORMAL_FLIGHT
8280.0,0.06646280239591833,0.2035322933687005,9.87013788942412,1.8228073867772852,-2.8910604910987696,0.03582601832783283,51.20085878814507,37.775314,-122.4194,4.911104094024459,0.041934187246162526,-0.041400523513840465,3,16.129764127137427,0,9.872459908998966,3.417914720421111,4.911283121385266,40.32091232328598,-3.7801698728536337,0.3588809426247508,0.10114655378505882,14.964839764214084,-1.6133849431381009,False,False,0,0.05,NORMAL_FLIGHT
8300.0,-0.14969730731131073,0.0542990621651296,9.99267160687639,-3.4008673817397543,1.4757048966870832,-1.9466369502467995,51.193163899445786,37.775315,-122.4194,4.830807393474149,-0.07985203921840282,-0.09246922305235322,3,16.15402404664892,0,9.993940339767986,4.187242446569557,4.831467315527638,6.074021538451024,0.3847444349641904,1.212995975574671,0.13835677500570215,14.964839764214084,-0.7414882587399063,False,False,0,0.05,NORMAL_FLIGHT
8320.0,0.3102303951045046,0.11029525504790466,9.888620042726018,-6.4219351803625715,-0.32386129898938254,12.724283828165955,51.16619240975686,37.775316000000004,-122.4194,4.65164717752334,-0.1907221999688803,0.1717580205044318,3,16.156620770191136,0,9.894099973758882,14.256701460768799,4.655555436435251,4.992018300455214,1.3485744844462744,0.12983617711075368,0.1474194643325774,14.964839764214084,-0.8318503503613783,False,False,0,0.05,NORMAL_FLIGHT
8340.0,0.023134926858571735,0.06811784328009936,9.22513148467369,7.3793957525198275,0.4646782634148893,2.1740585272700343,51.174845792185394,37.775317,-122.4194,5.2280026572801575,-0.02017743762991586,0.063936284348663,3,16.157436607804346,0,9.225411978601915,7.707005776616072,5.228041594470887,33.43439975784834,-0.43266912142669867,0.04079188066050676,0.1852015097520514,14.256701460768799,-0.7978625357156943,False,False,0,0.05,NORMAL_FLIGHT
8360.0,0.2358594368127653,0.07813918418562883,9.704745170977057,2.45722755447201,-2.7496241623217283,8.549039226364025,51.2390498060125,37.775318000000006,-122.4194,5.194126734522289,-0.14571726984209565,0.2847009588957641,3,16.114748807454927,0,9.707925331379581,9.310449612257765,5.1961703260198675,24.125667638883286,-3.210200691355425,-2.1343900174709773,0.09290003662450341,14.256701460768799,-1.1379441532450585,False,False,1,0.9,RAPID_VOLTAGE_COLLAPSE
8380.0,0.01350369628202179,-0.2652944256622166,9.144495671984677,-1.1454051546085484,-2.550319750480412,0.09395354575849457,51.23054117944247,37.775319,-122.4194,4.745348909638628,-0.016142789803281682,-0.04676095334172275,3,16.143663652199994,0,9.148353107365676,2.797304249926149,4.745376366935625,27.97861120069527,0.42543132850170196,1.4457422372533557,0.14936237967125837,14.256701460768799,-0.29682391297399136,False,False,0,0.05,NORMAL_FLIGHT
8400.0,0.4121495849763974,0.20946354132428968,10.220910332296256,-5.685164415737437,1.4363625701371348,10.56288483746123,51.182797725363265,37.77532,-122.4194,5.027262259112733,0.003476924809445675,-0.07246742116823048,3,16.122300174087503,0,10.231361115530069,12.081339659008288,5.027263461457475,54.15040040821965,2.387172703960161,-1.0681739056245476,0.2081195704955614,14.256701460768799,0.10366174082520274,False,False,0,0.05,NORMAL_FLIGHT
8420.0,0.3510681684886409,0.23391799848555472,9.484183625364574,-4.10907414210673,4.718577528780222,3.975277565731539,51.10575983494749,37.775321000000005,-122.4194,4.819552359457047,0.11185414093359494,-0.014282663859515056,3,16.15000030484444,0,9.493561266910062,7.412981581323962,4.820850163030581,36.88999243100035,3.85189452078869,1.3850065378468557,0.189603829704543,12.081339659008288,0.6043257480936859,False,False,0,0.05,NORMAL_FLIGHT
8440.0,-0.0497928296958147,-0.04587814881360555,10.18662108283797,6.512951983931158,-2.991396670989239,0.1342048538846011,51.044694965717234,37.775322,-122.4194,4.947686555354693,-0.15075851347639377,0.1378357221422549,3,16.150702101390088,0,10.186846087761742,7.168333734627908,4.949982866578752,34.66424104258401,3.053243461512878,0.035089827282419606,0.21299699368426375,12.081339659008288,1.3015082646816012,False,False,0,0.05,NORMAL_FLIGHT
8460.0,0.1943141901908711,-0.008695389962772486,10.093760893105244,0.6883097043402304,-4.343837722864548,-0.13283088959019523,51.08791454058757,37.775323,-122.4194,4.931046684025269,0.09084451656457726,-0.03661196893753473,3,16.116826674127005,0,10.095634828057962,4.400038688113926,4.931883425855324,4.560562985188987,-2.1609787435167505,-1.693771363154184,0.23420465435186708,12.081339659008288,1.511352654249336,False,False,1,0.9,RAPID_VOLTAGE_COLLAPSE
8480.0,0.12907518991702951,-0.30622150051114444,9.539822894239181,-2.752935335003533,3.067300828359185,-9.544386262909633,51.07188331677223,37.775324000000005,-122.4194,4.9144331568564255,0.009808045027979403,0.012443759790694425,3,16.158780301998853,0,9.545609088239338,10.396263581978964,4.91444294411453,27.501286990931195,0.8015611907669751,2.09768139359241,0.13014428809207082,12.081339659008288,1.5865786267023907,False,False,0,0.05,NORMAL_FLIGHT
8500.0,0.27372631150646975,0.10285095120356698,9.470164514619677,2.5484461561232807,-0.16251946528844702,5.069157201363107,51.04150727127619,37.775325,-122.4194,5.400589416815257,0.10288491536095945,0.009669070288681957,3,16.185345743472887,0,9.474677849179683,5.676032515709244,5.401569341851106,3.546561952982774,1.5188022748020558,1.3282720737016973,0.12330185416393488,10.396263581978964,1.4129045408707697,False,False,0,0.05,NORMAL_FLIGHT
8520.0,-0.1929846921160209,0.11441148834282883,9.915111064915902,-4.071990937231619,4.15249066992976,-0.4020473453637896,51.005708910116994,37.775326,-122.4194,4.9119348630647615,-0.04317511750311278,0.003949676120218946,3,16.154415574181407,0,9.917648940634756,5.829745365336656,4.912124610569488,22.148554572753643,1.7899180579597385,-1.5465084645740035,0.10293091140150624,10.396263581978964,1.0005092483049793,False,False,1,0.9,RAPID_VOLTAGE_COLLAPSE
8540.0,0.13721029199968787,-0.0124382033998622,9.55670278884508,7.504215151401892,-4.5289860668557385,-5.019919601812046,51.009961203127006,37.775327000000004,-122.4194,4.838347234986615,-0.13322445867634455,-0.0652398460462478,3,16.133611753426088,0,9.557695829406468,10.100720402078258,4.840181063007067,17.997655561414394,-0.2126146505005977,-1.0401910377659362,0.07427229117083213,10.396263581978964,0.34733762590228423,False,False,0,0.05,NORMAL_FLIGHT
8560.0,0.21168489736991758,0.22487067197410054,9.840745392647463,6.764002674483626,-8.897194627117154,11.064617708120716,50.997988448438726,37.775328,-122.4194,4.847483714100591,-0.12174993262158662,-0.013729106791036658,3,16.12968709494031,0,9.845590241209557,15.726969493201242,4.849012415385613,14.394720590154453,0.5986377344139981,-0.19623292428896377,0.039595647007648574,15.726969493201242,0.899260921488434,False,False,0,0.05,NORMAL_FLIGHT
8580.0,-0.35174789728462286,-0.0668154461959881,9.665151722757924,-2.332870356013883,-2.6650204091316714,-12.502160258948011,50.98433184125276,37.775329,-122.4194,5.208755391280351,-0.12918074536671162,-0.018010260135135788,3,16.130986304158448,0,9.671781051648399,12.994176734963848,5.210357031064726,8.69045947805791,0.6828303592982365,0.06496046090695984,0.03504295149132798,15.726969493201242,0.8755147551946862,False,False,0,0.05,NORMAL_FLIGHT
8600.0,-0.23665170253315504,0.11292118517872006,9.27565247566031,-3.143351235154302,-3.8317630463250802,-4.2249589543243395,51.051798037643294,37.775330000000004,-122.4194,4.6695795336614125,0.04778141529206552,-0.0007564659674649148,3,16.11910248164375,0,9.27935795578537,6.512552740397114,4.6698239886356365,19.62115479315143,-3.373309819526682,-0.5941911257348664,0.06404101111956687,15.726969493201242,-0.1029076636710613,False,False,0,0.05,NORMAL_FLIGHT
8620.0,-0.40784643555202016,-0.20393286773842312,9.140859594262663,-13.0906659934614,-0.39394200040149957,10.277187487795334,51.12869885173638,37.775331,-122.4194,4.847475416712896,0.14769220222146995,0.09435168181527083,3,16.138514697499726,0,9.152226038049994,16.6475616566314,4.849724827475565,6.356595886768801,-3.8450407046543233,0.9706107927987873,0.08047273651795563,16.6475616566314,-1.2298994161938737,False,False,0,0.05,NORMAL_FLIGHT
8640.0,-0.053881366888911555,-0.004710430174847624,9.87800527454838,-7.40790385775684,-3.1842260713519477,3.1552294092025326,51.04819776809093,37.775332000000006,-122.4194,5.2893645680223065,-0.05649515266552205,0.17606280346244926,3,16.10984705633099,0,9.87815334937942,8.658626211122796,5.289666268841968,36.29636556647133,4.025054182272569,-1.4333820584367274,0.1100427321245475,16.6475616566314,-0.38236564963924025,False,False,0,0.05,NORMAL_FLIGHT
8660.0,0.14350845115919247,-0.03487085158056717,9.641532676100812,-6.697348874788781,3.705084756682246,-0.4785892765275731,51.06457740464808,37.775333,-122.4194,5.04879723759953,0.06291352982577834,-0.08404347626697069,3,16.093971927209516,0,9.642663687807625,7.6688449391313736,5.049189208043979,11.774483078589792,-0.8189818278573568,-0.7937564560737798,0.08985175388129207,16.6475616566314,-0.6658895620935112,False,False,0,0.05,NORMAL_FLIGHT
8680.0,0.30047141041920566,0.04506158440818832,9.64407305492576,0.6759517049369295,-1.4407513121125812,2.5100354315014655,51.02573429971701,37.775334,-122.4194,5.038384401007223,-0.152344205813562,-0.03919936247877151,3,16.135307491365136,0,9.648857896332279,2.972028418126922,5.040687069175974,0.30971042623271217,1.942155246553412,2.066778207781006,0.08827263074442453,16.6475616566314,-0.41402458464247616,False,False,0,0.05,NORMAL_FLIGHT
8700.0,0.014818956083955039,-0.07390538576667172,10.018759151728137,-1.631168522206798,0.7523724938695049,1.794141710488413,51.013321744023955,37.775335000000005,-122.4194,5.4264292920287405,0.0180321249177299,-0.08250118984061866,3,16.130489693831777,0,10.019042696178165,2.5388421760093745,5.426459252488365,18.50923999229428,0.6206277846526831,-0.24088987666797124,0.10860658884181387,16.6475616566314,0.38476293619339685,False,False,0,0.05,NORMAL_FLIGHT
8720.0,0.3257231091142584,-0.02629451913433356,10.162032682989734,-6.726677437076207,0.7881727922047198,-15.166625462859214,51.02878566328029,37.775336,-122.4194,5.0492695905897,0.06685626163371267,0.018710153722227268,3,16.117791206974907,0,10.167285537236529,16.610115400667492,5.049712185676874,7.4121420529182025,-0.7731959628166862,-0.6349243428434903,0.05280932857324182,16.610115400667492,0.9991318845609243,False,False,0,0.05,NORMAL_FLIGHT
8740.0,-0.2760202916429783,0.16520943428830126,9.728236583591459,-1.4058202123227863,0.9747754620609367,-3.4926188534796148,51.01814966743374,37.775337,-122.4194,4.858362767728083,-0.14481247752768686,-0.053834945751097686,3,16.102710249638836,0,9.733553738738166,3.889074970541537,4.860520490286425,21.68658992491812,0.5317997923274476,-0.7540478668035533,0.05648845804004728,16.610115400667492,0.3004810065718999,False,False,0,0.05,NORMAL_FLIGHT
8760.0,-0.34067648787103094,-0.08735284744764349,9.707820387927041,2.5266857382367425,-0.12064555227486702,16.16521654513749,51.02967266146512,37.775338000000005,-122.4194,4.943584588624731,-0.020388346897985455,0.02397968337419887,3,16.13330863741672,0,9.714188986919972,16.361935158173665,4.943626631287721,0.9682375909097374,-0.5761497015690509,1.5299193888942852,0.05037279806754702,16.610115400667492,0.3490474318295611,False,False,0,0.05,NORMAL_FLIGHT
8780.0,-0.011109539779323756,-0.3213154201477359,9.960042909934165,2.639196749577936,2.5530034520515676,-6.593241347771675,51.06332117176672,37.775339,-122.4194,4.772913538193886,0.07159171404855652,0.1103626910444787,3,16.10685983089442,0,9.965230644035724,7.546788560648563,4.773450430935141,12.552082855787638,-1.6824255150797995,-1.322440326114993,0.03753142191100239,16.610115400667492,-0.3758687204970812,False,False,0,0.05,NORMAL_FLIGHT
8800.0,0.07681308978786146,0.34991678084108413,9.402919329090128,-9.498351404294405,-3.9782756691290375,-3.1830101410433405,51.078050011793735,37.77534,-122.4194,5.2511874080031395,-0.2933770647229477,-0.25258316858046087,3,16.12303401943592,0,9.409741437130656,10.778539337824506,5.259376321967861,27.774460345253438,-0.7364420013509232,0.8087094270749162,0.08156505361544708,16.610115400667492,-0.6472826776978025,False,False,0,0.05,NORMAL_FLIGHT
8820.0,-0.006538949618818623,0.27629081573809733,9.87694591642431,-0.6413174024191541,6.9970896332694155,-5.416207633091875,51.04570819658535,37.775341000000004,-122.4194,5.114912343507343,0.13354530617017427,0.04917798896006909,3,16.160261918323148,0,9.880811707987062,8.871632119932311,5.116655414483553,23.553513542820337,1.6170907604191598,1.861394944361372,0.04508319347157052,16.361935158173665,-0.16922533305063325,False,False,0,0.05,NORMAL_FLIGHT
8840.0,-0.41348842000797537,-0.25845253902112375,9.975565791546646,-6.916703884858052,-1.182686916842676,-0.870152233181374,51.01424821623684,37.775342,-122.4194,5.224882829994177,0.035367937589104816,-0.0460187048897879,3,16.137135851419522,0,9.987476320366563,7.070834878781418,5.225002533796253,5.333230618975016,1.572999017425758,-1.1563033451812643,0.05707055713849633,16.361935158173665,0.03901451196902883,False,False,0,0.05,NORMAL_FLIGHT
8860.0,-0.01782400790255768,0.13794156104903887,10.014069062525289,4.50864348570137,-6.557745689493409,-5.831228313242981,50.94226295140594,37.775343,-122.4194,5.242596785709874,0.07167276477173427,0.0460422267984389,3,16.09587897756777,0,10.015034935463204,9.86585618435589,5.243086690371,1.3779307548320574,3.599263241545003,-2.062843692587535,0.06354439297100022,10.778539337824506,0.8740971005918396,False,False,1,0.9,RAPID_VOLTAGE_COLLAPSE
8880.0,-0.26089390010097063,-0.10059495411026863,9.22897418924926,3.9207320817674924,0.9403667849588653,4.8674150215806,50.8995669365299,37.775344000000004,-122.4194,4.917157843814493,-0.04127192791947644,-0.08964694377502004,3,16.096914174182555,0,9.233209060653365,6.320455580064083,4.917331047735202,39.09129374049191,2.13480074380179,0.051759830739150914,0.12914706862421135,10.778539337824506,1.6375423523681576,False,False,0,0.05,NORMAL_FLIGHT
8900.0,0.1339345097660077,0.052697443066211914,9.581593419057318,-4.490136131622292,-4.255902412237425,1.9731341229026655,50.99767035462482,37.775345,-122.4194,4.8110494295982225,-0.17227224815653555,0.11962609883068752,3,16.12459716224507,0,9.582674361655753,6.493634274422237,4.814132771488785,17.47326505011939,-4.9051709047461145,1.3841494031257895,0.10957624217324385,9.86585618435589,0.8037965716891193,False,False,0,0.05,NORMAL_FLIGHT
8920.0,0.07331964921936966,0.058844825802698744,9.54652102415296,-3.830226012001999,3.326672672544375,7.735476151070181,50.958070175920064,37.775346,-122.4194,4.989657377738391,0.05340629563169517,0.09132806180402842,3,16.09320394153641,0,9.546983929444938,9.250674227160191,4.989943184008437,1.784521610540768,1.9800089352379757,-1.5696610354330787,0.10833451644783855,9.86585618435589,0.8763802066528825,False,False,1,0.9,RAPID_VOLTAGE_COLLAPSE
8940.0,-0.18797595726547106,-0.0468815600632644,9.839966086322764,-2.3063352524915364,11.048027880211889,-10.509411661889605,50.898401235297875,37.775347000000004,-122.4194,4.825447785842292,-0.008259032541651208,0.05683521485426429,3,16.079825420340295,0,9.841873064674528,15.421602893924018,4.825454853742682,14.74445676147953,2.9834470311094208,-0.6689260598056634,0.08968570266943542,15.421602893924018,1.158469809389615,False,False,0,0.05,NORMAL_FLIGHT
8960.0,-0.10277338346733872,-0.15675313311727931,9.954223373930395,-11.263966973656697,-3.9328604577892508,-3.4034048288290326,50.91439762839011,37.775348,-122.4194,5.032991375081805,0.0032115455432320614,0.07932257178100985,3,16.12965694497831,0,9.955987991716022,12.406752507927601,5.0329923997233115,5.705746352074659,-0.7998196546118663,2.491576231900794,0.07942744502292387,15.421602893924018,0.27865323015824117,False,False,0,0.05,NORMAL_FLIGHT
8980.0,-0.21184270437779032,-0.1381082104632519,10.259013122233794,1.679840867202883,1.661861666119924,-2.25722631612135,50.90887939042552,37.775349000000006,-122.4194,5.2264193761669375,0.10876069851989537,-0.07456204671721736,3,16.124577794626187,0,10.262129479370286,3.2678311123181665,5.2275508974199125,15.307074382713193,0.2759118982297082,-0.2539575176061959,0.0859258730855967,15.421602893924018,-0.09312453895617523,False,False,0,0.05,NORMAL_FLIGHT
9000.0,-0.012535819454634375,-0.1832383830962485,9.661510355889579,-1.3642227317006537,-8.777527943523138,4.5564691008859475,50.89909972858306,37.77535,-122.4194,4.966372070790166,0.0762063873862598,-0.06196237546892899,3,16.126320620952747,0,9.663255963119816,9.9833617147906,4.966956709998898,29.943675812523463,0.4889830921229077,0.08714131632796551,0.07694010737758097,15.421602893924018,0.9857062604176292,False,False,0,0.05,NORMAL_FLIGHT
9020.0,0.19102846410024765,-0.16636444164608896,9.660728250507237,4.8508754128392955,2.269526147206736,-7.932211972070345,50.96955202690366,37.775351,-122.4194,5.029999017981548,0.1921237417089613,0.07524362008174794,3,16.121718932750916,0,9.664048806359027,9.570879164089366,5.033666819826634,0.039642161960529165,-3.5226149160301645,-0.23008441009153557,0.06170784769751728,15.421602893924018,-0.11481850983599884,False,False,0,0.05,NORMAL_FLIGHT
9040.0,-0.19714520926710877,-0.013435658009871052,10.154901605663625,-5.492046089812764,-4.42856899899845,9.15653804258344,50.99700836068158,37.775352000000005,-122.4194,4.981230876755327,0.015385422887349898,-0.07677291427686121,3,16.114301589668504,0,10.156823980514421,11.55928123011096,4.981254637014461,24.638758707769703,-1.3728166888959947,-0.3708671541206243,0.07594274250075295,12.406752507927601,-0.9860712538370819,False,False,0,0.05,NORMAL_FLIGHT
9060.0,0.10080930310356889,-0.14315199782215035,9.898973081559092,-3.0956147412496584,-3.124173092172412,11.864155905176087,50.970508714096404,37.775353,-122.4194,5.16054551448754,-0.06912124377911172,0.1445635046658087,3,16.10151360773581,0,9.900521353923954,12.653121491490586,5.161008404705328,12.815131329523322,1.3249823292589724,-0.6393990966346408,0.07612711104267915,12.653121491490586,-0.5611108570629142,False,False,0,0.05,NORMAL_FLIGHT
9080.0,-0.10605152367448817,0.13641041314252397,10.190295453356393,-7.5326262901955765,-5.50643244919914,-9.888723476355839,50.94928491821682,37.775354,-122.4194,4.866443521142342,-0.018841684690872627,-0.03235910712810316,3,16.124229652798498,0,10.191760208775685,13.59588574301689,4.866479996213923,14.561942742586531,1.061189793979267,1.1358022531343437,0.06540896145085032,13.59588574301689,-0.40405527791300244,False,False,0,0.05,NORMAL_FLIGHT
9100.0,-0.15857456645246884,0.29744923106718546,9.896618400902952,-5.021452817471266,3.6607561302736773,-4.908728948935657,50.92415559252153,37.775355000000005,-122.4194,4.56071074767138,0.04156633725386063,0.0501894389860622,3,16.143654198032234,0,9.902357179544623,7.919074676851165,4.560900161625766,14.470151461553105,1.256466284764457,0.9712272616868134,0.04671296631910043,13.59588574301689,-0.2505586393846926,False,False,0,0.05,NORMAL_FLIGHT
9120.0,-0.021406071990911567,-0.1160106482740086,9.462865014386018,-5.909909980341094,5.036521787366313,-5.319315082920923,50.967892573600544,37.775356,-122.4194,5.094173771875076,0.10158565189929775,0.209924951925509,3,16.102181522902658,0,9.463600317581145,9.412157066355238,5.095186558187222,21.937843098173904,-2.1868490539507235,-2.0736337564787988,0.08472129666546861,13.59588574301689,0.016594533031195624,False,False,1,0.9,RAPID_VOLTAGE_COLLAPSE
9140.0,-0.20704846448387482,0.047880900107075415,9.410061493566658,4.979868394232229,0.11692607329253832,26.323862046774984,50.95248519212789,37.775357,-122.4194,5.197566884261599,-0.14670339514387187,-0.07062233540680767,3,16.090940873634754,0,9.41246083444421,26.79101479952055,5.199636852946518,2.556974156846792,0.7703690736327928,-0.5620324633952123,0.10851631092036343,26.79101479952055,0.44523168553695314,False,False,0,0.05,NORMAL_FLIGHT
9160.0,-0.11072986106943641,0.09993702206058677,9.344546325282321,-3.4913092437569615,-4.3221335266785985,-4.299001052078867,50.86282751700518,37.775358000000004,-122.4194,5.089274848951707,0.0008537615179168946,0.0068761750844782785,3,16.08780286423809,0,9.345736703752044,7.025061459073307,5.089274920563945,3.336206534608266,4.482883756135436,-0.15690046983323214,0.13501628905540483,26.79101479952055,1.076811970912246,False,False,0,0.05,NORMAL_FLIGHT
9180.0,-0.2395755785177697,0.09440045418385488,10.008615550427542,0.6208784237230672,7.947615180519312,16.776254421561344,50.860411533068465,37.775359,-122.4194,4.871953900906397,0.16095416570383692,0.10541831646373075,3,16.09232022274703,0,10.011927543676704,18.57398151963177,4.874611887731625,33.309541996232994,0.12079919683571916,0.22586792544707635,0.09395652685004446,26.79101479952055,0.8887338514835363,False,False,0,0.05,NORMAL_FLIGHT
9200.0,0.3929450265832779,0.015191053583217482,10.166579046926103,-1.903817019309022,-3.752050638773281,-12.666319951066097,50.78356023301207,37.77536,-122.4194,4.772997580362786,-0.02402088710025202,0.09512773888765313,3,16.112856372690622,0,10.174181346890881,13.346837241148357,4.7730580244918555,8.11269016070888,3.8425650028198532,1.0268074971795826,0.1461291433535139,26.79101479952055,1.4059535950946156,False,False,0,0.05,NORMAL_FLIGHT
9220.0,0.007052710394345723,0.14853648367194447,10.364808642415914,-6.347326330064065,-10.810161499637195,-9.896509661643634,50.892771763099816,37.775361000000004,-122.4194,5.098899506356064,0.09310118548691045,-0.032781531023935814,3,16.065161425717424,0,10.365875313817215,15.971507338744475,5.099749406260781,9.584698346316678,-5.460576504387404,-2.3847473486599213,0.21060975984722186,26.79101479952055,0.7512081050072794,False,False,1,0.9,RAPID_VOLTAGE_COLLAPSE
9240.0,-0.1399451015985171,0.09644979053613145,10.062931599696972,-0.8415021158582136,2.2919450497853417,-6.8660453184820085,50.84448836740745,37.775362,-122.4194,5.0282957905869345,0.049311752721600516,-0.0516730437521854,3,16.115886960264536,0,10.06436682428337,7.287229668240057,5.0285375813044055,15.075424476692234,2.414169784618281,2.536276727355613,0.1490655585105734,18.57398151963177,1.079968247204377,False,False,0,0.05,NORMAL_FLIGHT
9260.0,0.04279598214684441,-0.24753248446545958,10.158851573260495,2.9955166593179734,-5.523873368207584,-8.456893114465224,50.83639512913957,37.775363000000006,-122.4194,4.9748414744683345,0.095586060652498,-0.023313593254505174,3,16.119131386769205,0,10.161956952993394,10.53590708927019,4.9757596797957735,4.879506435501213,0.40466191339412205,0.1622213252334248,0.018391658247730248,18.57398151963177,0.2643238786561142,False,False,0,0.05,NORMAL_FLIGHT
9280.0,-0.022465609938165966,0.17383121287785464,9.635995100203894,-6.038796962716761,4.943043967495874,-2.678987341584987,50.84930526587462,37.775364,-122.4194,5.364492668598758,-0.08097605415999325,0.1447857766151364,3,16.06944113415182,0,9.637589095066978,8.250922711908476,5.3651037932920875,26.218392896320797,-0.645506836752574,-2.48451263086924,0.07332010421098491,15.971507338744475,0.11106267193845554,False,False,1,0.9,RAPID_VOLTAGE_COLLAPSE
9300.0,-0.0441939199066446,0.17745816745334841,9.463075254976843,4.0455639536568935,-1.9056884833670942,-7.087782027214981,50.83487235784066,37.775365,-122.4194,4.8106399811637335,-0.08054016700655808,-0.027910585635994658,3,16.084968667412518,0,9.464842195467797,8.380625893337424,4.811314139283825,8.63734497995905,0.7216454016980123,0.7763766630349167,0.14083082673823755,15.971507338744475,-0.5131212482859127,False,False,0,0.05,NORMAL_FLIGHT
9320.0,0.12283334000868505,-0.1526572208357163,10.065023799725266,-4.248604607388481,3.0185662027209808,-8.193415927345736,50.82037083776735,37.775366000000005,-122.4194,5.355007404225493,0.0020271892122288066,0.0078115692483465,3,16.10529547052237,0,10.06693083047296,9.710532816926925,5.355007787931401,30.104431750258165,0.7250760036654924,1.0163401554926565,0.09488732795457788,10.53590708927019,0.7240092533246667,False,False,0,0.05,NORMAL_FLIGHT
9340.0,0.15150154200946103,0.007587567089520406,9.935304225671821,-2.4149196303642038,7.00750173276079,11.584719964733276,50.84146220207539,37.775367,-122.4194,5.006356780974128,-0.15322217872403116,-0.04267864709234251,3,16.09998203110677,0,9.936462164425421,13.752914382670083,5.008700954784441,6.523433302376969,-1.0545682154020852,-0.2656719707800903,0.08631338101147568,13.752914382670083,0.030261653320593496,False,False,0,0.05,NORMAL_FLIGHT
9360.0,-0.1061002295221055,0.1366657985622139,9.842233312302268,2.653415615050239,-6.0442943231036095,12.237936225131651,50.91777300001521,37.775368,-122.4194,4.632885904625825,-0.026974060661165773,0.07055485647959868,3,16.112393749865625,0,9.843753926881439,13.904718312173193,4.632964429523413,4.635411877199136,-3.815539896990927,0.6205859379427636,0.05749699533479243,13.904718312173193,-0.8137787087564163,False,False,0,0.05,NORMAL_FLIGHT
9380.0,-0.11516364812893601,-0.04186276391587232,9.926211444189898,-3.31718078609744,-2.8296856544620272,9.492964983753158,50.95614845410607,37.775369000000005,-122.4194,4.964159469136172,0.02528766575156671,0.015552503758365636,3,16.098327838857315,0,9.926967754134166,10.446396194548903,4.964223877007713,4.160691362636371,-1.9187727045430591,-0.7032955504154614,0.05220497098660898,13.904718312173193,-1.0684318823145134,False,False,0,0.05,NORMAL_FLIGHT
9400.0,-0.055010339430328806,0.21459560955320237,9.906955644737462,0.18787429667932803,-0.37835536328531716,5.23998955584328,51.03007414803475,37.77537,-122.4194,5.191899215319888,0.17846356069497726,-0.10034338107582291,3,16.12559554061054,0,9.909432252146397,5.256989640243376,5.194965515240232,0.8767750993884604,-3.696284696433949,1.3633850876612286,0.006609336130341324,13.904718312173193,-1.9520179019409056,False,False,0,0.05,NORMAL_FLIGHT
9420.0,-0.460384232947117,0.4727744989238722,10.195145057956069,-1.5734541439404623,7.6877565951717175,0.9274306577955228,50.97774319263007,37.775371,-122.4194,4.926988993439005,0.04027181892698217,-0.09688241140349944,3,16.093026336881557,0,10.216479438708085,7.901739494232184,4.927153575937003,15.352359328084386,2.616547770233879,-1.6284601864491322,0.02081951129600878,13.904718312173193,-1.5737235486272283,False,False,1,0.9,RAPID_VOLTAGE_COLLAPSE
9440.0,-0.30303821243971046,-0.15719720652699648,10.198495675445088,0.6468400335190926,-3.291913589702227,-4.970306906659087,50.99361132429284,37.775372000000004,-122.4194,4.705044291752321,0.06252284708731023,-0.1998605566555507,3,16.07893863991543,0,10.204207816484859,5.996586350367366,4.7054596899515575,0.6135811111612988,-0.793406583138534,-0.7043848483062831,0.031119862973791882,13.904718312173193,-1.521491222174518,False,False,0,0.05,NORMAL_FLIGHT
9460.0,0.27337485348890495,-0.276208920630755,9.973266105702105,-11.903695527617487,-2.972518479745036,-9.53157504755092,51.001373626895756,37.775373,-122.4194,4.967097093640766,0.11644758470500059,-0.08313214091256162,3,16.076480037111985,0,9.980834734304668,15.536561917417302,4.968461892541612,11.168654109009513,-0.3881151301456498,-0.12293014017235038,0.022786584444529665,15.536561917417302,-0.8360062688054626,False,False,0,0.05,NORMAL_FLIGHT
9480.0,0.32899354270025677,0.06076371912097515,10.06374086176888,-9.148409076040414,2.390702877779042,3.629957034326874,51.018928191479596,37.775374,-122.4194,4.828565525221659,-0.09646575888950566,0.07939458036321723,3,16.111607819410246,0,10.06930032889756,10.128446916653054,4.8295290323174624,4.42327972964458,-0.8777282291919875,1.7563891149130484,0.018254457989669952,15.536561917417302,-0.6277973737352482,False,False,0,0.05,NORMAL_FLIGHT
9500.0,-0.049807207911275665,0.14431250102522872,9.964218765727432,3.079835030234191,-2.886143628552855,-11.736303925467979,51.08773979001137,37.775375000000004,-122.4194,5.098362880217593,-0.016508266237098574,0.1323760538012268,3,16.096640446851143,0,9.965388224609555,12.472210657660051,5.098389606653731,5.195605214400256,-3.4405799265886827,-0.7483686279551094,0.014219017530234405,15.536561917417302,-0.576656419766195,False,False,0,0.05,NORMAL_FLIGHT
9520.0,0.1153113926111533,-0.0461732747689538,9.671649080389615,5.185907028245252,0.7626294144880829,-9.939209291753933,51.07670033252177,37.775376,-122.4194,5.154679963213522,0.24254125918038927,0.0685558363217184,3,16.107871916813902,0,9.672446672004458,11.236686196327351,5.160382910749915,14.647077630254834,0.5519728744801,0.5615734981379461,0.038258676649891105,15.536561917417302,-0.9895713989169508,False,False,0,0.05,NORMAL_FLIGHT
9540.0,0.062250030908707225,0.29065213266420686,10.036969402473943,-4.552433517657606,-7.757687104840634,11.529132562048098,51.05642516419407,37.775377,-122.4194,4.7887459184503784,-0.007912222238450872,0.05546322006406813,3,16.106609623571376,0,10.041369852503617,14.622833438926287,4.7887524549443885,18.446159024957964,1.0137584163850022,-0.06311466212629568,0.025179769481973157,15.536561917417302,-0.6281383990122436,False,False,0,0.05,NORMAL_FLIGHT
9560.0,0.6157761616910475,-0.2677211599446498,9.391651479342222,-1.2201417608556717,11.071649712782982,19.00649041722087,51.083124204065,37.775378,-122.4194,4.85883918897687,0.11164307487822073,-0.012652604952864958,3,16.05309975131891,0,9.415623846045467,22.029908108275446,4.860121648735315,31.28730032290754,-1.3349519935466958,-2.675493612623292,0.07919063903751081,22.029908108275446,-0.8175057716924528,False,False,1,0.9,RAPID_VOLTAGE_COLLAPSE
9580.0,0.22391498228691536,0.13858372460632223,10.126167465688765,1.4735962645115077,-6.738546151547017,3.9329513816648074,50.994214067686706,37.775379,-122.4194,5.151328493021388,0.09637378771731073,0.0774914554913987,3,16.069844671141112,0,10.129590856060867,7.940251681014305,5.152229920138753,35.69835050077001,4.4455068189147795,0.8372459911100805,0.08704621603244274,22.029908108275446,0.24714123792890064,False,False,0,0.05,NORMAL_FLIGHT
9600.0,-0.02558351829615331,-0.12117216415177867,9.45164311807019,3.4660880082935206,-1.6087635199510417,11.064571522946443,50.9823714652306,37.775380000000006,-122.4194,4.828231144340208,-0.14781137143876893,0.02862782230818843,3,16.071383397138895,0,9.45245443475594,11.70583739553727,4.830493161645441,33.856821065246386,0.5921301228053011,0.07693629988914097,0.10876105812741355,22.029908108275446,1.0536832478076974,False,False,0,0.05,NORMAL_FLIGHT
9620.0,-0.19110808812008517,0.34387558124145934,9.89574098603842,-10.138386358354243,-0.16240517921047307,-2.4584831744398334,50.97566158076632,37.775381,-122.4194,4.783568372834401,0.031047927700593333,0.18044489719871248,3,16.074624188966535,0,9.903558066648559,10.433474632762643,4.783669130635611,22.55518159463099,0.33549422321392797,0.16203959138199053,0.11137193482955865,22.029908108275446,1.010387517554463,False,False,0,0.05,NORMAL_FLIGHT
9640.0,-0.32128926405151453,0.39850307063362367,9.556453812472153,-4.430201234891886,9.563440671783978,-13.376741860876841,50.929643649950975,37.775382,-122.4194,4.764261773640749,0.014674747220522567,-0.009844531417674846,3,16.08168794099223,0,9.570153653855968,17.03007055995084,4.76428437396221,16.67022063962955,2.3008965407672832,0.35318760128468796,0.09620726411509628,22.029908108275446,1.2678151424309192,False,False,0,0.05,NORMAL_FLIGHT
9660.0,0.040692727173444625,-0.1533313175566696,9.976016694922329,-1.662896899249375,-6.624228904663701,6.12171618618584,50.98249660051881,37.775383000000005,-122.4194,5.070407722591624,0.03299587878404347,0.1343008083736131,3,16.1092276142035,0,9.977277959862475,9.171752490289135,5.070515082448085,20.356215300325342,-2.642647528391606,1.3769836605636243,0.08104522037797887,17.03007055995084,1.0062760354619371,False,False,0,0.05,NORMAL_FLIGHT
9680.0,-0.15127014905686068,-0.10991142718171604,9.799822432221628,3.515700986180246,9.918520677393756,5.692893232700639,50.92938458465164,37.775384,-122.4194,5.061831543903493,-0.075411247979106,0.08741140818178601,3,16.112363844146227,0,9.801606137919185,11.96437374922085,5.062393251731653,8.78359109716449,2.6556007933582038,0.15681149713628884,0.049593130002532106,17.03007055995084,0.648294830350622,False,False,0,0.05,NORMAL_FLIGHT
9700.0,-0.28445074191953484,0.1719175773959604,9.331573212551001,12.492152418607475,3.785884105510113,0.7166855388024412,50.922590932233454,37.775385,-122.4194,4.863190793924192,-0.11169195119121592,0.07354432862041588,3,16.081685955281884,0,9.337490374784634,13.072889071341622,4.864473228425655,23.205788156727536,0.3396826209094428,-1.533894443217143,0.0688232395825112,17.03007055995084,0.5978053299714503,False,False,1,0.9,RAPID_VOLTAGE_COLLAPSE
9720.0,-0.1293145768485053,-0.07742612995790293,9.936209889305545,-1.1400286340485892,2.0854766221162304,-2.4237545810511136,50.9372487934996,37.775386000000005,-122.4194,5.0010170792256465,-0.047601000002085135,-0.20114913254618202,3,16.081667729446842,0,9.937352968961054,3.394622850481372,5.00124361353332,29.993129708820998,-0.7328930633072162,-0.0009112917521036934,0.07218682574617408,17.03007055995084,0.3841278726672215,False,False,0,0.05,NORMAL_FLIGHT
9740.0,-0.216309600722879,-0.009082243586447644,9.636623766950187,-7.034887310519943,-4.923168435089777,9.62210578581098,51.00492137157341,37.775387,-122.4194,5.305426476831026,-0.00977949970842029,0.09291895615477108,3,16.071734246979585,0,9.639055449382095,12.896206677365091,5.305435490105804,14.914875978947961,-3.38362890369055,-0.4966741233628724,0.06780943104523755,13.072889071341622,-0.7527772162243451,False,False,0,0.05,NORMAL_FLIGHT
9760.0,0.337428327014513,0.0050776841084820366,10.07434401624401,2.01134038600649,2.8557062101903687,-9.857330334274744,51.004393549829366,37.775388,-122.4194,4.805187968616355,0.1184984447600316,-0.012750797890915334,3,16.086776250192894,0,10.079994594064981,10.457892207625475,4.806648863308607,22.046957234144315,0.026391087202171093,0.752100160665492,0.08217990085281579,13.072889071341622,-0.21896949310558966,False,False,0,0.05,NORMAL_FLIGHT
9780.0,0.1763279513898901,-0.3839346312395313,9.810397706620323,6.60497894770355,-3.617433112099,-7.737805788906577,51.05120122953578,37.775389000000004,-122.4194,4.60965147819791,0.18173108197256072,-0.044392649443489175,3,16.088192488690197,0,9.819490847776564,10.797463019013007,4.613232374009258,13.025187314420883,-2.340383985320571,0.07081192486513288,0.08262397924339683,13.072889071341622,-1.2181664488413446,False,False,0,0.05,NORMAL_FLIGHT
9800.0,-0.0015945282633234746,-0.00276754921884745,9.928626295616413,0.5400706048975046,6.333306265992062,-10.08106506760428,51.08623099939963,37.77539,-122.4194,5.091015115144074,0.1396597846223178,-0.14829130411779132,3,16.099421156922958,0,9.928626809375743,11.917647310371287,5.09293037043176,5.456798079958958,-1.75148849319271,0.5614334116380348,0.026840828494540857,12.896206677365091,-1.6364006716617752,False,False,0,0.05,NORMAL_FLIGHT
9820.0,0.29598882777800517,-0.13794555481283477,9.522729313495438,-4.533242725771464,-4.855310145538666,0.8497296263582721,51.09240387720809,37.775391,-122.4194,4.977919767219682,0.08601852107818442,-0.0005587133968183114,3,16.098409995129956,0,9.528326817462093,6.69674298879997,4.97866291235357,20.014999595682514,-0.30864389042299933,-0.050558089650110105,0.048756782138215576,12.896206677365091,-1.5515508370849318,False,False,0,0.05,NORMAL_FLIGHT
9840.0,0.01547366152952366,-0.09862456447995441,9.633200330571793,4.789969707400095,-0.5657924722804198,-10.878930121092584,51.03792820679442,37.775392000000004,-122.4194,4.8579949826369795,-0.10043402622995899,0.003355159681824261,3,16.035548434376317,0,9.633717602662458,11.900212245969197,4.859033056581405,5.269539260018252,2.7237835206836536,-3.1430780376819456,0.049189624373317156,11.917647310371287,-0.3300683522100911,False,False,1,0.9,RAPID_VOLTAGE_COLLAPSE
9860.0,-0.17225684026565274,0.2887264006937628,9.672408409169675,3.3177280924921746,-2.7763654400658577,-6.842421805152435,50.966199163749195,37.775393,-122.4194,5.130416047470981,-0.04088961749894955,-0.13030019218148045,3,16.07768947123235,0,9.678249830793382,8.095323397624666,5.130578990812535,2.2266114065462084,3.586452152261188,2.1070518428016882,0.024830763807411838,11.917647310371287,0.3819438608017123,False,False,0,0.05,NORMAL_FLIGHT
9880.0,0.3046248154539315,-0.2513013788558513,10.067010744072768,-5.1304042209781215,-4.937614812134973,-7.0575556222719795,50.97152443382016,37.775394000000006,-122.4194,5.167845028933758,0.020992605241299783,-0.1473280172893692,3,16.107571945590287,0,10.074753296358265,10.025476490676523,5.1678876664020255,19.82517327824418,-0.26626350354810313,1.4941237178968336,0.050856486518090334,11.917647310371287,0.7967679571562059,False,False,0,0.05,NORMAL_FLIGHT
9900.0,0.10778200873693174,0.16264103734959545,10.313213126341648,1.9071280876717098,3.7065990845395715,-2.6060833233395817,50.94438959012503,37.775395,-122.4194,4.558344396023982,-0.0632439038076175,0.048661948012811124,3,16.070277221213782,0,10.315058606609233,4.916063934133142,4.558783107818583,12.015265512548368,1.3567421847564987,-1.8647362188252359,0.11161605779171388,11.900212245969197,1.4184140927460476,False,False,1,0.9,RAPID_VOLTAGE_COLLAPSE
9920.0,-0.2074492308652913,-0.055792586066361706,9.568448474477137,4.986327838294363,2.6772937370481675,-14.873744464039769,50.99035264470909,37.775396,-122.4194,4.869480418133702,0.05772056525279509,0.08717051310613771,3,16.100973930914538,0,9.570859637711255,15.914133386613937,4.869822502539562,37.209948444898885,-2.2981527292031956,1.5348354850377888,0.10522164626353805,15.914133386613937,1.0205123249900083,False,False,0,0.05,NORMAL_FLIGHT
9940.0,-0.03806773561672164,-0.05595203369916688,10.133054443397304,5.909450212794468,6.045050994504986,0.87204992037267,51.02764547061402,37.775397000000005,-122.4194,5.463503246239371,0.07204861082542878,0.019028290992242177,3,16.071209633334444,0,10.133280423210635,8.4985124820338,5.463978287291232,28.12103927496903,-1.864641295246372,-1.4882148790047012,0.0999799673966123,15.914133386613937,0.1028273618040032,False,False,0,0.05,NORMAL_FLIGHT
9960.0,-0.17512365067695146,0.1580743792103423,9.15909677468229,-0.33224487654727985,-8.899375541040836,12.473036506646778,51.01841492089217,37.775398,-122.4194,5.116680983159638,0.05362900625654685,0.1150834649684363,3,16.0799867134709,0,9.162134550986723,15.325988104347825,5.11696202387115,48.557293611195625,0.4615274860924501,0.4388540068227087,0.22452803966287904,15.914133386613937,-0.5221575714297444,False,False,0,0.05,NORMAL_FLIGHT
9980.0,-0.2765599461928672,0.06801025891377808,9.451743179672313,-1.7903972308965943,5.320853511705219,1.3549137231676192,50.960529274695105,37.775399,-122.4194,5.13522072765943,0.10251346045575814,-0.00863849843514986,3,16.052900005061474,0,9.456032991357306,5.775187922020884,5.136243854350926,14.694922018529155,2.8942823098532244,-1.3543354204712088,0.23193787382465608,15.914133386613937,0.10995159125052112,False,False,0,0.05,NORMAL_FLIGHT
10000.0,0.18523550950632828,0.1141225994439062,9.522366463143968,6.136369110406314,12.527244526784468,15.413211448013207,50.98606605217547,37.775400000000005,-122.4194,5.234578855726296,-0.0904591213713074,-0.005435127440020237,3,16.05280242254552,0,9.5248516639418,20.788313265730952,5.235360412565317,3.440933629224663,-1.2768388740180825,-0.0048791257977853775,0.12466625900076435,20.788313265730952,-0.4167646205043951,False,False,0,0.05,NORMAL_FLIGHT
10020.0,0.38188332809402614,0.19363693210657223,9.404247393167784,-6.050802514904426,-2.2582054458847347,13.339981858769253,50.93516857986871,37.775401,-122.4194,5.003413765039945,0.09328287040921979,-0.09170280287407905,3,16.088446799929503,0,9.413989545864967,14.82116118603701,5.004283265174243,5.543105903841639,2.544873615337906,1.782218869199248,0.12947591581917514,20.788313265730952,0.5518406484038252,False,False,0,0.05,NORMAL_FLIGHT
10040.0,-0.2797135147638283,-0.06626167663666455,9.334923483063726,2.192896454605027,9.475743060544849,7.777350472478545,50.897245383722165,37.775402,-122.4194,5.159336832018324,-0.06956454501201963,-0.15602419775537174,3,16.090722908875648,0,9.339348301395919,12.453340185743157,5.159805788219515,3.7320622234523704,1.8961598073271801,0.11380544730723585,0.019258392452661952,20.788313265730952,1.3040008689185356,False,False,0,0.05,NORMAL_FLIGHT
10060.0,0.11259384733811417,-0.12244734690155007,9.93389967364134,-6.850133136822146,-1.315806360299133,0.7468584263688565,50.84827459681141,37.775403000000004,-122.4194,5.14361240876744,-0.09409359526428855,0.18546621338595848,3,16.07276469618304,0,9.935292318457126,7.015231135110991,5.144472977506651,29.797200853060346,2.448539345537881,-0.8979106346304278,0.054872454283281746,20.788313265730952,1.7014032408076218,False,False,0,0.05,NORMAL_FLIGHT
10080.0,-0.13012851382436538,-0.21703010531155964,9.745779690681642,5.326881361298014,-6.862048687806535,0.2250038824543957,50.841349545714415,37.775404,-122.4194,5.107808299350552,0.05321161341863817,0.11312990502497465,3,16.046835207993656,0,9.749064430806909,8.689879399525124,5.108085463137534,9.311394382510851,0.34625255484961315,-1.2964744094691838,0.06063676406796086,20.788313265730952,1.1917972898068996,False,False,0,0.05,NORMAL_FLIGHT
10100.0,-0.09742507675293921,-0.16508210599579104,9.923821619281533,-1.2902275780558075,-1.528162212033978,7.6379977236325995,50.89985916241794,37.775405,-122.4194,4.935597605876519,0.12158735621989808,-0.13925125671384783,3,16.071411358765964,0,9.925672736828465,7.8955035416166535,4.937095017550966,8.83041530107782,-2.9254808351762307,1.2288075386154063,0.07920897702604787,14.82116118603701,0.8620688975752699,False,False,0,0.05,NORMAL_FLIGHT
10120.0,-0.11847878484777384,0.5898188850617451,10.017141805836454,6.342916178237346,5.2410198383763795,-3.9167060950403245,50.899607118906765,37.775406000000004,-122.4194,5.034411784473252,0.04880134863760099,0.015575190783128046,3,16.094829541634695,0,10.035190755430158,9.112708775404043,5.0346483082010804,5.4759009300846095,0.012602175558740214,1.1709091434365604,0.07603978332930683,12.453340185743157,0.3556146096194368,False,False,0,0.05,NORMAL_FLIGHT
10140.0,-0.1727981539359632,0.24893591614735736,9.88968509795176,2.457063781777635,-4.1908824116576575,-18.825207514674638,50.877446184285375,37.775407,-122.4194,4.882327687138645,0.0020804023772544233,-0.010004631110366667,3,16.10369174660964,0,9.894326638483335,19.441941667092497,4.882328130377417,7.043205847341127,1.1080467310694786,0.44311024874730265,0.010670529861659618,19.441941667092497,0.1979919943678965,False,False,0,0.05,NORMAL_FLIGHT
10160.0,0.009704325588965399,-0.27021487324160426,10.007328952845112,-6.11610115030965,-3.0016932950324353,4.920040541029598,50.80116543778312,37.775408000000006,-122.4194,5.002562860913299,0.031015382610150705,-0.02739924731630432,3,16.06164983334948,0,10.01098112185355,8.403788124627876,5.002659006103405,5.832724168510772,3.814037325112807,-2.102095663008008,0.01285257992755658,19.441941667092497,0.4710915902828816,False,False,1,0.9,RAPID_VOLTAGE_COLLAPSE
10180.0,-0.16619002328220756,-0.26449159134871403,9.78914031412732,7.123138660386217,2.967697161465954,-11.310686299349712,50.82877166701961,37.775409,-122.4194,4.7663018215801465,0.013642691806728011,-0.04090178478149395,3,16.033936209778233,0,9.794122881371534,13.692258958242029,4.766321346430384,10.842912024100837,-1.3803114618244905,-1.3856811785624146,0.00933893714516103,19.441941667092497,0.12577878694806088,False,False,0,0.05,NORMAL_FLIGHT
10200.0,0.05409136515596777,0.0963732123436983,9.453901983508278,7.756226332138647,0.015300583692864276,-9.621412281903847,50.78975143672318,37.77541,-122.4194,4.84187520174541,-0.11259508961353942,0.03812691469679789,3,16.08309041356188,0,9.454547920742886,12.358432559252506,4.843184192603275,16.978748031432378,1.951011514821488,2.4577101891823716,0.05523497834161934,19.441941667092497,1.1010772569476046,False,False,0,0.05,NORMAL_FLIGHT
10220.0,-0.010047621889827392,0.1094529594755934,10.127344254246239,4.411432462996078,2.9231147624337037,0.0022394799578804667,50.79562731768108,37.775411000000005,-122.4194,4.943537591615014,-0.12426201449449154,0.08181755254714745,3,16.05991345442908,0,10.12794068648992,5.292007303963589,4.945099085757231,33.669638287351674,-0.29379404789509067,-1.1588479566400522,0.06610790734074401,19.441941667092497,1.0397980122568384,False,False,0,0.05,NORMAL_FLIGHT
10240.0,-0.04778960937328195,0.10977676706347289,9.633266360165662,-3.8079393251810996,1.1891477037916793,-0.9512487755346981,50.77791638688525,37.775412,-122.4194,4.811258913713985,-0.00788258794734548,0.040239116902820546,3,16.083443103976794,0,9.634010356609044,4.101139890158586,4.811265370979346,24.696516494043763,0.8855465397914486,1.176482477385754,0.07472225782399368,13.692258958242029,0.9952979740012324,False,False,0,0.05,NORMAL_FLIGHT
10260.0,-0.18151273240831958,-0.05099115871073957,9.529321110371272,-1.5300697717870442,2.398126597757865,-14.120756063156303,50.819825247865225,37.775413,-122.4194,4.898996545850965,0.007985683576930377,-0.012051837437919372,3,16.069353310433318,0,9.531186064433985,14.404439471238568,4.8990030544389205,5.141214608752964,-2.0954430489986464,-0.7044896771738252,0.07118556719419404,14.404439471238568,-0.1865981008210582,False,False,0,0.05,NORMAL_FLIGHT
10280.0,-0.11535426611366656,-0.025090852000580047,9.756624637258682,0.727136087028797,-2.1615059290477054,1.654915641331403,50.811963428263795,37.775414000000005,-122.4194,4.967214804648897,0.0011332378367734082,-0.015722671689112,3,16.045212558605122,0,9.75733880061197,2.817726131172308,4.967214933919326,11.307636808899257,0.3930909800715199,-1.2070375914097653,0.06987885563129868,14.404439471238568,0.16808238755814386,False,False,0,0.05,NORMAL_FLIGHT
10300.0,0.15107824516515123,0.06557590483187148,9.536156724211047,-3.5185519966571666,1.1586547101519626,9.661396608610485,50.80901711053764,37.775415,-122.4194,5.080452468932876,0.06761016136499133,0.09368143169226667,3,16.063195902720942,0,9.537578828202275,10.347235056738956,5.080902323702548,10.987998620484785,0.14731588630780834,0.8991672057909739,0.06102591420360026,14.404439471238568,-0.19265673814459205,False,False,0,0.05,NORMAL_FLIGHT
10320.0,0.10018343752487616,0.017178601258666083,9.684770885403172,8.461732862316024,-4.636865028479668,-11.283415702657829,50.833304467910416,37.775416,-122.4194,5.189851460370582,-0.02154767161643399,0.046344493811606234,3,16.087347357636233,0,9.685304276492733,14.846444363702776,5.18989619191586,7.386272414522921,-1.2143678686388881,1.2075727457645513,0.009397871152826224,14.846444363702776,-0.37677150229335155,False,False,0,0.05,NORMAL_FLIGHT
10340.0,-0.19551104895971022,-0.44386007454950704,9.91321617646904,0.7216323586301842,6.442168112516943,12.724833308487593,50.938651477023576,37.775417000000004,-122.4194,4.907243125724379,0.0562979181904856,0.007268946303543318,3,16.057347085303196,0,9.925073868614373,14.280884635755152,4.907566051574014,11.988479606081981,-5.267350455658004,-1.500013616651863,0.02705845479885266,14.846444363702776,-1.607350901383242,False,False,1,0.9,RAPID_VOLTAGE_COLLAPSE
10360.0,0.019866461085845177,-0.04595992611503877,9.914502521773839,-13.516740235536787,-3.1713735840865684,-15.60170825129944,50.9830738235415,37.775418,-122.4194,5.267020923453725,-0.014458676732644785,-0.0035901297600107827,3,16.03878363660103,0,9.91462895147087,20.884759451894247,5.267040768916848,0.5222458571751076,-2.2211173258963157,-0.9281724351083653,0.026534451637970215,20.884759451894247,-1.632485756762776,False,False,0,0.05,NORMAL_FLIGHT
10380.0,0.1502774246743578,-0.17028128685206273,9.540650980072312,1.6967790637811018,5.6442374377469475,21.173241443709536,50.97864351822407,37.775419,-122.4194,5.187722215725099,0.18233589620364662,0.034527050961228885,3,16.026856431285395,0,9.543353715784274,21.97823079045648,5.190925559721707,18.563761784329813,0.2215152658717301,-0.596360265781648,0.03640346283743324,21.97823079045648,-1.666800899602734,False,False,0,0.05,NORMAL_FLIGHT
10400.0,-0.3338810562242744,0.03504228378170241,9.663688388115377,-1.740786984086566,-1.168034804914327,-4.112604304834833,50.97880341775483,37.775420000000004,-122.4194,5.100818766388788,0.008071372672644668,-0.04683486885594495,3,16.04233559570743,0,9.669517970610222,4.616076125629045,5.100825152325931,6.308212741297403,-0.007994976538228116,0.7739582211018003,0.027772436707049052,21.97823079045648,-1.6978630721719412,False,False,0,0.05,NORMAL_FLIGHT
10420.0,0.10867203847598701,0.5970518005206821,10.132299901431074,-0.3746327805922394,1.0099950537866063,1.4561699682689124,50.952560444738616,37.775421,-122.4194,5.030729825859324,0.23407226115256774,0.08215388173082105,3,16.048725738996694,0,10.15045721911046,1.8113173950072827,5.036172396198492,24.04696242501192,1.3121486508108404,0.31950716446313976,0.0565630076069833,21.97823079045648,-1.1925597682819955,False,False,0,0.05,NORMAL_FLIGHT
10440.0,-0.13252475178916934,0.07349633309486088,9.958920035320183,-1.843096828928498,-2.4748227544535033,-18.9203357248567,50.90506065956263,37.775422,-122.4194,5.063824168373708,0.03520115910908644,-0.10758585618378667,3,16.072478021737854,0,9.960072930993876,19.170311878737284,5.063946517273687,9.519214405829235,2.3749892587993315,1.1876141370580129,0.05828613654241703,21.97823079045648,0.33590817460947164,False,False,0,0.05,NORMAL_FLIGHT
10460.0,0.11411973371863188,-0.06270593723447958,10.432519511804562,4.035232083033437,-5.079977155840146,-0.6213606646930852,50.877423120209315,37.775423,-122.4194,5.237410230133277,-0.021367717058821567,-0.041145650976648185,3,16.03281062845067,0,10.433332100166819,6.517311941546755,5.23745381822475,23.662958458647143,1.3818769676657183,-1.9833696643592802,0.12947919494501242,21.97823079045648,1.0565070333218785,False,False,1,0.9,RAPID_VOLTAGE_COLLAPSE
10480.0,-0.15265183130850338,0.18436030039545045,10.164038452122458,5.5984388927669055,-8.723801938026508,2.2848217771819175,50.83881567202371,37.775424,-122.4194,5.244715931951855,-0.08994479762596745,0.0611106095446024,3,16.08545222630889,0,10.166856395080421,10.61450181795853,5.245487134050524,13.323785254319898,1.9303724092800678,2.6320798929111433,0.08003792654041376,19.170311878737284,1.398278462003546,False,False,0,0.05,NORMAL_FLIGHT
10500.0,-0.3609764201329038,0.09653757744184255,10.153287920567982,1.4152658112932688,-5.276620792962298,-0.8616210409949455,50.87148409121351,37.775425000000006,-122.4194,5.266989345676729,-0.14428885740576936,-0.11328828133542733,3,16.026783719164865,0,10.160161370652634,5.530650515773247,5.268965367303493,0.3347512213893289,-1.6334209594898397,-2.933425357201358,0.02845364385747504,19.170311878737284,1.0731932654132237,False,False,1,0.9,RAPID_VOLTAGE_COLLAPSE
10520.0,-0.32550848757663253,0.08401889809036826,9.39363943486326,-1.6965559356907953,-1.619544266079609,-5.630810770523737,50.81792434832006,37.775426,-122.4194,5.008265366375401,-0.09914422843961568,-0.15730085426495005,3,16.099306060020222,0,9.399653013964873,6.099775045537755,5.009246605834875,38.02541783438809,2.6779871446724,3.6261170427678735,0.15009911616834037,19.170311878737284,1.3463609641855356,False,False,0,0.05,NORMAL_FLIGHT
10540.0,0.0096169893322764,0.12137011864313421,10.039158105490028,-0.20668602404585126,1.0593958941444204,-9.465645185278149,50.88458487638906,37.775427,-122.4194,5.110993432999723,-0.087960630916399,0.00630776754292401,3,16.086336284091566,0,10.039896347035132,9.526986803110695,5.111750281924725,32.01216665351296,-3.3330264034500345,-0.6484887964328223,0.14882142805708098,10.61450181795853,0.20475783173566242,False,False,0,0.05,NORMAL_FLIGHT
10560.0,0.051944500344296374,0.4113087129659083,9.794067959490928,0.09799808288814146,5.051896566416318,11.30526619537311,50.922187195570004,37.775428000000005,-122.4194,5.26870930132441,0.03948200204121767,-0.16964581544464707,3,16.053798812731632,0,9.80283837893926,12.38306530267303,5.268857231919227,11.8528984047936,-1.8801159590470462,-1.6268735679966895,0.1043228311216574,12.38306530267303,-0.4476407536068905,False,False,1,0.9,RAPID_VOLTAGE_COLLAPSE
10580.0,-0.18086332502088173,-0.22617768706518315,9.644705458938526,-4.012150199324184,-2.2287872989842445,0.30807134997950136,50.923212282038385,37.775429,-122.4194,4.875256793016722,-0.05261653710601875,-0.12988035540518614,3,16.017171191835875,0,9.649052351300742,4.5999728263033,4.87554071850833,7.689301381925873,-0.05125432341905878,-1.831381044787861,0.09245122158179425,12.38306530267303,-0.8439661001467158,False,False,1,0.9,RAPID_VOLTAGE_COLLAPSE
10600.0,0.12771849175547478,0.0947264153622909,9.86040460215976,2.894643242856174,-4.409803821335871,15.407523765167724,50.92322821261164,37.77543,-122.4194,4.936316629256339,0.018692705255449762,0.07565941185064322,3,16.048166156079013,0,9.861686672430688,16.285487951556426,4.936352021635251,10.631716056497265,-0.0007965286627609203,1.5497482121569206,0.05805929554578087,16.285487951556426,-0.5174412139813,False,False,0,0.05,NORMAL_FLIGHT
10620.0,-0.332304012453792,-0.1852762259963077,10.093563460383445,2.3002116193023308,-7.213573930013562,-5.26482354794923,50.89536414713091,37.775431000000005,-122.4194,5.003207332602695,0.12819783623766862,-0.020478525760573577,3,16.04068739294632,0,10.100731486649872,9.221984023429313,5.004849478078776,11.952240710959217,1.393203274036381,-0.37393815663460117,0.033331924908722096,16.285487951556426,-0.7743979881085039,False,False,0,0.05,NORMAL_FLIGHT
10640.0,-0.013215959729463315,0.11110252926844966,9.960249477301264,7.702206198883367,2.4003180895205194,-4.347946933722169,50.908868367698304,37.775432,-122.4194,5.179919747595881,-0.00878083516348536,0.12854869497089855,3,16.02208804243243,0,9.960877877159298,9.16461400166209,5.179927190086744,6.992680474528701,-0.67521102836956,-0.9299675256945861,0.028691647767909077,16.285487951556426,-0.242834913092409,False,False,0,0.05,NORMAL_FLIGHT
10660.0,-0.24220323995249135,-0.18373730229721888,9.546457859597382,6.2767489014423745,6.915972576646716,8.15594244596163,50.963272990858734,37.775433,-122.4194,5.183034430143724,0.20791566984668042,-0.12048143409374551,3,16.05254355422579,0,9.551297266380498,12.399502031715873,5.187202987142789,20.479030538940002,-2.720231158021491,1.5227755896679795,0.0504267391970153,16.285487951556426,-0.410857952887298,False,False,0,0.05,NORMAL_FLIGHT
10680.0,-0.13036722156043185,-0.08347336272101688,10.032737674077786,-3.428374587950651,6.331651339781443,-16.22974962003564,50.92811516774594,37.775434000000004,-122.4194,4.953827177760413,-0.11758109803391979,-0.00939523656322844,3,16.029400073871123,0,10.033931864010295,17.755233981361915,4.955222398816481,24.13172988148986,1.7578911556395127,-1.1571740177332757,0.046245990416728784,17.755233981361915,-0.04902885707558369,False,False,0,0.05,NORMAL_FLIGHT
10700.0,0.009479734263282804,-0.059017982847581266,9.618723737377211,4.101491872544823,3.549663740736187,-12.13463360152923,50.851445563300004,37.775435,-122.4194,4.6982781091240575,-0.015058354837492783,0.03995845532077594,3,16.030724394314635,0,9.618909466443945,13.291789980894624,4.6983022406742565,20.751119878317503,3.83348022229697,0.06621602217560252,0.06289191768925886,17.755233981361915,0.7178264931163625,False,False,0,0.05,NORMAL_FLIGHT
10720.0,-0.17208267305679048,0.19516334386894182,9.875004935689287,-4.754766915472358,3.1927165863379954,10.974849713531636,50.88660647604284,37.775436,-122.4194,5.049236788859194,-0.05393129236109787,-0.11705149301289089,3,16.040098513351577,0,9.8784322469228,12.379360801582354,5.049524802817077,12.976139023942768,-1.7580456371419473,0.4687059518470704,0.045256674624794234,17.755233981361915,0.08757671088069685,False,False,0,0.05,NORMAL_FLIGHT
10740.0,-0.07691110884596508,0.18369088878848278,9.71899497975686,3.479660504704248,8.488118898546706,-11.719339292231947,50.90282477475503,37.775437000000004,-122.4194,4.81633677253432,0.09365066060570079,0.10317619044996247,3,16.0318234842563,0,9.721034979765626,14.882846270465738,4.817247175794304,7.8698633578587085,-0.8109149356094747,-0.41375145476383324,0.03851097632989403,17.755233981361915,0.06043592943271392,False,False,0,0.05,NORMAL_FLIGHT
10760.0,0.20125856184288812,-0.2491434752892769,9.744340124479313,-2.583070993800539,1.6604073070840526,-18.19051015302548,50.846814834682974,37.775438,-122.4194,4.702012759071955,-0.2239791630366121,0.05106788831660389,3,16.08403436796001,0,9.749602142730328,18.447868923313468,4.707344331143627,1.4283581482350982,2.800497003602942,2.6105441851855815,0.025611050995783327,18.447868923313468,1.1645815617576005,False,False,0,0.05,NORMAL_FLIGHT
10780.0,-0.11537837390462975,0.010986822199969746,10.039872892512154,-5.116266116877922,3.230648380120858,18.68527188073091,50.81014526613727,37.775439000000006,-122.4194,4.747225687853256,-0.14431152891778112,-0.16092870866874343,3,16.030906517745212,0,10.040541846794289,19.640586885109208,4.749418653771471,14.546985203198037,1.833478427285229,-2.656392510739991,0.02639166919780545,19.640586885109208,1.1796990160867438,False,False,1,0.9,RAPID_VOLTAGE_COLLAPSE
10800.0,0.16713842241302837,-0.14191597094983452,9.497941884055232,1.4002267134870223,-1.6039193092599955,-13.938176478742054,50.767190052434756,37.77544,-122.4194,5.065276201569112,-0.010734682245096279,-0.0037741796208600508,3,16.04958800542049,0,9.50047237920031,14.099856579140724,5.065287576395374,27.003473379698928,2.1477606851256326,0.9340743837638499,0.04002197206916712,19.640586885109208,0.8425551086524763,False,False,0,0.05,NORMAL_FLIGHT
10820.0,-0.22594137093152364,-0.2517009821350669,10.39355852228308,-13.372835640770704,-6.810216854273787,1.8411939832816961,50.730963438983046,37.775441,-122.4194,5.272207472186562,0.15513777210094934,0.038595673625863275,3,16.042830409824198,0,10.399060613518387,15.119582731060229,5.274489487913713,44.92941171590381,1.8113306725854983,-0.33787977981454276,0.12037233741008088,19.640586885109208,1.5564303705979654,False,False,0,0.05,NORMAL_FLIGHT
10840.0,0.10596083558305656,-0.04340341008487408,9.263674179211652,-8.75487787202614,-3.4192445024978815,0.6908519272427115,50.714779301280984,37.775442000000005,-122.4194,5.007778903247249,0.02258418340373073,-0.05900566735280575,3,16.04612453927256,0,9.264381838702306,9.424245110741227,5.007829828293712,56.733938740804035,0.8092068851031087,0.1647064724181746,0.19886385867312772,19.640586885109208,1.880454734740482,False,False,0,0.05,NORMAL_FLIGHT
10860.0,0.2883137241315801,-0.061696557691163945,9.630699695023543,-0.8874594188714159,-0.04579519267327636,-28.106283166180837,50.70145193606695,37.775443,-122.4194,5.042276130929193,-0.1351547454264234,-0.1479864905508814,3,16.046800877626996,0,9.635211875432741,28.120327786804975,5.044087170712809,18.541501836521768,0.6663682607015886,0.03381691772172957,0.20383787513056328,28.120327786804975,1.4536289861602114,False,False,0,0.05,NORMAL_FLIGHT
10880.0,-0.4943289000254579,0.4853432972691045,9.921063566982523,0.4122088331742123,0.30392686250651424,-2.673170231678089,50.66891225331353,37.775444,-122.4194,5.2365789877755855,-0.11971665926902303,0.027845878944741026,3,16.054995914074297,0,9.945221037147059,2.721787417751391,5.237947267176265,15.500458085715874,1.6269841376711724,0.40975182236504537,0.1926624723578708,28.120327786804975,1.4123301282374001,False,False,0,0.05,NORMAL_FLIGHT
10900.0,-0.15937905109409536,0.08659196507213923,9.985294249930593,-1.8465938507909443,9.631429274276966,4.484132494791096,50.63100406233853,37.775445000000005,-122.4194,4.6911090181832895,0.16729897028449528,0.22112429502825615,3,16.041847180641938,0,9.986941529219028,10.783403124525194,4.69409126092994,2.0860246035984353,1.8954095487497824,-0.6574366716179725,0.17957413916070644,28.120327786804975,1.36185990096223,False,False,0,0.05,NORMAL_FLIGHT
10920.0,0.11541442543610801,-0.2755235001508475,9.77985728382849,-7.897181493587993,0.40638583795534344,3.543093815188606,50.61956484514256,37.775446,-122.4194,5.104035284320054,-0.06211347987962408,-0.03869840991576905,3,16.040165749814683,0,9.784418336354353,8.665110430640057,5.104413214853089,10.126159643233734,0.5719608597985371,-0.084071541362718,0.08521415724488585,28.120327786804975,1.1139859384048378,False,False,0,0.05,NORMAL_FLIGHT
10940.0,-0.04060907720859854,-0.11295480083418846,9.792782789099538,-4.089459210692528,5.894217220128218,9.035206838035016,50.62794942188554,37.775447,-122.4194,4.997682043136236,-0.09429633724497641,0.15692411812847087,3,16.035986950073717,0,9.793518399363293,11.536916220552556,4.998571556305281,0.4550031504470198,-0.41922883714882175,-0.20893998704831773,0.0198132856753445,28.120327786804975,0.8682987939544518,False,False,0,0.05,NORMAL_FLIGHT
10960.0,0.07422917467426177,0.2042766590858797,9.933165025598285,1.9560466361869695,-2.1753862078815804,-3.8749131490543403,50.612134595067296,37.775448000000004,-122.4194,5.113211491766413,0.14773725606308605,-0.07522888217614683,3,16.031198626444944,0,9.935542579526752,4.855242064932909,5.115345350644583,7.101209008172926,0.7907413409121489,-0.2394161814386564,0.008743384475229416,11.536916220552556,0.8931734099965638,False,False,0,0.05,NORMAL_FLIGHT
10980.0,-0.12079703734316412,0.417688554573985,9.740679156762697,2.9089088531418126,-1.5583794288261708,7.125044420921607,50.67006794623436,37.775449,-122.4194,4.903303218319237,0.10110970055869908,0.021554563500995175,3,16.014880600645927,0,9.750378766378475,7.852168818879375,4.9043455855319635,9.258190657413845,-2.896667558353272,-0.8159012899508156,0.01087147586658898,11.536916220552556,-0.011556929208325073,False,False,0,0.05,NORMAL_FLIGHT
11000.0,0.017317957494579983,-0.3171966624475917,10.227954377380472,-0.0811155879797062,-6.645038186117241,-6.893290680800719,50.6954723319554,37.77545,-122.4194,4.8364125419147035,0.12740596432667958,0.07715225308761194,3,16.03104876551813,0,10.232886414892723,9.574997057105744,4.838090383130089,24.125382425712427,-1.2702192860519546,0.8084082436100815,0.039789621578564235,11.536916220552556,-0.6446826961686725,False,False,0,0.05,NORMAL_FLIGHT
11020.0,-0.031135447078415895,-0.37598487702780903,10.061804734269481,5.784168905184944,-3.711640064382859,-14.10467416412775,50.61593003911247,37.775451000000004,-122.4194,5.028101780857121,-0.09500418802658167,-0.0008413665971365013,3,16.036241055359238,0,10.068875237800205,15.689955868881635,5.028999235871998,8.200558854625939,3.9771146421465176,0.25961449205542664,0.039626371425679964,15.689955868881635,0.036348060300923635,False,False,0,0.05,NORMAL_FLIGHT
11040.0,0.23355641233196148,0.3741930350743565,10.071847305301691,1.9869851172961714,2.6349069568187655,-12.977283756812326,50.64211642738316,37.775452,-122.4194,5.3298382646668925,-0.15251056410143607,-0.02977356488812312,3,16.038608573772777,0,10.081501731714004,13.390322558933129,5.332019823638124,0.6313246956899832,-1.3093194135343822,0.11837592067696079,0.03278265671068157,15.689955868881635,-0.14167005497618845,False,False,0,0.05,NORMAL_FLIGHT
11060.0,0.050884168660242625,0.07792283547418077,9.520152982988876,-3.7372782697910614,0.03780090197066632,-14.621104551954147,50.67239362651244,37.775453,-122.4194,5.172182020908292,0.01331664893627056,0.07261275213503737,3,16.03332055288852,0,9.520607858031994,15.091235075142675,5.172199163851473,28.04469368410052,-1.5138599564640032,-0.264401044212903,0.08346034691761695,15.689955868881635,-0.6025903144514189,False,False,0,0.05,NORMAL_FLIGHT
11080.0,0.06752053241504044,-0.1736585463752733,9.786183472678289,-1.402510267058087,4.714693099486168,10.095859678911939,50.65065687810623,37.775454,-122.4194,4.8984614459639815,0.0335126133073664,0.18914551152692208,3,16.024205331947137,0,9.787957053131592,11.230393970285535,4.8985760821739035,13.367459754979905,1.0868374203102604,-0.45576104706910314,0.08035187252768301,15.689955868881635,0.1941106812812876,False,False,0,0.05,NORMAL_FLIGHT
11100.0,-0.08237539322449348,0.10692581722448707,9.71986021538379,-7.014330786039274,0.9062697417252513,-15.145735090585566,50.57589699874107,37.775455,-122.4194,4.731805592803744,0.03646018037048318,0.030058692463913128,3,16.026872408939585,0,9.720797366594914,16.71572471222651,4.731946059798383,3.3579843268339182,3.7379939682580243,0.1333538496224307,0.05738848443968627,16.71572471222651,1.1957533321432834,False,False,0,0.05,NORMAL_FLIGHT
11120.0,-0.09752124481449871,-0.5271495478033755,9.50831958729316,-0.5406949519570837,-1.762268658188709,2.7403884064930324,50.576300336711626,37.775456000000005,-122.4194,4.663586543260443,0.1478183935639002,-0.05160601765303474,3,16.01609065209988,0,9.523420520644997,3.302676259209723,4.66592860253516,9.868842297495828,-0.020166898527662624,-0.539087841985264,0.05336698276917216,16.71572471222651,0.39629702400844735,False,False,0,0.05,NORMAL_FLIGHT
11140.0,-0.08651163756392419,0.0006751013194321999,9.91804925518373,5.560503096106693,10.741484318934795,-2.65924194072433,50.57591490413752,37.775457,-122.4194,5.263219890370096,-0.17337670900082483,-0.018975155725968303,3,16.032577636398422,0,9.918426576198783,12.384274211880223,5.266074733386469,19.7503027776893,0.019271628705297417,0.8243492149270892,0.029768803987362487,16.71572471222651,0.6620152324563833,False,False,0,0.05,NORMAL_FLIGHT
11160.0,0.07889042847565937,0.06556423456861706,9.648706272666056,3.426450423554839,-0.46951784356523607,-1.0264857345063159,50.519832592310856,37.775458,-122.4194,4.808983542372834,0.08596950512977658,0.25197076456453743,3,16.0210401668074,0,9.649251530805119,3.6075867936406265,4.809751913209769,13.458752269683227,2.8041155913332005,-0.5768734795511321,0.021910184070831843,16.71572471222651,1.525610342015824,False,False,0,0.05,NORMAL_FLIGHT
11180.0,-0.0841968961640526,0.18485402790756597,10.006621148955071,7.01004662959561,5.81500484852652,13.636072951996997,50.44727163149786,37.775459000000005,-122.4194,4.9348973174010125,-0.10966250441473178,0.013490711633812782,3,16.028223524917028,0,10.008682578025553,16.398095032340674,4.936115618395321,17.971552361021725,3.628048040649645,0.35916790548142785,0.03915730726965145,16.71572471222651,2.033852466083701,False,False,0,0.05,NORMAL_FLIGHT
11200.0,0.057954971379282585,-0.20277919045850756,9.4889425311317,-1.5144262189949655,-2.0060460327233884,-4.384273672152734,50.44289395417519,37.77546,-122.4194,5.264242225215515,0.08557353208608412,-0.05944136985779728,3,16.04377794180812,0,9.491285926464899,5.053668280617185,5.264937704772554,25.869832578032703,0.21888386613362343,0.777720844554608,0.054663435700345445,16.398095032340674,1.3300304456588208,False,False,0,0.05,NORMAL_FLIGHT
11220.0,0.4150801597290878,0.01713743228067181,10.325712183852547,6.730498972571288,3.5479973969178324,6.116015615496833,50.431240094572644,37.775461,-122.4194,4.677219708904202,-0.04749567045213775,-0.114506791648254,3,16.008724277535016,0,10.334065866557404,9.761841473683129,4.677460854360366,42.13899700462527,0.5826929801273195,-1.7526832136551818,0.10713862982540767,16.398095032340674,1.4506024213898172,False,False,1,0.9,RAPID_VOLTAGE_COLLAPSE
11240.0,0.17422494068633848,-0.18508492521191747,9.541100202422381,-0.9665211322398494,4.640078295758434,0.3756335138111171,50.410376826306525,37.775462000000005,-122.4194,5.298452901895012,-0.08139717958905117,-0.18259010941126058,3,16.033994938133468,0,9.54448551951137,4.754533649742399,5.299078094767498,39.47901735230168,1.0431634133059475,1.26353302992257,0.12798441193160742,16.398095032340674,1.6553807783099472,False,False,0,0.05,NORMAL_FLIGHT
11260.0,-0.06520470643356822,0.05107675113486342,9.875790701160131,7.35792541284947,1.0424598528779037,-1.5201890563269789,50.4062062895692,37.775463,-122.4194,4.949271909221499,-0.060990270694920225,0.036358427384619,3,16.02187480890036,0,9.876138033734062,7.585299182820317,4.9496476889298355,16.582625711134558,0.20852683686634066,-0.6060064616553618,0.12054841640763912,16.398095032340674,1.1362630274165753,False,False,0,0.05,NORMAL_FLIGHT
11280.0,0.24024278443278899,-0.17906926447260485,10.04755779311642,-0.1092837372106184,-11.772414613483011,22.999691243864735,50.351067470878185,37.775464,-122.4194,4.770283336952252,-0.14456102007765625,0.06546419928245037,3,16.060784052081658,0,10.052024671824343,25.837714412851522,4.772473258524369,8.794331904514063,2.7569409345506557,1.9454621590648813,0.1243427529979573,25.837714412851522,0.9620416061967774,False,False,0,0.05,NORMAL_FLIGHT
11300.0,-0.08161507460431028,-0.08162016783204412,9.638807870939967,3.5361568690213834,0.09126230428056473,-14.413417457153697,50.32932644023488,37.775465000000004,-122.4194,4.950529814570217,0.004042893983346719,-0.03966961799652069,3,16.01518374830817,0,9.639498951973275,14.841136648002829,4.950531465402516,20.626285992553406,1.0870515321652618,-2.2800151886743336,0.10144170132790112,25.837714412851522,1.135675139403105,False,False,1,0.9,RAPID_VOLTAGE_COLLAPSE
11320.0,-0.4076249070355708,-0.19916307895804583,10.065740593029886,7.375561821549278,6.152300238799877,12.891318354374448,50.35599269176559,37.775466,-122.4194,4.855480643719704,-0.07726733906604571,-0.0014970418030954096,3,16.032562621327852,0,10.075959392684425,16.075938520834914,4.856095398900547,21.823022035557482,-1.3333125765356613,0.868943650984022,0.05735961041039185,25.837714412851522,0.7524740280705089,False,False,0,0.05,NORMAL_FLIGHT
11340.0,-0.20161726218348083,0.1302272483647314,9.441244920659877,-0.967138142906028,2.637404165138652,6.564065654899721,50.33849418774803,37.775467,-122.4194,5.088163959781143,0.07862982309002783,-0.11704617092886238,3,16.018115973487348,0,9.444295331495777,7.139902999312283,5.088771475581792,31.583203059432385,0.8749252008779962,-0.7223323920252156,0.0740518903445405,25.837714412851522,0.7188263855849186,False,False,0,0.05,NORMAL_FLIGHT
11360.0,-0.37415838420517117,0.17169022333133308,10.24563530975477,1.091944937720871,2.229194376146233,-4.79524994631784,50.2548955641584,37.775468000000004,-122.4194,4.870373513222445,0.06400560810329174,0.013292846482750108,3,15.989192389073349,0,10.253902424431017,5.3996364101036916,4.870794070392159,40.48035464676198,4.1799311794815,-1.446179220699939,0.11365302844450437,25.837714412851522,1.5131072541079504,False,False,0,0.05,NORMAL_FLIGHT
11380.0,-0.07030269680826173,-0.04692411399148276,9.814244779489728,6.444317126031511,-8.611284669787596,16.29318517441612,50.23126095027222,37.775469,-122.4194,4.617671557816191,0.1688157052902791,0.048149532056712456,3,16.00569427211663,0,9.81460875090769,19.52309734680425,4.620756362135669,21.964683676166352,1.1817306943090244,0.8250941521641408,0.1060649605114625,19.52309734680425,1.1980652060596242,False,False,0,0.05,NORMAL_FLIGHT
11400.0,0.00368367583791034,0.007647598992005668,9.631076577609337,-0.665015819650318,-3.6022753533752945,-18.481101123885367,50.177753027096884,37.775470000000006,-122.4194,4.955887493118202,0.03663274835410772,-0.05351642671676378,3,16.032867050922974,0,9.631080318376188,18.840640448594023,4.956022881575245,9.17642162657506,2.6753961587669295,1.358638940317114,0.1069469027622143,19.52309734680425,1.5157341313799577,False,False,0,0.05,NORMAL_FLIGHT
11420.0,0.3352874624550566,-0.2897182829267088,9.72024546827177,-6.604461412530806,2.056788155757195,-5.217666572990717,50.19110984191997,37.775471,-122.4194,4.7286909895426925,0.05206777670800738,0.16904526695858396,3,16.005753314389636,0,9.730340504288606,8.664486859253477,4.72897764088112,4.963009295620857,-0.6678407411541798,-1.3556868266668687,0.09074729723911482,19.52309734680425,1.648828498456254,False,False,0,0.05,NORMAL_FLIGHT
11440.0,0.06538547475283253,-0.05993532960135742,10.052675780817816,10.715035272924549,2.05191638393446,-12.084822042690762,50.20705171208899,37.775472,-122.4194,5.040863976797664,0.14000998118278138,-0.08371063267469117,3,15.969151652092402,0,10.053067087127399,16.280825088126843,5.042807990337047,16.136329141939676,-0.797093508451141,-1.830083114861747,0.06425311450735031,19.52309734680425,1.3144247565904266,False,False,1,0.9,RAPID_VOLTAGE_COLLAPSE
11460.0,-0.04382010576177285,-0.010040923408348957,9.63466341244487,-2.348822321685684,6.073333900664513,4.1208346487146015,50.12411298083469,37.775473000000005,-122.4194,4.762573933543335,-0.06276626960266964,0.028347660401898234,3,16.0120782928381,0,9.634768294718649,7.706077417847328,4.762987515946926,20.91493962043751,4.146936562715098,2.1463320372849815,0.03030940918251786,19.52309734680425,1.3078258332371462,False,False,0,0.05,NORMAL_FLIGHT
11480.0,0.16588111623669785,0.5241586182059951,9.585192693173168,0.7937802546877142,-0.7243337757304719,-11.130641011871775,50.1620636293638,37.775474,-122.4194,4.902397439365583,-0.14882582128230326,0.08483172197046056,3,15.990009202004961,0,9.60094671201876,11.182393118047585,4.904655928663964,1.6910791349943999,-1.8975324264555837,-1.1034545416570118,0.03497034568372483,18.840640448594023,0.6919732090842245,False,False,0,0.05,NORMAL_FLIGHT
11500.0,-0.44222706180157706,-0.22239340515483275,9.74353902072488,5.780033347255635,2.029120433369071,4.3306394674131905,50.10645431429987,37.775475,-122.4194,5.036517560842867,0.02000940591283936,-0.007728950014938255,3,16.01364185740331,0,9.756104563258553,7.5020366184936655,5.036557308023365,7.757892561989621,2.780465753196637,1.1816327699174956,0.03191034184730549,16.280825088126843,0.7129871279701661,False,False,0,0.05,NORMAL_FLIGHT
11520.0,0.04712291162171319,0.2928354477504875,9.45691136616901,-3.0424695186560093,0.08187120965646852,-1.8643641582155404,50.18441342882399,37.775476000000005,-122.4194,4.957508254993146,-0.1422633469214404,-0.018847681889449144,3,16.04117801916673,0,9.461561486130899,3.5691984228059224,4.959549068030528,14.727153856382724,-3.8979557262059927,1.376808088170911,0.04967885711258579,16.280825088126843,0.06696413095980347,False,False,0,0.05,NORMAL_FLIGHT
11540.0,0.15417303877739338,0.1993717546931616,10.356163172382544,-5.039339566110651,-4.934713682507784,-4.7935394265608435,50.18197461559895,37.775477,-122.4194,5.050086056600209,0.245393867292539,-0.14288661504496622,3,16.024693798542224,0,10.359229415138357,8.52785803264167,5.056044632830355,44.88339645037289,0.1219406612516849,-0.8242110312252748,0.12227643414567942,11.182393118047585,0.25077096490036865,False,False,0,0.05,NORMAL_FLIGHT
11560.0,-0.2957172491559683,0.05612728089802728,9.640081622635584,1.2686864838741658,-11.278956655473738,3.8864724603331053,50.119654940672,37.775478,-122.4194,5.136057433143551,0.14554982920789433,0.13573414957162835,3,16.039187343688358,0,9.644779554462907,11.997045336888078,5.13811937476462,35.72249303377246,3.1159837463476947,0.7246772573067162,0.12165699097478529,11.997045336888078,0.04458040162688803,False,False,0,0.05,NORMAL_FLIGHT
11580.0,0.22875080864138583,0.3517240968390267,10.059485035854122,-8.965381989561948,2.1550484606503835,-2.686216239380641,50.062555637137365,37.775479000000004,-122.4194,4.768413260053739,0.21639763333015805,-0.01698932016675959,3,15.996373561472062,0,10.068231024332146,9.604065064920459,4.7733209565633885,21.172573493461933,2.8549651767317386,-2.1406891108147974,0.12710928553206147,11.997045336888078,0.9950799222643525,False,False,1,0.9,RAPID_VOLTAGE_COLLAPSE
11600.0,0.06769928149888282,0.07442109452137258,9.872841025094333,-1.4395303843396012,0.8697360420640567,-10.886348430590386,50.07996040172673,37.77548,-122.4194,4.987120491875058,0.00624469766631293,0.05373654249348249,3,16.003890050015634,0,9.873353614593723,11.015501380442016,4.987124401569412,9.743870486921136,-0.8702382294682565,0.3758244271786282,0.12388628352632727,11.997045336888078,0.2649391257313738,False,False,0,0.05,NORMAL_FLIGHT
11620.0,-0.08305758278016026,0.07783183913358575,9.51463978485541,1.2251933215770296,-3.090875210500845,28.013729896349787,50.06039540723181,37.775481,-122.4194,4.334099240498374,0.05505735937015979,0.06727204878601409,3,15.985014227539585,0,9.515320624802593,28.210346877480386,4.334448931445542,17.901649489556526,0.9782497247460498,-0.9437911238024732,0.11317838030554499,28.210346877480386,1.2401802159217823,False,False,0,0.05,NORMAL_FLIGHT
11640.0,0.12655637322125698,-0.01062413060350907,9.808213587236182,-1.3497594841258207,-8.095865282579325,-4.8716718302914455,50.0555627117509,37.775482000000004,-122.4194,5.049466660336504,-0.04594754319526441,-0.06282984920177531,3,15.991371657362329,0,9.809035791585146,9.544530986943048,5.0496757054860035,14.685758339127641,0.24163477404535172,0.3178714911372005,0.0452379630473078,28.210346877480386,1.2641190384805157,False,False,0,0.05,NORMAL_FLIGHT
11660.0,0.4541385715608792,0.2447137764837255,10.045200833793224,-7.7172547159287355,3.1486975720436905,-22.176090801520147,50.13620172338576,37.775483,-122.4194,4.9398371739250315,0.08829248055867521,-0.019752860429121492,3,15.9856644044048,0,10.058438569968022,23.6907011290925,4.940626161430841,12.470138919143814,-4.031950581742905,-0.2853626478764859,0.05104967339194108,28.210346877480386,-0.16546782713760422,False,False,0,0.05,NORMAL_FLIGHT
11680.0,0.03637325101169903,0.21929384676217675,9.753521599474109,7.970889781020061,-1.3296003709777602,-8.420986897213886,50.1012395201743,37.775484000000006,-122.4194,4.8033100473044055,-0.1215543212051057,0.13344823507435039,3,15.97721721645368,0,9.756054345688367,11.671158527358036,4.80484785019662,15.11921121398272,1.7481101605728355,-0.4223593975559936,0.038799169391155394,28.210346877480386,-0.3868388303693848,False,False,0,0.05,NORMAL_FLIGHT
11700.0,0.04964411726006722,-0.1251354574992425,10.167933883755309,0.5176907697458769,2.784373611840728,-12.672766883727302,50.10423766305909,37.775485,-122.4194,5.063143884459305,-0.2543093189474779,-0.1117197665740445,3,16.02981838313194,0,10.168825049410644,12.985367173580054,5.069526528625843,20.63853518611385,-0.14990714423923635,2.630058333912988,0.06673622981100615,28.210346877480386,-0.2427726133235808,False,False,0,0.05,NORMAL_FLIGHT
11720.0,-0.09187217990804883,-0.2638494389197535,10.11645461783456,7.155760588808705,9.320242652058791,8.261456160405157,50.17522988742774,37.775486,-122.4194,5.234539515437014,-0.07907106194885667,0.21279180747572568,3,15.959811619512179,0,10.12031180639043,14.363965002320915,5.2351366908142225,2.4256621510107657,-3.5496112184326023,-3.5003381809880274,0.03521081122556355,23.6907011290925,-1.1483448019593112,False,False,1,0.9,RAPID_VOLTAGE_COLLAPSE
11740.0,-0.16996887389295837,-0.04059612747913142,10.085674456397498,-1.3001812509022237,-10.707154401598524,3.21652659591586,50.18875556120106,37.775487000000005,-122.4194,4.9047964504802115,-0.14554734756173157,-0.0744872785276274,3,16.02820317829619,0,10.087188245695017,11.255206351156001,4.906955497151522,1.6561780347705835,-0.6762836886661461,3.4195779392006465,0.02655521595895952,23.6907011290925,-1.3319284945016108,False,False,0,0.05,NORMAL_FLIGHT
11760.0,0.16606716330884913,-0.1600077128795293,9.672102968318102,-4.4000599084538194,-3.4980040435118194,3.9871280179034416,50.10842542443316,37.775488,-122.4194,4.811037101951656,0.14779267361595358,-0.11795174566405119,3,16.0248711534859,0,9.674851761172272,6.8915708889598095,4.813306625463408,20.616824226137265,4.016506838395273,-0.16660124051455227,0.052094379079099605,14.363965002320915,0.27776298952602474,False,False,0,0.05,NORMAL_FLIGHT
11780.0,-0.17121676518177345,-0.01270491492307102,9.486047265665555,1.3459046012757994,-1.0468780665595663,-3.700224658372443,50.13369487501977,37.775489,-122.4194,5.033005052487742,0.18156774550803162,0.01323090206885346,3,16.00909540328447,0,9.487600820122202,4.074196289381051,5.036279053485421,9.362547052503523,-1.263472529330656,-0.7887875100715647,0.09407692745655799,14.363965002320915,-0.32455354845467355,False,False,0,0.05,NORMAL_FLIGHT
11800.0,0.014313247443878494,0.24748762693682785,9.625923718391162,-1.078935631641098,7.274130870733253,-2.7935024705692153,50.075544732130595,37.775490000000005,-122.4194,4.732878666670728,-0.1402929072413111,0.2208348264339871,3,15.975958979200401,0,9.629115350167156,7.866431088801045,4.734957504904253,7.075726502247726,2.9075071444587763,-1.656821204203407,0.08188336521642092,14.363965002320915,0.286929309284929,False,False,1,0.9,RAPID_VOLTAGE_COLLAPSE
11820.0,-0.09553148935302334,-0.09146033101735801,9.868872282200016,-5.88880728995679,-8.182015096032424,-3.7093110360766826,50.14588510856724,37.775491,-122.4194,4.867923725892892,0.12917156075212397,-0.1910965935592205,3,15.965755197120812,0,9.869758425614254,10.741620487259405,4.869637223984768,12.032153772354892,-3.5170188218323517,-0.5101891039794637,0.054287809555953,11.255206351156001,0.2934477886049791,False,False,0,0.05,NORMAL_FLIGHT
11840.0,0.09579596514927838,-0.008564676262314976,9.973736014059707,7.348921293937478,9.679305128403023,-0.8119318413546972,50.10474172831734,37.775492,-122.4194,5.244480432330101,0.09513849835007704,-0.014101571848969216,3,15.985580200511798,0,9.974199732247694,12.180099559043938,5.245343300391466,5.222065331671999,2.0571690124949527,0.991250169549307,0.03777510779118648,12.180099559043938,0.8401383288371989,False,False,0,0.05,NORMAL_FLIGHT
11860.0,0.06673242105738966,0.011604546961679046,9.158528578571866,-3.11135111446998,0.6792795078314524,8.353334353648354,50.25321720370463,37.775493000000004,-122.4194,5.012435845962457,-0.15697766847188765,0.04762650172565557,3,16.00820025805126,0,9.158779045595978,8.939805435864647,5.014893328704833,40.77103433258582,-7.423773769364317,1.1310028769731417,0.10452460899040866,12.180099559043938,-1.447917792714719,False,False,0,0.05,NORMAL_FLIGHT
11880.0,0.20750798885157984,0.16968617644105694,9.807566039516475,-9.201331923977843,-0.4800033086692912,3.3607541250534645,50.326586003121015,37.775494,-122.4194,4.624106607210766,-0.039026753093161816,0.0033649958535531357,3,15.994908696460671,0,9.81122849511667,9.807628696102395,4.624271294194066,32.62247247603458,-3.6684399708192927,-0.6645780795294876,0.10341799900569418,12.180099559043938,-1.9289112810124465,False,False,0,0.05,NORMAL_FLIGHT
11900.0,-0.10200327977094942,-0.44937786679692104,9.857426767596955,6.6408302697866635,-0.9902988160945321,5.001128296208667,50.28675537463961,37.775495,-122.4194,4.64060167054412,-0.058016372212451976,0.03819216700030095,3,15.973127008597356,0,9.868191709466732,8.372132503276093,4.640964314030175,2.8481607175031343,1.9915314240702031,-1.0890843931657734,0.10773687567894624,12.180099559043938,-2.112106425090161,False,False,0,0.05,NORMAL_FLIGHT
11920.0,-0.053974987058674255,-0.12134005895305935,9.726736723105335,-2.521490079063116,-2.181315160900144,4.995589082492027,50.28775606488969,37.775496000000004,-122.4194,5.032417138529355,0.07479953986272,-0.07180330821722741,3,16.016110668979774,0,9.727643290630091,6.005993534054135,5.032973000854232,7.027420941832041,-0.05003451250402691,2.149183019120926,0.10230232967504249,12.180099559043938,-1.4187095632244962,False,False,0,0.05,NORMAL_FLIGHT
11940.0,-0.1957527431564615,0.042256738455894546,10.197382151704764,-3.0391194630781215,5.240583796345773,8.844424373817379,50.32543827897137,37.775497,-122.4194,5.172478115183537,-0.12287793509050138,-0.059972184593138106,3,16.02598381463767,0,10.199348386848303,10.720252242440802,5.173937459902733,23.585254810910605,-1.8841107040838523,0.49365728289476607,0.14240701702184383,10.720252242440802,-2.206965506540257,False,False,0,0.05,NORMAL_FLIGHT
11960.0,-0.08885865201522232,0.24001579128537226,9.936534022275263,-8.82693793514987,-5.342603770412194,2.8815004154025465,50.3646213026827,37.775498,-122.4194,4.67647570827477,-0.009887262565948247,-0.014842264715919979,3,15.986913739581139,0,9.939829566745,10.712669742065957,4.676486160360689,12.975941005165126,-1.9591511855665544,-1.9535037528265242,0.032341794867142046,10.720252242440802,-1.1140409897807046,False,False,1,0.9,RAPID_VOLTAGE_COLLAPSE
11980.0,0.07546009860897045,-0.09838048950124104,10.20305757242427,8.704707432984954,1.7270709082192681,3.5884807267891876,50.38673811568151,37.775499,-122.4194,5.089942521499301,-0.0685934503949618,-0.11298880879027512,3,15.99278203572077,0,10.203810894631514,9.57245524107678,5.090404692517457,13.199066394325687,-1.1058406499405038,0.2934148069815734,0.04392555985812237,10.720252242440802,-0.6015211256049469,False,False,0,0.05,NORMAL_FLIGHT
12000.0,0.1513977233290704,-0.3753105412083748,9.74521184389493,-6.447402936048437,-1.9209083285348778,11.888062411931566,50.44934606752982,37.7755,-122.4194,5.266068701497944,0.047334118338514336,-0.004468640144018955,3,15.959567898763629,0,9.753611287895442,13.659609120922195,5.26628142883146,22.509980336803626,-3.130397592415335,-1.6607068478570852,0.0534016602826194,13.659609120922195,-1.6259069289020545,False,False,1,0.9,RAPID_VOLTAGE_COLLAPSE
12020.0,-0.1844330648355251,0.12394228919322725,10.091243247752079,0.29224740352824946,-3.8106672425704895,-6.65045918003112,50.4431976201981,37.775501000000006,-122.4194,5.377571797591727,-0.02167920316879293,-0.03887452936715014,3,15.98060671290143,0,10.09368949055582,7.670410724578508,5.377615496305398,17.003910133018874,0.3074223665858966,1.0519407068900755,0.03678555770906343,13.659609120922195,-1.5544155530840698,False,False,0,0.05,NORMAL_FLIGHT
12040.0,0.17392118402113205,-0.12707247776512587,10.300519918358257,4.563101612702202,12.929875878419478,-8.557425799515071,50.424861736769294,37.775502,-122.4194,5.066244551971975,-0.05352457039403952,-0.047004518515486864,3,15.998252821571025,0,10.302771791190557,16.162707782837177,5.066527286023592,10.454115031736855,0.9167941714402161,0.8823054334797575,0.047265442131018964,16.162707782837177,-0.9942345779792561,False,False,0,0.05,NORMAL_FLIGHT
12060.0,0.27112757176099017,-0.23793333181807227,10.203508034781798,2.108584665015485,2.0952536737673,-11.85921599186856,50.407518537373065,37.775503,-122.4194,5.101360518910495,-0.021329657563207798,0.03205064125986378,3,15.994290727603554,0,10.20988240120403,12.2260877302907,5.10140511018195,4.644469499326309,0.8671599698114818,-0.19810469837358013,0.045794747130911806,16.162707782837177,-0.4289723469036488,False,False,0,0.05,NORMAL_FLIGHT
12080.0,0.08268698064474017,-0.12486907794264482,9.48235752197138,-0.298271559960958,3.066327723305719,1.8291456362025593,50.45043719897167,37.775504000000005,-122.4194,4.573363114474371,0.20360428328401123,-0.1820659493199304,3,15.976189814601598,0,9.483540140574172,3.5828906470381767,4.577893061333599,36.317113031492894,-2.1459330799302734,-0.9050456500977688,0.11675963208423129,16.162707782837177,-0.6369908329016027,False,False,0,0.05,NORMAL_FLIGHT
12100.0,0.3753591625116132,-0.03690507153116991,9.733897176737287,-8.50832929143708,5.688883903343312,-18.537322412191234,50.4686962509868,37.775505,-122.4194,5.4199505095991976,-0.04168996361193892,-0.022909010338315366,3,15.980007876203658,0,9.741201708848877,21.17515973046655,5.420110845690387,12.883078413735216,-0.9129526007566113,0.19090308010296653,0.1181250057355748,21.17515973046655,-0.19350183456985803,False,False,0,0.05,NORMAL_FLIGHT
12120.0,-0.15475783982071462,-0.12094893290764255,9.706450588365062,-4.04862417883642,-7.106749726592736,4.621540960596773,50.483260434271315,37.775506,-122.4194,4.884901957380776,-0.1041005218283787,0.23173537656148613,3,15.97569810642969,0,9.708437652770394,9.394460616148143,4.886011057280517,1.638202803924127,-0.7282091642256461,-0.21548848869841208,0.12325431632191618,21.17515973046655,-0.40062814073216657,False,False,0,0.05,NORMAL_FLIGHT
12140.0,-0.2489309406622834,-0.44111321141981386,9.956776360522898,0.9390016902126102,8.761459545610158,-1.0919309450055268,50.52302214673418,37.775507000000005,-122.4194,4.813305768314992,0.05834335691559653,-0.1086109686325625,3,15.978222601673606,0,9.969651095799478,8.879032083073366,4.813659352986099,13.060672151454167,-1.988085623143121,0.12622476219581458,0.07655799454627243,21.17515973046655,-0.981604099648834,False,False,0,0.05,NORMAL_FLIGHT
12160.0,-0.3557440497808557,0.17941323937742645,10.01590606650436,-3.935870349934982,-12.544785892475378,11.346396998210569,50.420469526341485,37.775508,-122.4194,4.948958773112075,-0.014352466942295661,0.12855004964844136,3,15.99140616678573,0,10.023827476191778,17.366734101164457,4.948979584850831,2.7088190196150386,5.127631019634649,0.6591782556061965,0.047448042721958114,21.17515973046655,-0.12950988968420063,False,False,0,0.05,NORMAL_FLIGHT
12180.0,0.2992088622978366,0.25497500825574443,9.55833219779228,1.0167972999938386,-3.843832050192603,-6.719173104649906,50.43597296753524,37.775509,-122.4194,5.3023346828370865,-0.14152339308664727,0.005465612091269875,3,15.942740303815379,0,9.566412734220972,7.807445727612411,5.304223030718808,22.870737098540328,-0.7751720596878897,-2.4332931485175457,0.03631649497118333,21.17515973046655,0.1446423143642761,False,False,1,0.9,RAPID_VOLTAGE_COLLAPSE
12200.0,0.13087313127081154,0.13030439826790116,9.830351554175081,3.4087170440757086,-2.295158365894502,-2.0331828541750676,50.44690141197893,37.775510000000004,-122.4194,5.44160920950871,0.22314963352024664,-0.06029578088814182,3,15.979753630013997,0,9.832086182055619,4.584859466725151,5.446182750142546,13.28367239173236,-0.5464222221842618,1.850666309930915,0.035209947634315106,17.366734101164457,0.217948390078746,False,False,0,0.05,NORMAL_FLIGHT
12220.0,-0.011116934182091014,-0.22753713408496334,9.204021800353159,4.812514429000508,2.9086168248525297,11.222033332933687,50.530341816043965,37.775511,-122.4194,5.025081735895169,-0.03524789455866479,-0.13206416595298065,3,15.987389705810063,0,9.206840610925628,12.552066725787753,5.025205355654435,31.262278556499545,-4.172020203251847,0.3818037898033033,0.11353036113929191,17.366734101164457,-0.4708138177264942,False,False,0,0.05,NORMAL_FLIGHT
12240.0,0.05599372526396406,-0.0402983067895036,10.242583501740567,-6.130896789063417,1.0935913307074387,13.831356467781523,50.45391241693078,37.775512,-122.4194,5.199616834520731,-0.03778694539613512,0.013968196528523212,3,15.968130076172121,0,10.2428158257838,15.168726353111799,5.199754136406236,51.798760742908634,3.8214699556593956,-0.962981481897085,0.1625843775294163,17.366734101164457,0.6910972980340091,False,False,0,0.05,NORMAL_FLIGHT
12260.0,-0.2250978094596753,-0.0013042630458916125,9.656287727796993,10.98323027489477,-0.8340737034919663,-6.8015236575182,50.531771748549616,37.775513000000004,-122.4194,5.008640809737101,0.015983535190809747,0.14533971058146763,3,15.969102683793038,0,9.65891108805379,12.945568750657563,5.008666312938118,29.195236886500542,-3.892966580941959,0.04863038104581108,0.14370645814717428,15.168726353111799,-1.1130222220813124,False,False,0,0.05,NORMAL_FLIGHT
12280.0,0.4891503959233653,0.11975887791238204,9.82675918195335,3.837396722770653,-0.05998672313861933,1.8178123258716012,50.53554220499585,37.775514,-122.4194,4.792440905396363,0.17301167692088393,-0.038921114519676385,3,15.96883103064342,0,9.839654786565191,4.246604957725004,4.7955628316254275,9.037184925570063,-0.18852282231165418,-0.013582657480881721,0.14019478776152178,15.168726353111799,-0.9956923746060653,False,False,0,0.05,NORMAL_FLIGHT
12300.0,0.025844236395045503,0.13366809774361618,9.717105085803583,-0.008570768345319786,-4.890115117612841,2.9441897768404814,50.55999168152886,37.775515000000006,-122.4194,5.295348734157658,-0.16797453265189957,-0.008096142473677351,3,15.967407494776381,0,9.71805877392492,5.708025294585482,5.298012236675632,6.079800632013566,-1.222473826650372,-0.07117679335193472,0.13846080032544328,15.168726353111799,-1.1309026954992873,False,False,0,0.05,NORMAL_FLIGHT
12320.0,0.02187895892097858,-0.14683475975569915,10.153808272504024,5.4476829153832025,-7.486161972420867,3.736534056211483,50.64378762090932,37.775516,-122.4194,4.875574503928722,0.027598584942053972,0.10103708501903319,3,15.976255744591525,0,10.154893479022178,9.984065152887702,4.8756526153173185,21.841735254862904,-4.189796969023263,0.44241249075716027,0.06868673586783917,15.168726353111799,-1.1344580486535705,False,False,0,0.05,NORMAL_FLIGHT
12340.0,0.14515332477973839,0.016399111282712084,8.958748067580787,11.827038859999867,3.6325581116803014,-2.6257565931562215,50.6718256843096,37.775517,-122.4194,5.3071061546743765,0.20872721617936274,0.034087079134628086,3,15.977867698982188,0,8.959938914798915,12.64788220680382,5.311209164376473,59.74772821116314,-1.4019031700140516,0.08059771953314865,0.19261375469576708,12.945568750657563,-2.17913267378826,False,False,0,0.05,NORMAL_FLIGHT
12360.0,0.09620184634734265,0.09145608092304823,9.805016897302227,-7.193600505284348,3.4685305626809266,12.81383398123635,50.69184409878273,37.775518000000005,-122.4194,5.259708265953817,0.012872868073964833,-0.15722757797245787,3,15.93242693228463,0,9.805915325269776,15.098772592252864,5.259724018774689,42.29882052354306,-1.0009207236564066,-2.2720383348779016,0.19639333466083875,15.098772592252864,-1.6007235023311495,False,False,1,0.9,RAPID_VOLTAGE_COLLAPSE
12380.0,0.044776804855826274,0.29116446442935334,9.778254372750691,-1.126313212456768,7.922471875785293,-18.897034836215454,50.70395865807284,37.775519,-122.4194,5.122807252791442,-0.12353339793034797,0.009888721585518366,3,15.986644400826144,0,9.782690850978454,20.52150256867913,5.1242965029023075,1.1612237145660842,-0.6057279645055758,2.7108734270757218,0.19294197649094882,20.52150256867913,-1.6841645307699338,False,False,0,0.05,NORMAL_FLIGHT
12400.0,-0.15809489108906238,0.14090130796494463,9.673909083722496,-11.892158299366642,-3.95008548407604,-4.2113023480108405,50.679784751323126,37.77552,-122.4194,5.36579495125087,-0.06183968529606526,0.15122349106655986,3,15.966936390497153,0,9.676226750820968,13.219745527621352,5.366151284258286,5.323205007874332,1.2086953374858211,-0.9854005164495305,0.19258585010633955,20.52150256867913,-1.1979306979426951,False,False,0,0.05,NORMAL_FLIGHT
12420.0,0.09429367142719915,0.15781133747510379,10.32786796369069,0.9632576632401234,3.4640760515046134,4.479307327729469,50.678360295097605,37.775521000000005,-122.4194,5.446469206637148,0.020688252975679052,-0.003694118646749832,3,16.010545206480856,0,10.32950397599688,5.743856052570393,5.446508498355425,32.663861258795635,0.07122281127607266,2.180440799185135,0.2404993732706593,20.52150256867913,-0.34572674188282804,False,False,0,0.05,NORMAL_FLIGHT
12440.0,0.37640489929500676,0.01676532558587219,9.54380116234327,1.8269712096257038,-1.4185336418236587,4.572248119493436,50.64258465679147,37.775522,-122.4194,4.964951327407138,0.13308039156398618,-0.2741489429477377,3,15.947202546980906,0,9.551235645229367,5.124013501152974,4.96673454838697,38.91341653837568,1.7887819153067142,-3.167132974997511,0.08841857659059467,20.52150256867913,0.2924102751813251,False,False,1,0.9,RAPID_VOLTAGE_COLLAPSE
12460.0,0.26908400923099557,0.2820918290407008,10.0415388531707,-0.19581057721379716,5.952374925967411,13.52759030614763,50.64035631182019,37.775523,-122.4194,4.838241176316714,-0.03393358444160607,0.0388214991591073,3,15.952838802371186,0,10.049103668674737,14.780555082012775,4.838360173484359,24.893401172268526,0.11141724856393864,0.2818127695140227,0.09742580505421054,20.52150256867913,0.5148778696253942,False,False,0,0.05,NORMAL_FLIGHT
12480.0,0.3186373253278794,0.08195255919189948,9.916875836611826,-3.2726678549915493,5.109813883390708,11.98225393201287,50.52355977696744,37.775524000000004,-122.4194,4.627146032548706,0.08266517974324317,-0.019845643954403597,3,15.965276487762003,0,9.922332000383062,13.4311191679333,4.627884391217353,6.338583414583798,5.839826742637655,0.6218842695408178,0.09468849866726452,14.780555082012775,1.8039888110540403,False,False,0,0.05,NORMAL_FLIGHT
12500.0,-0.10224313528623703,-0.1722175820347141,10.188455775760655,-10.247572580941625,1.0560469961222836,-2.855416253072238,50.54501175534582,37.775525,-122.4194,5.448936451086051,-0.14353688270468892,-0.1829094413921217,3,15.976748751114782,0,10.190424115261626,10.690247005471605,5.450826660669997,13.404605743928233,-1.0725989189189988,0.5736131676389533,0.08857605163861912,14.780555082012775,1.3477299597730763,False,False,0,0.05,NORMAL_FLIGHT
12520.0,-0.1979209640517162,0.2806739940250382,9.60984327456675,1.8676684170588433,-1.6976507833299328,12.998712435306047,50.53892489265664,37.775526,-122.4194,4.91206359821631,-0.14437183695950548,-0.16792080900537842,3,15.928618470361025,0,9.615978284120079,13.241477578956205,4.914184776769065,28.722291557077373,0.3043431344590175,-2.4065140376878347,0.07588463503916618,14.780555082012775,1.3943540244096653,False,False,1,0.9,RAPID_VOLTAGE_COLLAPSE
12540.0,-0.025157384019929632,0.13958065450780552,9.590109330262873,7.277172419576625,4.804660893041307,-7.140417437774548,50.5221147058233,37.775527000000004,-122.4194,5.227007371420348,-0.048280068868494966,0.09751071432888088,3,15.950201390653527,0,9.591158043712895,11.270650642577918,5.2272303398580595,1.2410120203592,0.8405093416669729,1.0791460146251097,0.06992401857672156,14.780555082012775,1.204699509681717,False,False,0,0.05,NORMAL_FLIGHT
12560.0,0.011144982457738921,-0.08860880422569646,10.13882097224322,-2.95509227866716,3.234522616282829,9.308873827918374,50.53310261002031,37.775528,-122.4194,4.851748926498104,0.1438028721873262,-0.073238274559508,3,15.97775936969472,0,10.13921429096058,10.288335087602224,4.853879573271758,27.40281236238422,-0.5493952098504451,1.3778989520596419,0.0794463997967414,13.4311191679333,1.0725370179988403,False,False,0,0.05,NORMAL_FLIGHT
12580.0,0.21883830369418972,-0.09589859347984868,9.937596392499033,2.200299645115725,-3.422202010430913,18.10522478420993,50.46142441387203,37.775529000000006,-122.4194,5.307653128182407,0.00688746395137692,-0.0907496380735992,3,15.946120062341985,0,9.940468238649775,18.556722491196105,5.307657596931454,9.937302615540222,3.583909807413832,-1.5819653676367729,0.07978885866516756,18.556722491196105,0.6213536309540757,False,False,1,0.9,RAPID_VOLTAGE_COLLAPSE
12600.0,-0.3384929259429639,0.05931510902815236,9.346518795996973,-7.840721567100253,-6.638993367397155,12.149441068549692,50.5578879137031,37.77553,-122.4194,4.8599764816369175,0.028981119556661928,-0.0035638560931668738,3,15.991632643585554,0,9.352834294854,15.91106740301531,4.860062891296234,29.381697189788714,-4.823174991553358,2.2756290621784636,0.09656595340275095,18.556722491196105,-0.1287615835727962,False,False,0,0.05,NORMAL_FLIGHT
12620.0,0.3059100638921228,0.09263695905351695,9.64820849566102,2.2860653184625694,-1.4426645034089811,1.0577038352412322,50.55274954062872,37.775531,-122.4194,4.761656173276531,0.02780795955735272,-0.06442029983199388,3,15.954304018868442,0,9.653501424308107,2.902776759028786,4.761737371497639,15.03335647270534,0.25691865371904044,-1.8664312358556145,0.09474714881962884,18.556722491196105,-0.13824647972079163,False,False,1,0.9,RAPID_VOLTAGE_COLLAPSE
12640.0,-0.031601579715797884,0.03945845312624129,9.92591479615442,-1.9669114887232853,7.577069076741045,-3.317787717721222,50.545457318980105,37.775532000000005,-122.4194,4.95829871380925,0.11092079825867307,0.010004862777774516,3,15.94454380160598,0,9.926043530525185,8.50226040168371,4.959539248644858,13.627105310853871,0.36461108243059925,-0.4880108631231117,0.09301863402066601,18.556722491196105,-0.23342613156806635,False,False,0,0.05,NORMAL_FLIGHT
12660.0,-0.08537621398948401,0.06226173468857698,10.061329266463977,-3.812089753014572,5.732435793665191,-15.285912962592862,50.49718750847346,37.775533,-122.4194,4.893644859807672,-0.061022069253785394,-0.020272002943667038,3,15.973885725576002,0,10.06188412921388,16.764605080749654,4.8940253071329805,6.792029934434751,2.413490525332307,1.4670961985011388,0.08119215074483813,18.556722491196105,0.35915101546848405,False,False,0,0.05,NORMAL_FLIGHT
12680.0,-0.20242087505203352,0.33999147491527615,9.606230804042115,-3.801818206080653,-5.561637348352903,3.1053963791420403,50.49838482759593,37.775534,-122.4194,5.119259957092242,0.06882851084882323,-0.11999955800936431,3,15.992982762944093,0,9.614376665920652,7.418161385294116,5.119722636256161,22.375373164661383,-0.05986595612341716,0.9548518684045604,0.07742819212770508,16.764605080749654,-0.3696041372389658,False,False,0,0.05,NORMAL_FLIGHT
12700.0,-0.3309713343731539,0.21430863044697715,8.935723203054918,-1.9680579101650497,-5.838787079499605,-11.152172279709191,50.56773282210959,37.775535000000005,-122.4194,4.989721014561495,-0.08308826638551302,-0.05111977985613847,3,15.968307915169877,0,8.944418336307557,12.741100150842895,4.990412754789682,33.497916480654766,-3.4673997256831512,-1.2337423887108123,0.1861199510918629,16.764605080749654,-0.09844908406492436,False,False,0,0.05,NORMAL_FLIGHT
12720.0,0.16463411679238293,0.03812711825300487,9.96696695572111,1.9121665784626771,6.373419248397432,-7.931346636139368,50.61952863258119,37.775536,-122.4194,5.125540478910384,0.19832726559207603,0.04427533213091045,3,15.984338152766856,0,9.96839948868397,10.352927769584399,5.129376073678563,51.19905761882064,-2.589790523580149,0.8015118798489596,0.20807083903842527,16.764605080749654,-0.6677909195247622,False,False,0,0.05,NORMAL_FLIGHT
12740.0,0.014663593437680778,0.18826211615349667,9.443903793016808,-6.560816005977589,-5.6781795237891455,-11.907458007366715,50.662250520138215,37.775537,-122.4194,4.941795705382941,-0.08003911042966899,0.004191804023862554,3,15.991811846382523,0,9.445791470126172,14.733417307803093,4.942443834070313,26.130400927889852,-2.1360943778510944,0.37368468078335937,0.200646556105429,16.764605080749654,-1.167932011581101,False,False,0,0.05,NORMAL_FLIGHT
12760.0,-0.2579921799482108,-0.20650478070550793,9.204798360563277,-1.9855766578392642,2.54647661821004,-4.603923326566552,50.68957046772158,37.775538000000005,-122.4194,4.866978525796239,-0.08823893030786209,-0.008194248239183136,3,15.938991540758627,0,9.210728366855525,5.623448037294397,4.867778351505295,11.75315516353237,-1.365997379168249,-2.641015281194825,0.15194010122868673,14.733417307803093,-1.923829592481212,False,False,1,0.9,RAPID_VOLTAGE_COLLAPSE
12780.0,-0.25901575441272323,0.0795854099893618,8.960302222504758,-0.20735888999573834,-3.0803560766816185,-0.2796941448698229,50.671643341343454,37.775539,-122.4194,4.883287890420785,0.054966981348804955,0.19373842411793846,3,15.975346115825763,0,8.964398413565792,3.099970981006774,4.8835972386928965,12.316497664486636,0.8963563189062995,1.8177287533568176,0.17870539338286698,14.733417307803093,-1.7325851374752688,False,False,0,0.05,NORMAL_FLIGHT
12800.0,-0.06715693985802565,0.36186126994662204,10.054194258059322,-5.495196122659296,8.085224622608413,2.7361458116570514,50.59913518299162,37.77554,-122.4194,5.408987759606205,0.007978843143232382,0.07310375253855356,3,15.925258453745895,0,10.060928178456077,10.15157778511161,5.408993644432175,54.82648824451424,3.625407917591872,-2.5043831039933906,0.2257523592682001,14.733417307803093,-0.31402360882026414,False,False,1,0.9,RAPID_VOLTAGE_COLLAPSE
12820.0,0.3338043050578786,-0.04360917907847477,9.84858523512149,8.983326008375085,-3.8521239956893942,-6.005066354139633,50.58908324439828,37.775541000000004,-122.4194,5.045034186445387,0.03268524062609343,0.08524412648213425,3,15.963375489355087,0,9.854337025291356,11.471696795528294,5.0451400641961825,10.329557658236066,0.5025969296667654,1.9058517804595887,0.20335475056228489,14.733417307803093,0.3044538818291187,False,False,0,0.05,NORMAL_FLIGHT
12840.0,-0.05191827027272096,-0.16952678572381696,9.742303085786325,-4.267477400306708,5.716807651029141,10.692837063951831,50.5772896711716,37.775542,-122.4194,4.603247558109391,0.02273137954923181,-0.016596840779492483,3,15.952600655696457,0,9.74391626878986,12.854182881739929,4.603303682884314,5.521037825074782,0.5896786613341476,-0.5387416829314873,0.21197125764802655,12.854182881739929,0.8496084896661671,False,False,0,0.05,NORMAL_FLIGHT
12860.0,-0.30062859062362124,-0.13041777771861215,10.226707308888829,-3.347184568167452,0.9242932703018234,-2.0820525798996594,50.62972939315516,37.775543,-122.4194,4.8959581973091835,-0.10903921988074389,0.022014519035127498,3,15.978035592354988,0,10.231956251271093,4.048815324063374,4.897172267877779,24.401999124061646,-2.621986099178031,1.2717468329265458,0.2387059160696512,12.854182881739929,0.5984107456642107,False,False,0,0.05,NORMAL_FLIGHT
12880.0,-0.049148612817188866,-0.2179266074684777,10.001197404906922,-4.891539749112489,1.2609742711714336,-7.877224332655191,50.64519891527815,37.775544000000004,-122.4194,5.0193732064951755,0.16133589290794842,-0.043109998952569284,3,15.975771193341238,0,10.003692174607409,9.357771124401303,5.021965417684799,11.413203833184227,-0.7734761061495732,-0.11321995068751534,0.03552850178116905,12.854182881739929,0.26444426065303617,False,False,0,0.05,NORMAL_FLIGHT
12900.0,-0.0545447139495341,-0.1569523816255407,10.294890012816575,8.992400435690588,-9.851542906757004,2.262922672434364,50.72581449167333,37.775545,-122.4194,5.369079936250076,0.08935422058891095,0.07775497655241283,3,15.962871404879623,0,10.296230842007585,13.529116093111922,5.369823417821126,14.626933370008821,-4.030778819759107,-0.6449894230807551,0.056244932316955806,13.529116093111922,-1.2667930868171595,False,False,0,0.05,NORMAL_FLIGHT
12920.0,-0.5393773285883143,-0.0741016197180058,9.392179358349901,2.7645261429974077,-11.014566766028594,19.63552833543816,50.78568891867524,37.775546000000006,-122.4194,5.20573974317798,0.1358949951267116,-0.011039990409904346,3,15.956593870645984,0,9.40794621859914,22.682972883870683,5.207513199541911,44.41423117042227,-2.993721350095413,-0.31387671168197073,0.1344181871008676,22.682972883870683,-1.9660567427695952,False,False,0,0.05,NORMAL_FLIGHT
12940.0,-0.010858973303562442,-0.2811134038357284,9.799634812813812,-4.682960031218211,-1.1028297013365698,3.3516056653511783,50.76286413820004,37.775547,-122.4194,4.815656432703617,-0.05283308891104243,0.022237774893055652,3,15.959942260978162,0,9.803672022646909,5.863412704232194,4.815946242756827,19.786290202388468,1.141239023760221,0.16741951660890209,0.1293709239028822,22.682972883870683,-1.8557446702843805,False,False,0,0.05,NORMAL_FLIGHT
12960.0,-0.046186906041735594,0.0031236667899206096,9.324985987515596,5.531157794299844,1.2345303170830586,-3.628556273736071,50.67310767836904,37.775548,-122.4194,5.48367115071449,0.04165235447151714,0.016061130215516816,3,15.950159879658646,0,9.325100892480796,6.729353035835653,5.483829337954583,23.928556508305654,4.487822991549706,-0.489119065975796,0.16541180168252134,22.682972883870683,-0.43378285213883316,False,False,0,0.05,NORMAL_FLIGHT
12980.0,0.13924127296268368,0.18045543475732945,9.74118530044336,1.0034934714443915,-5.625989138688617,-15.27461356118704,50.74238644006611,37.775549000000005,-122.4194,4.993767927039705,0.01973684622346911,-0.0018166881405454506,3,15.94685012219635,0,9.743851566685708,16.308665560967054,4.993806929811091,20.93753371024558,-3.463938084853524,-0.16548787311476687,0.14820678045171135,22.682972883870683,-0.9718752478796233,False,False,0,0.05,NORMAL_FLIGHT
13000.0,0.3697912189890691,-0.18155123602938408,9.735415243869998,1.2862671055575083,-5.443467052381711,-2.1941232097207037,50.81035570122765,37.77555,-122.4194,5.249265962214989,0.11280026262015078,0.29381880671557703,3,15.976075175250951,0,9.7441272758273,6.008326994816411,5.250477791717247,0.013785457079595886,-3.3984630580768282,1.4612526527300496,0.04882010348581503,22.682972883870683,-0.8454120955431677,False,False,0,0.05,NORMAL_FLIGHT
13020.0,0.2253130059095515,0.30385678472835376,9.997984091178921,-1.7223860437622633,2.8073631491306648,2.349281250881156,50.742045121682544,37.775551,-122.4194,4.768998300520019,0.1160248131829619,-0.06666192774947226,3,15.97763098298686,0,10.005137719378192,4.0456178675927355,4.770409473791215,13.050522177544632,3.4155289772552777,0.07779038679540662,0.061326256084131454,16.308665560967054,0.4364379699269705,False,False,0,0.05,NORMAL_FLIGHT
13040.0,-0.05377773811096612,0.10215841770551895,9.82366916434257,-3.7470799347848667,2.814272402285653,-3.8758089125557005,50.817507122673916,37.775552000000005,-122.4194,4.52036738094982,0.019305080295811485,-0.06757115301586923,3,15.942689577426647,0,9.824347522246935,6.081334715223314,4.520408603752582,9.039509856562855,-3.773100049568612,-1.7470702780106429,0.06223147418892324,16.308665560967054,-0.5464298447387961,False,False,1,0.9,RAPID_VOLTAGE_COLLAPSE
13060.0,-0.22130518174833408,0.20611611712481148,9.997022141483976,1.6888304952730069,-0.6887053019396352,-16.653846382409995,50.836612981203544,37.775553,-122.4194,4.718313701926328,-0.15179511318432518,0.06940967468117569,3,15.949425064228299,0,10.00159544945346,16.75341943495698,4.720754806826168,8.862396360326219,-0.955292926481377,0.33677434008261287,0.01730740541655428,16.75341943495698,-1.6350530283450126,False,False,0,0.05,NORMAL_FLIGHT
13080.0,0.5146719606499721,-0.13156691077042743,10.02103203994167,-2.7254361499779516,3.9010086059303752,-8.505653895034339,50.84464725610982,37.775554,-122.4194,4.349933304760858,0.1779661887087689,-0.05951689990751792,3,15.945455015450934,0,10.035102402298964,9.746384895604232,4.353572294127117,1.6753476422752378,-0.40171374531396964,-0.19850243886825325,0.016803540628160828,16.75341943495698,-1.0226081604371018,False,False,0,0.05,NORMAL_FLIGHT
13100.0,0.011843686802897652,0.17090504541332316,10.456478603214943,9.083778147875524,-5.871011478600733,14.545384608877576,50.92538641882219,37.775555000000004,-122.4194,5.422417865450582,0.055598743369013895,-0.02914063613488932,3,15.910737516904128,0,10.457881888172038,18.126003824391496,5.422702898723279,21.13897429365368,-4.0369581356184625,-1.7358749273403085,0.055191778567386794,18.126003824391496,-1.1503071759454286,False,False,1,0.9,RAPID_VOLTAGE_COLLAPSE
13120.0,0.0027858583825892407,-0.21838678007906262,9.715411003414163,-6.346455526215521,-1.7796745854348537,14.340010037304609,50.99262067748372,37.775556,-122.4194,5.042906583777283,-0.06084370413911421,-0.10864109533556182,3,15.935392348978025,0,9.717865584169253,15.782288403342248,5.043273616316849,37.00081520013922,-3.361712933076433,1.2327416036948868,0.08026835661257145,18.126003824391496,-2.5057555580117707,False,False,0,0.05,NORMAL_FLIGHT
13140.0,-0.004825017422000656,0.17804950016730176,9.527693189800086,7.680783864274726,8.239388028918366,-8.86639169204598,51.025187225083485,37.775557,-122.4194,4.815071196310393,0.0406542138266695,0.049155791940258695,3,15.973264719338621,0,9.52935792298022,14.335091820339633,4.815242817412209,9.425383059451686,-1.6283273799881925,1.8936185180297826,0.1246653070587644,18.126003824391496,-2.076801024095687,False,False,0,0.05,NORMAL_FLIGHT
13160.0,0.03961695215357099,0.03436786795870624,9.883825084594923,-0.5565942439890035,0.3416106496990877,6.727567871994219,51.04884807837408,37.775558000000004,-122.4194,5.090524805996024,-0.15110935484525234,0.05042572444841516,3,15.925424692604416,0,9.8839642328427,6.759191109941955,5.092767110086873,17.73031549312405,-1.1830426645296654,-2.3920013367102477,0.12430169053574139,18.126003824391496,-2.1223509717053446,False,False,1,0.9,RAPID_VOLTAGE_COLLAPSE
13180.0,-0.028872082384788497,0.11065024399695673,9.569315991858138,1.4954286701055295,0.6315625729349967,-11.785727847701736,51.0796677929006,37.775559,-122.4194,5.037866807236033,0.10553530674710442,-0.03151920599234445,3,15.981860654138472,0,9.56999924899003,11.896997902454133,5.038972084505012,15.69824919263354,-1.5409857263261273,2.8217980767028195,0.14192288280701879,18.126003824391496,-2.350205367907776,False,False,0,0.05,NORMAL_FLIGHT
13200.0,-0.11473240137604726,-0.23511892112497035,10.254588230530961,4.1657888331471735,11.529732929838698,14.043162819949524,51.059664921206476,37.775560000000006,-122.4194,5.124186679122798,-0.1471211744279153,0.07148166884800726,3,15.962161885871629,0,10.25792494653478,18.64132398794123,5.126298251415399,34.396284877237534,1.0001435847062368,-0.9849384133421957,0.08732610596863706,18.64132398794123,-1.3427850238428363,False,False,0,0.05,NORMAL_FLIGHT
13220.0,-0.10937178824807843,-0.17901396845532094,9.725034588316431,-3.151246475022181,-6.996710829243854,2.4523584789423634,51.056909848719854,37.775561,-122.4194,5.241906280227254,-0.02208344920370826,-0.18581250137335917,3,15.945898897478159,0,9.727296948943094,8.05595300902621,5.241952797327983,26.531399879584328,0.13775362433108285,-0.8131494196734756,0.0869951393039469,18.64132398794123,-0.6428917123613331,False,False,0,0.05,NORMAL_FLIGHT
13240.0,-0.006550654043199678,0.11944564365067696,9.640327089637804,4.321241923493183,3.982151833210552,9.496414986165338,51.01179399099013,37.775562,-122.4194,4.942015769394997,0.02444544496055498,-0.07068534015143436,3,15.948235374974157,0,9.641069264768303,11.167477896712526,4.942076228138144,4.311384208739533,2.2557928864863186,0.11682387479989842,0.0747255363099414,18.64132398794123,0.1339323409335691,False,False,0,0.05,NORMAL_FLIGHT
13260.0,-0.108684954226753,-0.18966960084484016,9.668605283654665,-13.537719276905886,8.319931399040497,-17.15093347182539,50.99514200220318,37.775563000000005,-122.4194,4.824032138779803,0.10388397119820936,-0.016997918621093063,3,15.917823950115322,0,9.67107621249439,23.38045381638324,4.825150562982708,1.5003473863043126,0.8325994393473479,-1.5205712429417595,0.07656083368412887,23.38045381638324,0.5370607617089718,False,False,1,0.9,RAPID_VOLTAGE_COLLAPSE
13280.0,-0.14256915653543287,0.09264125841982462,10.025525227041493,-3.5999476661096956,-1.6242896324927305,6.776371019248881,50.976810308269734,37.775564,-122.4194,5.1655550428743835,0.010654467643437403,-0.11722824969029529,3,15.930013083784921,0,10.026966861678671,7.843286568745792,5.165566030808796,17.794532459214096,0.9165846966723734,0.6094566834799586,0.07183418226364442,23.38045381638324,1.028574846308672,False,False,0,0.05,NORMAL_FLIGHT
13300.0,0.02128604553837937,-0.27342756129204915,9.762675905030555,-4.620314036705327,4.2981539342742305,-0.07674063684503472,50.94504503978865,37.775565,-122.4194,5.160466555576893,0.06349628736125502,-0.1748713037418722,3,15.963295215823244,0,9.766527353858839,6.310888857034063,5.160857181683708,13.021975390991614,1.5882634240540483,1.6641066019161599,0.023554599106067907,23.38045381638324,1.1461988141782342,False,False,0,0.05,NORMAL_FLIGHT
13320.0,-0.05099544348417106,0.16963484253333364,9.617499953960886,-6.267530061858809,-4.910097486054524,8.519290707908425,50.951882364921076,37.775566000000005,-122.4194,5.020147161624269,-0.0028166908449552934,-0.030789596503844708,3,15.921326221620733,0,9.619131035571513,11.660587659492881,5.020147951814919,7.369815914366296,-0.34186625662115944,-2.0984497101255606,0.028019511956730324,23.38045381638324,1.0502748379877858,False,False,1,0.9,RAPID_VOLTAGE_COLLAPSE
13340.0,0.3007985977165377,-0.24650466295370183,10.30960557528706,-1.0747741903947556,-3.4336619778367576,9.148677980978498,50.93568332238605,37.775567,-122.4194,5.435510837736155,-0.0032185950944282667,0.0694020087060742,3,15.953989018330573,0,10.316938085654881,9.830741728782286,5.435511790668987,34.89035250416838,0.809952126751412,1.6331398354919813,0.08427296858309104,23.38045381638324,0.7611066860408044,False,False,0,0.05,NORMAL_FLIGHT
13360.0,-0.5301939616786024,0.11045998753590465,9.553149047801476,1.9287498409084742,1.9248320802381715,0.6578468947474945,50.96079505840365,37.775568,-122.4194,4.912435575427669,0.008547725034829734,0.12821083914265122,3,15.90437515419025,0,9.568488061097069,2.803179805657745,4.9124430120186275,37.42250122789059,-1.255586800879982,-2.480693207016138,0.09710094793369328,11.660587659492881,0.34346943799533847,False,False,1,0.9,RAPID_VOLTAGE_COLLAPSE
13380.0,0.21830137038449238,0.12512618672920017,9.820669822209899,3.5132999924965294,3.9928333655529507,-6.008296390959147,50.87967902773896,37.775569000000004,-122.4194,4.8200284056729465,-0.01890579208523746,-0.05472878832053729,3,15.907102364516884,0,9.823892701357305,8.02406509469868,4.820065483006269,12.770232013011817,4.0558015332344155,0.13636051633172386,0.08835587215897792,11.660587659492881,0.9713128053077469,False,False,0,0.05,NORMAL_FLIGHT
13400.0,0.2492170384995258,-0.139354363685915,10.005691845483069,1.204383786002038,5.604682562031229,7.796961821794943,50.87401128803359,37.77557,-122.4194,5.08361828550132,-0.16865702430814355,0.07332158376215936,3,15.968242800865504,0,10.009765135992112,9.677583405770754,5.086415246962428,9.29362173174031,0.28338698526830797,3.0570218174309716,0.09380768452441596,11.660587659492881,0.7103375175505988,False,False,0,0.05,NORMAL_FLIGHT
13420.0,-0.4146780464816299,0.11640531341694538,9.320599466874878,-3.3284673244677343,7.848142934697465,-0.6015449940512768,50.880588870042466,37.775571,-122.4194,4.8650124286173,-0.07683234936966282,0.06365420380756676,3,15.929127939416363,0,9.330545670063128,8.545987282541397,4.865619091185669,33.960973296449204,-0.32887910044365753,-1.9557430724570501,0.1463224457731727,9.830741728782286,0.7129349487860992,False,False,1,0.9,RAPID_VOLTAGE_COLLAPSE
13440.0,-0.06853751881606976,0.052088452666711194,9.954078150421777,1.8450821891258355,-0.3372327927759106,-8.727849535276425,50.865057408050625,37.775572000000004,-122.4194,5.099103304828979,0.024477484111169845,0.12186081743344966,3,15.917744259388678,0,9.954450382773068,8.927116653857377,5.099162054744508,31.19523563549702,0.7765730995920705,-0.5691840013842153,0.08070907705399465,9.677583405770754,0.7062591433542309,False,False,0,0.05,NORMAL_FLIGHT
13460.0,-0.0742881731991583,-0.10776837123854766,9.493467697355866,0.6214284742542535,5.96805877586294,-9.201522314576858,50.856437773060165,37.775573,-122.4194,4.833398348832112,-0.024912100348871893,-0.035019103035400165,3,15.954918648455937,0,9.494369998860165,10.98507677744787,4.833462548860473,23.004019195645142,0.43098174952298507,1.8587194533629336,0.08806853939942844,10.98507677744787,1.0435728534348243,False,False,0,0.05,NORMAL_FLIGHT
13480.0,-0.28150233894356425,-0.20171093681524163,10.056834834250202,4.680280839680081,-1.7115242172457448,-14.771644163123817,50.777175472523666,37.775574,-122.4194,4.919951543413623,-0.01558090821819066,-0.17985004951846742,3,15.95172983780262,0,10.062795722474439,15.589605997793692,4.919976214804192,28.42128618071369,3.963115026824937,-0.15944053266583325,0.11158246556837148,15.589605997793692,1.0250355521529286,False,False,0,0.05,NORMAL_FLIGHT
13500.0,-0.15556333751817508,-0.39252513833451586,9.521204696424308,3.884683514657583,4.510456557941341,-5.102911595630633,50.79499932775715,37.775575,-122.4194,5.378168084007833,-0.03233536694387154,0.007018585242274463,3,15.944378072795889,0,9.530562145404469,7.840579769567427,5.378265288714929,26.61167885349851,-0.8911927616740201,-0.36758825033658127,0.10015381981423496,15.589605997793692,0.790119602764463,False,False,0,0.05,NORMAL_FLIGHT
13520.0,-0.22211516909316575,0.06993000945993874,10.017830709554659,0.15238206960314435,1.0374439892609089,11.026920460743783,50.827379626885495,37.775576,-122.4194,4.918882528650464,-0.08635983927318179,-0.10137937409697231,3,15.913714597889896,0,10.020536786014048,11.076663991182544,4.919640571474919,24.498732030478987,-1.6190149564174305,-1.5331737452996208,0.07669320160605687,15.589605997793692,0.5320924315697084,False,False,1,0.9,RAPID_VOLTAGE_COLLAPSE
13540.0,0.35045408868472455,-0.31296055427241104,10.141749919888415,-4.486265030806284,2.2283895354096197,1.7782979970543424,50.85205649159569,37.775577000000006,-122.4194,4.840229691196541,-0.04930994609762939,-0.07235051090620076,3,15.91852377954678,0,10.152627926520454,5.315509158536545,4.840480857758319,6.604557025320279,-1.233843235509724,0.24045908284415773,0.098609496949948,15.589605997793692,0.13000916454934952,False,False,0,0.05,NORMAL_FLIGHT
13560.0,0.18713567862949224,0.019068839888261642,10.068430957689841,-3.264750779160404,2.1175393701101872,-5.2976770592304065,50.903992844567796,37.775578,-122.4194,5.2341357577413,-0.030683174438859474,-0.03012191440531824,3,15.92964428232742,0,10.070187949221106,6.573275656618338,5.234225691318605,4.121998864967402,-2.5968176486053096,0.5560251390320126,0.06190647590277136,15.589605997793692,-0.4755507150763094,False,False,0,0.05,NORMAL_FLIGHT
13580.0,0.25431101899883174,-0.052689643216449825,9.885394994471431,-2.7489467981901665,-8.023525048989061,8.048559381800796,50.91406932485692,37.775579,-122.4194,4.789791609942661,0.0005143140541849398,-0.03389276313491429,3,15.936449267483265,0,9.888806019414444,11.69243220349849,4.789791637555443,9.069096490333095,-0.5038240144561001,0.34024925779228,0.05965698605740027,11.69243220349849,-1.3689385233325169,False,False,0,0.05,NORMAL_FLIGHT
13600.0,0.14433441280864703,0.1358285550876391,9.74060971712109,-1.5763316695812788,-5.620609294303867,-8.324766217233888,50.938003383889466,37.775580000000005,-122.4194,4.8614113539705865,0.03933783444697123,0.014155926689579443,3,15.911541183947342,0,9.742625902721084,10.167487543308747,4.86157050938615,7.309005834668003,-1.1967029516274152,-1.24540417679615,0.02602828473288108,11.69243220349849,-1.430040561323196,False,False,0,0.05,NORMAL_FLIGHT
13620.0,-0.22581035424344587,-0.06040909989797284,9.637074127099547,1.3402521379487664,0.5127071990876121,0.9535027433277855,50.94580792081231,37.775581,-122.4194,5.115312224101799,-0.01805502908857391,0.07031563164196175,3,15.92427517242752,0,9.63990857356259,1.722878970446304,5.115344087558595,5.13586645792472,-0.39022684614202774,0.6366994240089241,0.04632935988018323,11.69243220349849,-1.1842829392681153,False,False,0,0.05,NORMAL_FLIGHT
13640.0,-0.10490405325595474,-0.06588955726941828,10.251310407245132,3.575871950640292,-8.436395398205843,-1.7963037272551532,50.980185456791936,37.775582,-122.4194,5.187682284774659,-0.10296552556924195,-0.03677355832759664,3,15.925357831018449,0,10.252058883943217,9.337362293645647,5.188704018078172,30.60751551903138,-1.7188767989814835,0.05413292954639104,0.06092428500006926,11.69243220349849,-1.2812896519624672,False,False,0,0.05,NORMAL_FLIGHT
13660.0,0.09787491224558362,0.14637414085765912,9.600151433949707,-0.2555934650768883,4.156055515998779,7.791306255883522,50.90132397498533,37.775583000000005,-122.4194,5.244095278216215,-0.13980820399187832,0.03956975066080047,3,15.9448949749174,0,9.601766110582235,8.834171078512323,5.245958598856174,32.51463866804913,3.9430740903302564,0.9768571949475557,0.06933204760457858,11.69243220349849,0.026688695824645947,False,False,0,0.05,NORMAL_FLIGHT
13680.0,-0.2444255617783891,0.06701160581682351,9.498880177929001,0.08062393950236219,4.35777983144071,-15.772283709195008,50.856644926586426,37.775584,-122.4194,4.850555633555903,0.25974372073752244,0.0014816009930505383,3,15.933398471155991,0,9.50226073338431,16.363425029078435,4.857505198626501,4.975268859896254,2.23395241994524,-0.574825188070438,0.08688993816908663,16.363425029078435,0.574243982704914,False,False,0,0.05,NORMAL_FLIGHT
13700.0,0.14259968603447762,0.06323119143655566,10.00961068050985,0.7165315250000186,1.635852764388951,-8.501977458146557,50.935989909438085,37.775585,-122.4194,5.119201734597224,-0.11298150302645632,0.09354943958784454,3,15.887322696467976,0,10.010826081268442,8.687522799504471,5.120448341652256,25.42826739420665,-3.9672491425829293,-2.303788734400758,0.10059254454695062,16.363425029078435,0.020134744513811142,False,False,1,0.9,RAPID_VOLTAGE_COLLAPSE
13720.0,-0.04806507963162701,0.09385351796170525,9.571158959044052,-2.5795265656617,-5.605670063789611,-16.382456590945335,50.81296811833327,37.775586000000004,-122.4194,4.906778360091164,-0.051862500126438296,-0.018859185110631664,3,15.912335697982368,0,9.571739787207077,17.506066894686246,4.907052434402785,21.954314703068256,6.151089555240574,1.2506500757195838,0.10702505407806052,17.506066894686246,1.3283980247903315,False,False,0,0.05,NORMAL_FLIGHT
13740.0,-0.07496416150991951,-0.3071144246414212,9.524980950760163,-4.626961288214781,6.900694694342574,-2.5959672180927003,50.805959221842,37.775587,-122.4194,4.878868873297874,0.05170003025139352,-0.007892667577455567,3,15.897182211539802,0,9.530225653554993,8.704447358941168,4.879142791102025,2.075706682604217,0.3504448245635672,-0.7576743221282989,0.04364980267935682,17.506066894686246,1.7422623494993417,False,False,0,0.05,NORMAL_FLIGHT
13760.0,0.14219199364069832,0.1513577359973964,9.376918721349071,-8.77718948655355,10.18605319859179,12.114275036324305,50.86457296982241,37.775588,-122.4194,5.240642556458457,0.03608606095656809,-0.03744004479989068,3,15.926269202139096,0,9.379218114218714,18.098353369937232,5.240766795838066,7.550376966813932,-2.9306873990204707,1.4543495299647269,0.0581840519234721,18.098353369937232,0.36751005162919625,False,False,0,0.05,NORMAL_FLIGHT
13780.0,0.08885266229720795,0.12249375880272047,9.665127048161846,-3.475746790384362,0.7353841372298698,-5.054472096535272,50.85990993654532,37.775589000000004,-122.4194,4.890089120828082,0.05208656925615726,-0.016224853995849546,3,15.932520095524358,0,9.666311622002087,6.178130279850869,4.890366511861667,14.354675389168658,0.2331516638545139,0.3125446692631151,0.05564347905945683,18.098353369937232,-0.03265009958894893,False,False,0,0.05,NORMAL_FLIGHT
13800.0,-0.07219323316381598,-0.20333662571529945,9.785185492831053,2.3657272663389346,2.5526768922561818,-5.106839381956507,50.83965938297278,37.77559,-122.4194,5.055640919204196,-0.04427170695321755,-0.07834881283458743,3,15.915237723013856,0,9.787564190102827,6.180018874409696,5.055834756790257,6.062628405036996,1.0125276786268955,-0.8641186255251121,0.02328645989964396,18.098353369937232,0.963305264653016,False,False,0,0.05,NORMAL_FLIGHT
13820.0,0.23186596067284962,-0.04881609473484026,9.88292751829821,-3.5145571901978374,1.0086932739802195,8.717244241841364,50.84613046681355,37.775591000000006,-122.4194,5.031115893846128,0.023855807063954727,-0.08825972861435134,3,15.906993637476488,0,9.885767606350047,9.453037688280983,5.03117245151086,4.910170812360981,-0.32355419203824454,-0.4122042768684331,0.04061122417562367,18.098353369937232,-0.3316234848027477,False,False,0,0.05,NORMAL_FLIGHT
13840.0,-0.21621266551997947,-0.007861457525526238,10.095391873289845,-1.1890351871296985,2.651845944993996,10.685495584552998,50.82847445781343,37.775592,-122.4194,4.7858491247323,0.0061343664240863655,0.07757653852827251,3,15.912889148737158,0,10.097709977739129,11.073658269953759,4.785853056159617,10.59711856945409,0.882800450006016,0.2947755630335003,0.07108568454170448,18.098353369937232,-0.22515235971425795,False,False,0,0.05,NORMAL_FLIGHT
13860.0,0.12318712138885275,-0.026899356880346545,9.968069377099738,2.3321564370615846,-0.5977937831319804,-0.8857106726878993,50.83001693245127,37.775593,-122.4194,5.193218571071264,-0.031213136754128724,-0.10832016831846014,3,15.914833713133387,0,9.968866823714228,2.5653059173892463,5.193312371389332,6.442157701245055,-0.07712373189221466,0.09722821981146268,0.02738189391561087,11.073658269953759,0.34556037371139325,False,False,0,0.05,NORMAL_FLIGHT
13880.0,0.11862025159367676,0.06677199331370694,9.752738334134047,2.6034474821133435,-0.17282119921901667,6.847148540498922,50.79584788062527,37.775594000000005,-122.4194,5.1120561787357905,0.02454097417713399,-0.03191180896979034,3,15.897002909416887,0,9.753688239700251,7.327431275329596,5.112115084186225,10.75892920069883,1.708452591300258,-0.8915401858249794,0.019518794546559137,11.073658269953759,0.6406205592005421,False,False,0,0.05,NORMAL_FLIGHT
13900.0,-0.06190928786279806,0.2862733563662367,9.750541297086084,-5.3976642608301955,4.528588002486827,-10.769545408779464,50.85128160162306,37.775595,-122.4194,4.602741877625916,0.10553655467507067,0.10153427862709963,3,15.884580255223232,0,9.754939301741967,12.869576414189941,4.6039516457521605,0.0625531020857828,-2.77168604988951,-0.6211327096827368,0.021544883841675768,12.869576414189941,-0.11622218650273908,False,False,0,0.05,NORMAL_FLIGHT
13920.0,0.0652266044484236,0.21635334553456576,9.963047240674555,4.9852967822682075,11.728120809482203,13.779743339254138,50.92244484767634,37.775596,-122.4194,5.055484222247468,-0.002220022343532477,-0.035270079500360714,3,15.867101271174906,0,9.96560954482789,18.76921224305437,5.05548470968831,10.533512154296165,-3.5581623026640585,-0.873949202416302,0.02256326744328305,18.76921224305437,-0.7631438086279019,False,False,0,0.05,NORMAL_FLIGHT
13940.0,-0.2502227152770606,-0.26244383868628124,10.191771048878572,5.636750446777427,-7.0003561720086935,21.487062939370514,50.91577533157076,37.775597000000005,-122.4194,4.845405313166676,-0.00155471536435746,0.0828740453685575,3,15.932597269448184,0,10.198219711717552,23.291024363361426,4.845405562592642,11.630508344483115,0.33347580527909315,3.274799913663884,0.03410937810211372,23.291024363361426,-0.8730087375732865,False,False,0,0.05,NORMAL_FLIGHT
13960.0,0.18480540384138022,0.12441399806120974,9.84789425984496,-5.6492492860927985,-0.5190624220148344,5.212157911887249,50.846450860536194,37.775598,-122.4194,5.219415061282525,0.10681610348759843,-0.05910457207268417,3,15.9163305264735,0,9.850413861015682,7.703897285972649,5.220507950564499,17.390292535093543,3.4662235517281204,-0.8133371487342167,0.034510879495220755,23.291024363361426,-0.16433928084921945,False,False,0,0.05,NORMAL_FLIGHT
13980.0,-0.03698042728859781,0.26578666390708194,9.669260743736878,-4.119184348205771,-5.902302426160411,-20.843316213428004,50.820258702020524,37.775599,-122.4194,4.710920032643848,0.09613603598188132,-0.10511636063501939,3,15.912802996615078,0,9.672983688246577,22.051047240376434,4.711900857549893,8.87150863845525,1.3096079257834958,-0.17637649292110424,0.04190211354161506,23.291024363361426,-0.24410821395257187,False,False,0,0.05,NORMAL_FLIGHT
14000.0,-0.1045446041038079,0.07736170413784053,9.512140199674336,5.9554534157309575,7.960124492880417,-5.582302623977843,50.811059269015374,37.775600000000004,-122.4194,4.928704606274091,0.15839364409634835,-0.1594825854900821,3,15.930006328934647,0,9.51302925391144,11.401452096762332,4.931249095553536,7.997721716756789,0.45997165025752906,0.8601666159784749,0.06975296804796735,23.291024363361426,0.402223326076836,False,False,0,0.05,NORMAL_FLIGHT
14020.0,0.20980184516737788,0.2181960850371934,9.376438420676333,-0.7342676062765043,-2.938689846599492,6.1282532166932135,50.83633621286054,37.775601,-122.4194,5.072404910197693,-0.1756230234479577,0.13127240692726613,3,15.878742565769134,0,9.381323137089804,6.835973553199624,5.075444317432973,6.585305841081812,-1.2638471922581829,-2.5631881582756755,0.10135007566026205,23.291024363361426,0.8610863481580111,False,False,1,0.9,RAPID_VOLTAGE_COLLAPSE
14040.0,-0.14086873810855186,0.40245408914015307,10.009880901613057,-11.098889737259254,-7.21600396892897,-4.214829971663628,50.785935551702,37.775602,-122.4194,5.010868058828375,0.09051191831693894,-0.11368711816344156,3,15.868288883233276,0,10.01895847679387,13.893194678311804,5.011685456046086,31.881766985203264,2.520033057926696,-0.5226841267928606,0.06520013963941076,22.051047240376434,1.2983977986875317,False,False,0,0.05,NORMAL_FLIGHT
14060.0,-0.28169225927271196,0.2047419092213963,9.983393557091867,-6.998407523663431,3.190934994242867,12.721985542500976,50.747477435769895,37.775603000000004,-122.4194,5.152591651342794,0.06015800454021793,0.07471865901250933,3,15.909835713868151,0,9.989465285695186,14.866361025764055,5.152942820466547,1.474659554934199,1.9229057966054341,2.0773415317437482,0.08040490869121668,22.051047240376434,0.9897342476629944,False,False,0,0.05,NORMAL_FLIGHT
14080.0,-0.31132583470478076,0.04986171912834578,9.983209057532,-1.2468481258624062,8.721555573715555,5.881572644358652,50.77301124266283,37.775604,-122.4194,4.696315602798142,-0.08856523977532654,-0.09999470267933824,3,15.907166077834033,0,9.988186674906412,10.593066536430491,4.697150630199306,0.06393053943867244,-1.2766903446468802,-0.13348180170593693,0.09362970933602992,14.866361025764055,0.47247459357691923,False,False,0,0.05,NORMAL_FLIGHT
14100.0,0.12120199026912792,0.2090176948169507,9.771402166094385,-5.8152132514230095,3.3179893428038136,-7.064755007657966,50.81995668426482,37.775605000000006,-122.4194,5.330382867373475,0.025158791799884485,0.13173839179398214,3,15.865824088919101,0,9.77438891239477,9.733268811489475,5.330442240339305,10.689888125582137,-2.3472720800992164,-2.0670994457465675,0.07263998724954843,14.866361025764055,-0.08897415249442986,False,False,1,0.9,RAPID_VOLTAGE_COLLAPSE
14120.0,-0.25608587049925663,0.02897756661937824,10.232080423767526,-2.067118853182207,1.0239893864095861,0.32264810771252794,50.78887698200628,37.775606,-122.4194,5.105028931757654,0.10511217477579984,0.22067827246151006,3,15.90679022114276,0,10.235325567410309,2.329299555246443,5.106110943112066,23.046832750776947,1.5539851129268811,2.0483066111829373,0.02672011082726892,14.866361025764055,0.47459230854258294,False,False,0,0.05,NORMAL_FLIGHT
14140.0,0.350958836396873,0.004780608656991095,9.664764451624555,0.16198106841789364,2.0457046138799697,-8.938332206390902,50.72221612930873,37.775607,-122.4194,5.27194364260018,-0.08291589224854001,-0.16865300596903368,3,15.890744915639353,0,9.671135758764317,9.17087388778084,5.272595643128707,28.20949043229959,3.3330426348776143,-0.8022652751703774,0.04783913998789355,14.866361025764055,0.6371942239327666,False,False,0,0.05,NORMAL_FLIGHT
14160.0,-0.41638588157674444,-0.0702828471427465,10.096580771162163,7.311273020173644,7.074203314127773,-1.825848784124418,50.88642203937312,37.775608000000005,-122.4194,5.174848033846648,0.04425624290228072,-0.1084756434158814,3,15.881757188279986,0,10.10540747073469,10.335994847503748,5.1750372741114,21.71358559851866,-8.210295503219811,-0.44938636796834075,0.053876349266036044,10.593066536430491,-1.3894460360322824,False,False,0,0.05,NORMAL_FLIGHT
14180.0,0.33929127365800765,0.31268267176642167,9.798377131503138,-1.4522695811389452,-4.370996350070749,-5.545932404325518,50.92558725122756,37.775609,-122.4194,4.997677977108991,0.08713536757310175,0.07731318638032247,3,15.890380050096484,0,9.809234599741568,7.209165157074786,4.998437529384789,14.808643549656075,-1.9582605927219277,0.43114309082490365,0.05730176327618395,10.335994847503748,-1.525760085647292,False,False,0,0.05,NORMAL_FLIGHT
14200.0,0.04220349344052368,-0.1636857331884003,9.627494770596199,5.362708997863795,-0.5592355204315648,11.747618002330382,50.91223706313921,37.77561,-122.4194,4.743160357817768,-0.1071019562531488,0.05130429233658149,3,15.847367527631155,0,9.628978643239645,12.925862481542906,4.744369400563918,9.012797825096186,0.6675094044176433,-2.1506261232664414,0.07205171981616798,12.925862481542906,-0.92280378874392,False,False,1,0.9,RAPID_VOLTAGE_COLLAPSE
14220.0,-0.01934262237407848,0.30647354493562323,9.98775909219533,7.143800810183852,-2.2634507425476666,21.16012056830995,50.95568862691575,37.775611000000005,-122.4194,4.88728936375026,-0.0142285692445148,0.07769218547601917,3,15.88352018936908,0,9.992478764276468,22.44789080837968,4.887310075819742,18.17500605184117,-2.1725781888271456,1.807633086896221,0.04191802104416336,22.44789080837968,-1.6681164490947253,False,False,0,0.05,NORMAL_FLIGHT
14240.0,-0.10898381736178996,0.09997282474807428,9.932890835605198,7.17154834676038,-5.839326536458551,-14.311883332357521,50.94946579543003,37.775612,-122.4194,5.317912666572515,0.030096837664241118,-0.05737555504043761,3,15.880411357234628,0,9.933991765155868,17.03991914911346,5.317997832730828,2.9243499560299924,0.3111415742861112,-0.1554416067225617,0.03335300448269247,22.44789080837968,-2.272496661213026,False,False,0,0.05,NORMAL_FLIGHT
14260.0,0.07982722287041417,-0.27986123496038834,9.917091827780078,1.4237729669278412,-1.641876297084012,-19.23216286209752,50.99282363988504,37.775613,-122.4194,5.277087556331276,-0.07961315055429548,0.19875341610233677,3,15.904788872350428,0,9.921361046598756,19.354559555580796,5.277688066845896,0.6315359278556087,-2.167892222750467,1.2188757557900054,0.02067490651548403,22.44789080837968,-1.0640160051191572,False,False,0,0.05,NORMAL_FLIGHT
14280.0,-0.007526940484969673,0.07352985859828431,9.83438352661686,-9.81644573919487,5.538605479912243,-2.4517242185138572,51.00079329977385,37.775614000000004,-122.4194,4.876080003979262,-0.08791531990935461,0.011804946668977438,3,15.889631795468881,0,9.834661287687116,11.534717562919278,4.87687249255926,4.334987945582025,-0.3984829944403856,-0.7578538440773386,0.02019429521527866,22.44789080837968,-0.7520604854628488,False,False,0,0.05,NORMAL_FLIGHT
14300.0,0.2206603764033043,-0.42000530153032484,9.798632075484951,2.3041243270193266,2.8330107419636272,-15.184156988286826,51.00535689468223,37.775615,-122.4194,4.436339142759564,-0.01350446018627742,-0.12169625768435198,3,15.90472335046007,0,9.8101114165819,15.617091989976341,4.436359696871477,1.2274935552607502,-0.22817974541915476,0.7545777495594486,0.00562555541839269,22.44789080837968,-0.9311983154302084,False,False,0,0.05,NORMAL_FLIGHT
14320.0,0.02284552973240793,0.12510160336620715,10.526511597861132,5.241999439067705,3.2215525005410024,0.4621160367091715,50.999677801270686,37.775616,-122.4194,4.957462053138976,0.0801639716903692,-0.025314850004294495,3,15.840104760879154,0,10.527279741191382,6.170130457641225,4.958110151123116,35.85841623047408,0.28395467057720225,-3.230929479045841,0.08795236295173654,19.354559555580796,-0.4398917435493388,False,False,1,0.9,RAPID_VOLTAGE_COLLAPSE
14340.0,0.03006035229237552,0.17704629659779822,10.165276993558852,-0.40533552717708565,0.7323780582665911,7.489361138059268,50.92730873459753,37.775617000000004,-122.4194,4.942459422374177,0.06437340011921099,-0.12035668962288326,3,15.873463158109859,0,10.166863103814068,7.5359939467925985,4.942878622468712,18.020831868865717,3.618453333657712,1.6679198615352497,0.0904742721267247,19.354559555580796,0.22157060832498132,False,False,0,0.05,NORMAL_FLIGHT
14360.0,-0.07272244244277118,-0.11847119113041071,10.026848068495655,8.722919350376243,2.616618913642943,14.94141897266825,51.024213479567194,37.775618,-122.4194,4.950045477591924,-0.08614127291863422,0.15909413585541055,3,15.900514638380104,0,10.027811633923811,17.498057533601067,4.950794941130999,6.952573494512837,-4.8452372484831585,1.3525740135122533,0.08578437659723158,17.498057533601067,-0.31389839682155696,False,False,0,0.05,NORMAL_FLIGHT
14380.0,-0.011389124744213492,0.02470953919111647,9.843539747461017,4.299167807337288,-4.002951711740527,2.013945587152811,50.9771367835538,37.775619,-122.4194,5.10570784036628,0.06521678851156862,-0.06603312628001165,3,15.882366979524605,0,9.843577349385455,6.2098665903692325,5.106124340503419,9.211714226917778,2.353834800669574,-0.907382942774948,0.08473621452923501,17.498057533601067,0.236565162200435,False,False,0,0.05,NORMAL_FLIGHT
14400.0,0.06156035377841184,0.3908314867500573,10.112147160179001,2.841366885763921,-1.5475494296361463,-1.93155224849579,50.909135604738275,37.77562,-122.4194,5.1752425158643325,-0.08359397761665086,0.049248348474462224,3,15.90460305758295,0,10.11988434307966,3.768178486397913,5.175917604744454,13.81534968471021,3.400058940776418,1.1118039029172522,0.06288048590138633,17.498057533601067,0.9622128994395496,False,False,0,0.05,NORMAL_FLIGHT
14420.0,-0.34203367853132516,-0.10114934085238735,9.965398432917436,5.431903556029189,0.9600211848433837,-19.783849165730842,50.89849261060046,37.775621,-122.4194,5.1980599094199045,-0.16101697979934346,-0.04706731449821802,3,15.85075136352307,0,9.971779387511429,20.538449423696512,5.200553171509947,7.405247778411539,0.5321497068909053,-2.692584702993983,0.016219465691811704,20.538449423696512,1.0118519067022902,False,False,1,0.9,RAPID_VOLTAGE_COLLAPSE
14440.0,-0.2696370844211426,-0.21178151741132012,9.817861425832211,1.6668492563043904,1.3875792944094512,0.2618514918579844,50.85041901992493,37.775622000000006,-122.4194,5.089141828027073,-0.036714357104723136,-0.06153873097625132,3,15.900615213292038,0,9.82384642313062,2.1845660771202553,5.089274259635882,7.396648219040447,2.403679533776426,2.4931924884484147,0.015589469593880885,20.538449423696512,0.768897146726033,False,False,0,0.05,NORMAL_FLIGHT
14460.0,0.148652818804543,0.29633268049251976,9.718930702420225,-12.464052496976768,1.6009392746093651,0.7128726054946168,50.847833380396914,37.775623,-122.4194,4.639845859615473,0.11229693715857357,-0.19102541812810508,3,15.872359786929943,0,9.724583524064817,12.586651602393873,4.641204606897443,4.963144953290133,0.12928197640071915,-1.4127713181047774,0.023300475133469674,20.538449423696512,1.7638009917028086,False,False,0,0.05,NORMAL_FLIGHT
14480.0,0.03417308762558837,0.39251743810615897,9.785724798701194,-2.495694757351828,-0.6916764100818895,6.3895681421274535,50.882221572825,37.775624,-122.4194,4.931760053461341,0.06559605521413735,0.05981746029905671,3,15.869568204385383,0,9.793653433476743,6.89445354042126,4.932196272187134,3.4534954705963017,-1.7194096214044663,-0.1395791272280178,0.02512585381508157,20.538449423696512,0.9491521072880005,False,False,0,0.05,NORMAL_FLIGHT
14500.0,-0.03679666727053583,0.0007391343695694651,8.858872279236584,5.9858401362392675,-1.8871170056516484,-7.084881015290911,50.931986717851466,37.775625000000005,-122.4194,5.460817956709838,-0.00015718073731942625,0.1299181252629184,3,15.90326266179898,0,8.858948730005622,9.465042616410248,5.4608179589719335,46.73523517355606,-2.488257251323134,1.6847228706798667,0.19613351571778853,20.538449423696512,-0.2285111311319099,False,False,0,0.05,NORMAL_FLIGHT
14520.0,0.003686786613078632,0.20229260708167127,9.873180251789293,-4.03795670049148,15.78885641522149,-4.350526002358597,50.97272325393255,37.775626,-122.4194,5.074843346960495,-0.041670548359105754,-0.09159675813651517,3,15.905829318246955,0,9.875253119571038,16.86772532716617,5.075014426658289,50.81521947827081,-2.036826804054215,0.12833282239874677,0.18172182630920763,16.86772532716617,-0.7423064333209339,False,False,0,0.05,NORMAL_FLIGHT
14540.0,0.06951634107233422,0.2682951831061762,9.663457175966892,-1.1173625261846958,4.533936364661994,-14.780022553041842,50.957441651193264,37.775627,-122.4194,5.073563913688773,-0.03897621361164312,-0.15452291149986713,3,15.902434864356964,0,9.667430859266597,15.500133697557313,5.073713623324876,10.391113015222064,0.7640801369642958,-0.16972269449953004,0.17030167951691558,16.86772532716617,-1.07022631268336,False,False,0,0.05,NORMAL_FLIGHT
14560.0,-0.10795193606187231,-0.1484968465076768,10.287800999484865,-5.2241815695153555,2.065737379763112,-22.912928068840653,50.95992124257634,37.775628000000005,-122.4194,5.071897187954772,0.010878490586079616,0.08033160427378291,3,15.921663283723577,0,10.289438971048131,23.591558165608316,5.071908854340834,31.10040558907672,-0.12397956915393138,0.9614209683306285,0.27382606134156207,23.591558165608316,-1.12087862179429,False,False,0,0.05,NORMAL_FLIGHT
14580.0,-0.15566094508046255,-0.09706116707357366,9.815803221243527,8.919612976008844,-1.1660424910319698,-11.084970907967833,50.98031519512122,37.775629,-122.4194,5.083075924501198,-0.10684374858458288,-0.1646241349106251,3,15.905376092178873,0,9.81751720539118,14.275704212513322,5.084198701944616,23.59608828284756,-1.0196976272439429,-0.8143595772351908,0.2750938709923654,23.591558165608316,-0.9809362229621854,False,False,0,0.05,NORMAL_FLIGHT
14600.0,0.03916905101953631,0.246174902630947,9.453310974139512,8.407462287090077,-2.256094134719383,-15.703258142530165,50.892425823924114,37.77563,-122.4194,4.523377563782815,-0.03481073452012972,0.12195329359482587,3,15.863280863122753,0,9.456596886355559,17.954601057792875,4.523511508968623,18.046015951781058,4.394468559855369,-2.104761452805981,0.09469085115067696,23.591558165608316,0.39560893927351515,False,False,1,0.9,RAPID_VOLTAGE_COLLAPSE
14620.0,-0.19567455552300642,0.3370028557417019,9.795035953761564,-4.419344475703647,-0.6540029686347784,3.367122954206112,50.92095505893011,37.775631000000004,-122.4194,4.952095136617786,-0.021556946135976883,-0.09043951229546204,3,15.881171932147506,0,9.802784746792051,5.594268715985776,4.952142056124829,17.309393021824615,-1.4264617502998789,0.8945534512376341,0.09378433115399266,23.591558165608316,0.5176819500243823,False,False,0,0.05,NORMAL_FLIGHT
14640.0,0.08165055114289438,0.11257617203487097,9.496163674481249,0.73649000194542,1.4641442179334172,-5.181340566668573,50.84809009455092,37.775632,-122.4194,4.992421433641062,-0.13510744584514975,-0.11032927428246264,3,15.870284786202488,0,9.497181936740455,5.434374470137187,4.99424927221314,15.280140502579798,3.643248218959627,-0.5443572972509081,0.11144105491204097,23.591558165608316,1.0935155664234486,False,False,0,0.05,NORMAL_FLIGHT
14660.0,-0.3405167208475681,-0.17596287070041086,9.95202222471374,-3.4024702388202384,-9.402177720315407,-5.3823713007478915,50.950107424496245,37.775633,-122.4194,5.256299079850683,-0.08384482508975749,0.024846242113129153,3,15.917220116358562,0,9.959400631074047,11.355512777042147,5.25696775446963,23.110934716679576,-5.10086649726631,2.3467665078037214,0.04795493168480332,17.954601057792875,0.09813818080097292,False,False,0,0.05,NORMAL_FLIGHT
14680.0,0.20583112746512874,0.39741222233988827,9.897284209301846,3.0747231951568903,-7.846947976873419,-9.84413046175212,50.92988167026416,37.775634000000004,-122.4194,5.009534578924459,0.04105067914863815,-0.10381392850114375,3,15.897885293040948,0,9.907398127015709,12.958989923083884,5.00970277119296,2.600125202916903,1.011287711604325,-0.9667411658806913,0.05455099109683467,17.954601057792875,0.5043352485706265,False,False,0,0.05,NORMAL_FLIGHT
14700.0,0.0945194964826086,-0.10619417956239291,10.097351889332481,2.5484153862116448,-3.1844119446947876,-32.32565432512433,50.92063791140443,37.775635,-122.4194,4.670697722679612,0.0009511839940994225,-0.07071110812932094,3,15.871159866000099,0,10.098352653576448,32.581940211743444,4.6706978195335545,9.547726328036976,0.4621879429866027,-1.336271352042484,0.0509015595349068,32.581940211743444,-0.28212087480312675,False,False,0,0.05,NORMAL_FLIGHT
14720.0,0.05120594686277513,-0.06702755623429035,9.57273546249163,4.058527858066327,1.0356971838928426,15.083107487475505,50.882152556442534,37.775636000000006,-122.4194,5.086017831234351,-0.0308761791193383,0.03539819326710066,3,15.891645239476821,0,9.573107070180177,15.653895633680571,5.086111551870523,26.262279169813585,1.9242677480946213,1.024268673836115,0.0672213002883997,32.581940211743444,0.3880250248757733,False,False,0,0.05,NORMAL_FLIGHT
14740.0,0.19653819678910278,0.0684675668979243,9.820202428868445,1.6595922385394366,-1.196365735759257,-10.002705227767883,50.85065405484975,37.775637,-122.4194,4.839235070351451,-0.09114274375379638,-0.24291123371666462,3,15.848592648982894,0,9.822407587474048,10.209782037121755,4.840093291028427,12.46502586469358,1.5749250796393,-2.152629524696348,0.037980930908961506,32.581940211743444,-0.025639602988292154,False,False,1,0.9,RAPID_VOLTAGE_COLLAPSE
14760.0,0.3330948888925154,0.3108320841429548,9.40049346137201,14.67703103194234,7.390606130497421,-4.12420069849907,50.964358733306916,37.775638,-122.4194,4.756642871783717,0.15768498255892172,0.16424192459283224,3,15.877391427849458,0,9.411527299372663,16.94241217448816,4.759255820337404,20.544014405069255,-5.6852339228584015,1.4399389433282117,0.07410822311898282,32.581940211743444,-0.14251308810671048,False,False,0,0.05,NORMAL_FLIGHT
14780.0,0.2028740130036261,0.17079519531044474,10.020448434577414,-5.139618825053694,-7.411983934978844,-14.548921652893105,51.01137721773808,37.775639000000005,-122.4194,4.833168190656684,-0.08379792146793186,0.004364013246573795,3,15.852777318031881,0,10.023957087593615,17.1179528209787,4.833894584164817,30.62148941104761,-2.3509242215581594,-1.2307054908788473,0.08526659679524064,32.581940211743444,-0.8149554747392074,False,False,0,0.05,NORMAL_FLIGHT
14800.0,-0.36817484626632907,0.0829731000723821,9.965661354132036,-8.553016772182572,-3.7567273480168515,9.719303434406338,50.93391709548069,37.77564,-122.4194,5.1085008459329035,0.025159280726173745,-0.1292966012403528,3,15.836913498658788,0,9.972805196031837,13.48079951347979,5.1085628000743855,2.5575945780889064,3.8730061128696036,-0.7931909686546668,0.0688033495931975,17.1179528209787,-0.1327918407626072,False,False,0,0.05,NORMAL_FLIGHT
14820.0,-0.2559153933471403,0.09265770602362125,9.958741506308272,-1.9654510035073076,7.600458704955506,1.4342893703732442,51.00912774051495,37.775641,-122.4194,5.251752247952013,-0.04878690880737954,-0.10172453692868416,3,15.885525642209327,0,9.962460064085814,7.980423307750503,5.251978849570894,0.5172565973011523,-3.7605322517130446,2.4306071775269444,0.06259072023452585,17.1179528209787,-1.2697518407241404,False,False,0,0.05,NORMAL_FLIGHT
14840.0,-0.12496371553913577,0.008702933728693216,9.810485709407082,-7.839941327801338,0.6555966233757342,-8.263652852658685,51.06878985427202,37.775642000000005,-122.4194,5.096585989035518,0.0036279292638335156,0.09916463782608022,3,15.887156314149875,0,9.811285416587237,11.409752207002706,5.096587280279215,7.558732374928834,-2.983105687853538,0.08153359702740559,0.06270568304012702,17.1179528209787,-2.181357994222708,False,False,0,0.05,NORMAL_FLIGHT
14860.0,0.005218210042166757,0.11162790290370127,9.934431867236638,-7.462311350029964,4.424212914005793,-3.9222961134402383,51.0547292311576,37.775643,-122.4194,5.126404644723404,0.045760974194037234,0.06010529350741034,3,15.877278319757757,0,9.935060369378213,9.520722524827097,5.126608883872543,6.188747639548797,0.703031155720879,-0.49389971960591694,0.006303767758379371,17.1179528209787,-0.9037049785068518,False,False,0,0.05,NORMAL_FLIGHT
14880.0,0.10353180409382462,-0.5059120155388607,10.29130173249258,-5.0065732709898345,10.256234716347317,16.7817992212487,51.070064078259094,37.775644,-122.4194,5.0946090545676,-0.1370256589207886,0.13867806572852112,3,15.863624301009581,0,10.304249470540311,20.294947932352553,5.096451456659315,18.45945505810489,-0.7667423550746122,-0.6827009374087645,0.0336267272737227,20.294947932352553,-0.5868686052101424,False,False,0,0.05,NORMAL_FLIGHT
14900.0,-0.14514876263069312,-0.059321491813959674,9.724471722887396,-4.6109445271581375,-3.469022089509113,-0.7296943188127829,51.06931687428804,37.775645000000004,-122.4194,5.020265435372093,-0.0006616244153488005,-0.06827428448042348,3,15.841106043511376,0,9.725735832929086,5.816130800535645,5.020265478970074,28.92568188056126,0.037360198552605084,-1.1259128749102842,0.04884553944333819,20.294947932352553,-1.353997788073542,False,False,0,0.05,NORMAL_FLIGHT
14920.0,0.037353352895415665,0.0482643869833562,9.851593555113025,-4.7730905097503005,-0.49657168896016035,-1.8173353761590585,51.16794586951039,37.775646,-122.4194,5.139386126992552,0.11907286489798455,0.029658383715080283,3,15.842355853981353,0,9.851782595001167,5.131440765124773,5.140765323322833,6.302338103604033,-4.931449761117435,0.062490523498848205,0.05048185902114141,20.294947932352553,-1.58818128995442,False,False,0,0.05,NORMAL_FLIGHT
14940.0,-0.15107658647066452,-0.23020281672390142,9.484162110245578,2.5910947522270575,-1.3621345046543578,-9.413814861392652,51.128131360060785,37.775647,-122.4194,4.516244906586116,0.17615018934920032,0.042656791178367764,3,15.845346766588316,0,9.488158325261288,9.858452853686817,4.519678854240951,18.181213486993908,1.9907254724802925,0.14954563034814683,0.08983682532016332,20.294947932352553,-0.593415057887654,False,False,0,0.05,NORMAL_FLIGHT
14960.0,-0.12230356059838965,0.077264663562312,9.549521711520502,-2.5309453054266804,-9.772965022416377,-18.94581150472303,51.13543189054957,37.775648000000004,-122.4194,5.022217670260966,-0.013001397325513104,0.06952675002522368,3,15.859208475135986,0,9.550617409778903,21.46765713907623,5.022234499086428,3.1229542258807363,-0.3650265244392159,0.693085427383533,0.10515959394242821,21.46765713907623,-0.807026593919673,False,False,0,0.05,NORMAL_FLIGHT
14980.0,-0.2813322193696445,-0.04089424419722431,9.839343987927993,-0.8975728743624007,-1.5519840187798453,-1.6003867357934443,51.11402462399993,37.775649,-122.4194,4.7910149930755495,0.004168120721690878,0.11272811234320695,3,15.884555090429977,0,9.843450120239277,2.4032330647365057,4.79101680618061,14.641635523018692,1.0703633274818714,1.2673307646995369,0.027786543777142854,21.46765713907623,-0.4396054574083763,False,False,0,0.05,NORMAL_FLIGHT
15000.0,-0.18464664922218088,0.351095139663098,10.141180064010573,4.4711638725046745,4.405310936903327,3.2548511232461763,51.04237260376904,37.77565,-122.4194,5.232580514508828,0.2211333028601533,-0.07172639058443472,3,15.883389174766846,0,10.148935671923905,7.070511060742919,5.237251070786211,15.274277584231388,3.5826010115446394,-0.058295783156570025,0.07075548598460717,21.46765713907623,0.26944270519003055,False,False,0,0.05,NORMAL_FLIGHT
15020.0,-0.27033692112326674,0.3146039450429713,9.73311575272453,-3.831612623907131,2.7029477090612044,10.995844643276696,51.15195451652179,37.775651,-122.4194,4.970568938956628,0.11349242815991983,-0.011417026776048075,3,15.828359313340409,0,9.741950520768077,11.953902335082068,4.971864449899057,20.3492575577914,-5.479095637637599,-2.7514930713218533,0.06903875899565665,21.46765713907623,0.15991352988599772,False,False,1,0.9,RAPID_VOLTAGE_COLLAPSE
15040.0,-0.19517465059546657,-0.09316111382363257,9.739225041206364,-1.322729493523611,3.0954158469400506,-22.484965344996553,51.09287618756667,37.775652,-122.4194,5.006189617653566,-0.061728456925521896,-0.061014974558014516,3,15.846615573385721,0,9.741625970063982,22.73554220035715,5.006570172313253,0.016227535204738075,2.9539164477561997,0.9128130022656222,0.0481179164478231,22.73554220035715,0.35255172494117915,False,False,0,0.05,NORMAL_FLIGHT
15060.0,0.21072835932156792,-0.030167542313339065,9.687934426648688,1.8287999304645777,-1.8775449031974976,-11.25096327023029,51.10388264694106,37.775653000000005,-122.4194,4.6989856251492395,-0.0618983450886123,-0.005261187335637566,3,15.845226594516017,0,9.690272956789011,11.5522231002202,4.699393291743509,2.567650663748555,-0.5503229687196409,-0.06944894348519526,0.034233619630524466,22.73554220035715,0.31549243608509414,False,False,0,0.05,NORMAL_FLIGHT
15080.0,-0.18987977776638862,-0.014789513121678519,9.649572998746704,-9.707839003101107,-3.2804861800282072,-5.8074109055645025,51.01684761662204,37.775654,-122.4194,5.20336617780257,0.09565494617872687,0.06984327820629753,3,15.808147727124823,0,9.651452332050573,11.778359355765838,5.2042453294428945,1.9410312369219085,4.351751515951108,-1.8539433695597296,0.04062676610891962,22.73554220035715,0.9717700737789414,False,False,1,0.9,RAPID_VOLTAGE_COLLAPSE
15100.0,0.5264764129674782,-0.09033189523192454,9.898491436712646,-11.924527544752912,6.346278359493103,-0.034808485732018286,50.99689408965988,37.775655,-122.4194,5.125465624054762,-0.10110371300457306,-0.16540355002607024,3,15.86925138342124,0,9.91289412771976,13.508175961706316,5.126462700942081,13.07208978345935,0.9976763481077455,3.055182814820867,0.009980127641760672,22.73554220035715,0.45478514109156265,False,False,0,0.05,NORMAL_FLIGHT
15120.0,0.09866358017617785,0.03900499680562535,9.360822706446408,1.7305866439886137,-2.486585731788348,-1.4503369152842245,51.017992530731554,37.775656000000005,-122.4194,5.111389576468101,0.10877267513388532,0.11093715694592854,3,15.852155342783265,0,9.36142391056786,3.358796793752389,5.112546811255867,27.573510857595007,-1.0549220535835957,-0.8548020318987604,0.040022571244174986,22.73554220035715,1.3396198579023633,False,False,0,0.05,NORMAL_FLIGHT
15140.0,0.036967224738974784,-0.15165641377751804,10.194281873000019,2.460071402834493,1.4704101939660705,-1.2168868568726956,50.97675583175644,37.775657,-122.4194,4.837395429566236,0.033429996375100836,-0.11391821242637497,3,15.853965263324408,0,10.195476896630268,3.113658791196125,4.837510941243021,41.70264930312042,2.061834948755603,0.09049602705717419,0.09712438862942567,13.508175961706316,1.161203558102244,False,False,0,0.05,NORMAL_FLIGHT
15160.0,-0.17167155603624273,-0.22612306698750528,9.610373310561162,10.321100674262054,0.8166734033876922,4.0809605856994455,51.00609592429322,37.775658,-122.4194,4.845272031012374,0.05177207640270725,-0.030737031969723147,3,15.882295110011935,0,9.614565925351078,11.128625875555608,4.845548617278111,29.04554856395949,-1.4670046268388859,1.4164923343763292,0.10099732947169746,13.508175961706316,0.977867226478395,False,False,0,0.05,NORMAL_FLIGHT
15180.0,0.14006197588179828,0.12454224478005371,10.026571045631442,0.7904743793340496,7.3085850812855915,-9.032931107791093,50.99264386969882,37.775659000000005,-122.4194,5.044719890889181,-0.025673380348005332,0.12439419249661246,3,15.856293443897503,0,10.028322644436486,11.646205821333997,5.044785218420249,20.687835954270373,0.6726027297201398,-1.3000833057216,0.11136838940499184,13.508175961706316,0.24203746923220137,False,False,0,0.05,NORMAL_FLIGHT
15200.0,-0.1151275652475548,0.12590591684436217,9.429000420781838,4.098698586290474,4.857061788361799,9.341414422336946,51.05064799531875,37.77566,-122.4194,4.86110031795039,-0.06298248042464098,0.03280097179834053,3,15.84506222911989,0,9.43054375904594,11.2983362813765,4.8615083147124025,29.88894426952724,-2.9002062809965423,-0.561560738880651,0.13610879597739664,11.646205821333997,-0.5375390565886562,False,False,0,0.05,NORMAL_FLIGHT
15220.0,0.02440196292907229,-0.1608631519319985,10.010652039163865,-0.9773632179298691,-6.476293103335604,4.334524416994807,51.11873604098576,37.775661,-122.4194,5.086978592535468,0.14619928308683203,0.03395299482636598,3,15.864267965626702,0,10.01197416390294,7.8540252827196015,5.089079035669346,29.071520242849935,-3.4044022833505494,0.9602868253406172,0.10214271655728344,11.646205821333997,-1.007435102542047,False,False,0,0.05,NORMAL_FLIGHT
15240.0,0.512016907653759,0.17907108615251993,10.01158338234435,1.4861361079254318,-5.937765833875201,-3.1983226412807935,51.08939880294926,37.775662000000004,-122.4194,4.5678174794466555,-0.024673728055347496,-0.11806260452951108,3,15.873153424925508,0,10.026266981746133,6.906151703151673,4.567884118319394,0.7146408921596681,1.4668619018248563,0.44427296494031765,0.07916263504829081,11.646205821333997,-1.1264297119281963,False,False,0,0.05,NORMAL_FLIGHT
15260.0,-0.019211979944929975,-0.12631554583306628,9.925260621601769,8.336284208747669,2.894549090345671,16.009079918889153,51.09323544591891,37.775663,-122.4194,4.902491088718682,-0.041093507657386175,-0.10440859358238408,3,15.857054914102376,0,9.926082969833127,18.28011730528053,4.9026633120516925,5.009200595650309,-0.1918321484822627,-0.8049255411566314,0.06620945233662015,18.28011730528053,-0.8713952162568717,False,False,0,0.05,NORMAL_FLIGHT
15280.0,0.22985466525713516,0.05063304760759624,9.511671443460063,-10.619964090628178,-0.3216882368958326,15.564160355717668,51.10240815724252,37.775664,-122.4194,5.3593506930852985,-0.008013706787980917,0.0941256396668919,3,15.864058929542749,0,9.51458304504113,18.844898731128342,5.359356684432409,20.57499623959984,-0.45863556618073176,0.3502007720186384,0.08208690835924218,18.844898731128342,-1.097642875437046,False,False,0,0.05,NORMAL_FLIGHT
15300.0,-0.1406352850251775,0.16406880252249123,9.884864456879423,2.0680812878584027,-2.2758589197688197,9.328953551938087,51.133375622014256,37.775665000000004,-122.4194,5.087897165599153,0.01930221327179429,-0.05891435454843898,3,15.846513359361321,0,9.887226212959497,9.822722046871712,5.087933779359661,18.632158395918363,-1.54837323858672,-0.8772785090713775,0.0435718073605214,18.844898731128342,-0.8272762669550815,False,False,0,0.05,NORMAL_FLIGHT
15320.0,-0.00699769809939234,-0.006722512940742602,9.455083144579683,10.67793365038683,5.078139419972354,-30.185567705677926,51.134094721826465,37.775666,-122.4194,5.033358732906199,-0.10308251267194486,-0.049491187329984934,3,15.846937132216379,0,9.455088123908405,32.41873323750956,5.034414180273794,21.6069044525546,-0.03595499061042062,0.021188642752889564,0.0669629497570256,32.41873323750956,-0.15358680840705574,False,False,0,0.05,NORMAL_FLIGHT
15340.0,0.354160127127102,0.09094818242822689,9.734171023471145,1.4101710960467126,0.9372969104445541,15.789450927179754,51.14360526979361,37.775667000000006,-122.4194,5.397045307134271,-0.05648714942069116,0.09639512510547117,3,15.849984276136942,0,9.741036211908822,15.879983268261718,5.397340905048497,14.297404400020852,-0.4755273983573005,0.15235719602815223,0.045524262481553314,32.41873323750956,-0.5420646684434871,False,False,0,0.05,NORMAL_FLIGHT
15360.0,-0.12539341155755349,-0.10328592877751436,10.118823930286599,8.252864816164239,0.26228693444721973,7.947585224719341,51.13143494605385,37.775668,-122.4194,4.532809276239713,-0.06180320739060579,-0.10499135453695274,3,15.831811017709706,0,10.120127925223388,11.460483541894753,4.533230588797415,18.954585665728274,0.608516186987984,-0.9086629213618025,0.0745240520196879,32.41873323750956,-0.38199500134943776,False,False,0,0.05,NORMAL_FLIGHT
15380.0,0.36248971159938576,-0.03929331668561944,10.049010578121223,-3.146060747647212,3.8991432037752483,20.064086377129367,51.13719693940245,37.775669,-122.4194,4.836937777042379,0.08452803046068484,0.0269235132886258,3,15.834661779218361,0,10.055623121166773,20.68014937325989,4.837676306545657,3.225240202830726,-0.28809966742997517,0.1425380754327854,0.07111192101530928,32.41873323750956,-0.34788782159928644,False,False,0,0.05,NORMAL_FLIGHT
15400.0,0.1415503870910951,-0.041171886176068075,9.814554882762131,-0.16023747081856754,-1.8755449747178223,12.374645917335386,51.20209394907921,37.775670000000005,-122.4194,4.919765365650522,-0.08859625679998893,0.004290732616769144,3,15.872730179129517,0,9.815661933005178,12.516996707623955,4.920563031785426,11.998059408079786,-3.2448504838381353,1.9034199955577868,0.07086931159590526,32.41873323750956,-0.6871832706495695,False,False,0,0.05,NORMAL_FLIGHT
15420.0,-0.11249335517885353,-0.1493156693080478,9.517558027223147,0.16762351194293762,7.842594927362771,15.783426774972856,51.234398111139804,37.775671,-122.4194,5.171670246601078,-0.17557678577580538,-0.0002685725863242228,3,15.884481282997788,0,9.519393926381031,17.625293007419263,5.1746497801573215,14.813400331207305,-1.6152081030295307,0.5875551934135359,0.059400467600199104,20.68014937325989,-1.0030338931333915,False,False,0,0.05,NORMAL_FLIGHT
15440.0,0.12648154781110418,-0.03535483262315642,10.003676313652258,-11.087955396793854,-3.94023811616504,8.78654850180379,51.26946089311197,37.775672,-122.4194,5.175131272645647,-0.19670945629061543,-0.05184356318775039,3,15.875315694148698,0,10.004538336897596,14.685764054618343,5.178868438115521,24.257220525828238,-1.7531390986082585,-0.45827944245449004,0.058882480177824846,20.68014937325989,-1.2585562331835831,False,False,0,0.05,NORMAL_FLIGHT
15460.0,0.194510889925346,-0.30972365977274935,9.815814371309408,-5.840889139251001,3.2846453317104407,13.486931986455122,51.30561440931875,37.775673000000005,-122.4194,4.826798658203475,-0.14703801346757173,-0.05798551814633284,3,15.816156163519958,0,9.82262566749476,15.059954027134802,4.829037736882924,9.095633470141795,-1.807675810339049,-2.957976531437012,0.04429624591110594,20.68014937325989,-1.7417946326489897,False,False,1,0.9,RAPID_VOLTAGE_COLLAPSE
15480.0,0.12436199244343929,-0.09823074942842094,9.113905320530874,-5.484375396919931,7.169164193299223,19.9412374073444,51.2979239704247,37.775674,-122.4194,5.19959086442851,0.13615382028481113,-0.10783641637948654,3,15.813373734751023,0,9.115283066197051,21.88899810546147,5.201373186017954,35.36713006488545,0.38452194470259826,-0.13912143844674318,0.12144244824628725,21.88899810546147,-1.607270310222475,False,False,0,0.05,NORMAL_FLIGHT
15500.0,-0.3140449439780913,-0.05697509867393417,10.044788947894956,4.110330390162637,-6.8864774463605,2.1655473837820582,51.313865322603675,37.775675,-122.4194,4.9193370465356585,0.001620659948405166,0.04826650260413066,3,15.817106271591213,0,10.049858476439345,8.307104369570162,4.919337313496285,46.7287705121147,-0.7970676089488649,0.1866268420094741,0.1511666693683446,21.88899810546147,-1.117713735244621,False,False,0,0.05,NORMAL_FLIGHT
15520.0,-0.14542743516497372,-0.051235950499076026,9.802730149839093,4.360765528420275,-1.716675879262246,-15.722305440781296,51.25960663868689,37.775676000000004,-122.4194,5.242327925129834,0.050124908680720275,-0.06681491915167362,3,15.842757783855099,0,9.803942709547346,16.40591784818882,5.242567556175725,12.295788344599945,2.712934195839267,1.2825756131943145,0.14133174503602183,21.88899810546147,-0.25208527547086135,False,False,0,0.05,NORMAL_FLIGHT
15540.0,-0.04950372711030095,-0.04829948917415577,10.170735374394923,1.6201822135326664,5.711036964427789,-3.0746090001514217,51.32304702150274,37.775677,-122.4194,4.793471460375589,0.05364877271213292,0.09687446211672515,3,15.78304511795775,0,10.170970529680073,6.685368659836218,4.7937716708505,18.35139100663632,-3.1720191407924148,-2.9856332948674513,0.16728364689799968,21.88899810546147,-0.5358612839076926,False,False,1,0.9,RAPID_VOLTAGE_COLLAPSE
15560.0,-0.014886685820009259,-0.012352839972025785,9.481418844347159,4.120514484278529,5.786222738655126,3.899455993834367,51.18389899988557,37.775678,-122.4194,4.975337680186768,0.005618391839232033,-0.02245550415906529,3,15.826593153259907,0,9.481438577980215,8.103380173997117,4.975340852465599,34.47659758499286,6.957401080858361,2.177401765107856,0.18543228520132052,21.88899810546147,1.2171540943317893,False,False,0,0.05,NORMAL_FLIGHT
15580.0,0.1241344195101356,0.09588830361721279,8.8569888560412,-0.8207470636088697,-0.8574780019411964,0.7488758437155775,51.179541580268804,37.775679000000004,-122.4194,4.901966536924688,-0.007478129665130822,-0.10584504894210378,3,15.865660745162913,0,8.858377702317492,1.4034633217638308,4.90197224100185,31.15304378313617,0.21787098083834167,1.9533795951502952,0.276862046303903,16.40591784818882,1.183823901558938,False,False,0,0.05,NORMAL_FLIGHT
15600.0,0.035540200186650765,0.1749034148265045,9.893725157503557,6.009658347697716,-3.6733554683842975,-12.465619661594264,51.236586379126315,37.77568,-122.4194,5.211206074313143,0.10445264298181407,-0.02378138821484207,3,15.856317110781662,0,9.895334850451807,14.317863227475222,5.212252785848369,51.84785740671573,-2.8522399428755563,-0.46718171906254824,0.2525144209340496,16.40591784818882,0.7727894347735997,False,False,0,0.05,NORMAL_FLIGHT
15620.0,-0.26706887174202026,-0.12995304536965344,9.897469103004592,0.0439422131603591,4.779679111653811,-16.31067625194979,51.16839298244485,37.775681000000006,-122.4194,4.895443756686766,0.014599591431263995,-0.04108571991364745,3,15.825636015943008,0,9.901924470585753,16.99662975781952,4.895465526684198,0.3294810066972964,3.40966983407327,-1.5340547419326889,0.26236759125930603,16.99662975781952,0.9121365624204003,False,False,1,0.9,RAPID_VOLTAGE_COLLAPSE
15640.0,0.07603957020119265,-0.2406401710778289,9.302798511718064,0.28932023713378235,5.917745512908024,-7.411626686348293,51.188381978325694,37.775682,-122.4194,4.991510294197648,0.13990974792634145,0.10091034117280527,3,15.826300374918457,0,9.306221029923831,9.488710570617505,4.99347071230481,29.785172033096075,-0.9994497940422065,0.03321794877244599,0.1916909645365877,16.99662975781952,1.346650431770442,False,False,0,0.05,NORMAL_FLIGHT
15660.0,0.12211714905676463,-0.2084088824486206,9.51645013624002,-1.327963166312057,-5.823316742561974,8.077395559841511,51.15434365599674,37.775683,-122.4194,5.1013622795326095,0.06208299452898663,-0.03690001892515323,3,15.845461892665401,0,9.519515221686445,10.045836106837076,5.101740037011669,10.664709588130705,1.701916116447677,0.9580758873472206,0.19184345976615835,16.99662975781952,0.2955534388883052,False,False,0,0.05,NORMAL_FLIGHT
15680.0,0.11195808958620797,-0.09744058423898544,10.63656532311597,3.422252388182139,-6.019568244831901,15.803397708229694,51.1359034927373,37.775684000000005,-122.4194,5.109051696605224,-0.0617796273481028,-0.02762103812003258,3,15.851972008421543,0,10.63760081758071,17.25382254420992,5.109425208469148,55.90427979471322,0.9220081629720767,0.32550578780705663,0.25748993686535254,17.25382254420992,0.4363808753150522,False,False,0,0.05,NORMAL_FLIGHT
15700.0,0.21615614511092437,-0.07038426356330182,9.718316815753859,-2.105994083064566,1.1262834099179977,9.165676137777012,51.18320054076927,37.775685,-122.4194,5.177390521494634,-0.04971340238699362,0.14115467054924355,3,15.821753462749257,0,9.720975216252265,9.471712857766246,5.177629190511751,45.83128006642223,-2.364852401598583,-1.5109272836142829,0.2598026675747689,17.25382254420992,0.5338583835704469,False,False,1,0.9,RAPID_VOLTAGE_COLLAPSE
15720.0,0.16678443090978082,-0.15399921323949148,10.029287692912865,4.882156885990341,3.1468031671444603,10.57427287114136,51.19310338706353,37.775686,-122.4194,5.042224955368933,-0.07274648064542795,0.0508267321463349,3,15.826878462457056,0,10.031856479799028,12.064537818977131,5.0427497014021565,15.544063177338163,-0.49514231471299297,0.256249985389978,0.2686802671061217,17.25382254420992,-0.2471040461868057,False,False,0,0.05,NORMAL_FLIGHT
15740.0,0.09183601584568735,-0.2592233328499789,9.614802051789486,-5.660745703580034,-1.4953454261502743,-0.8081557316355767,51.09138559366931,37.775687000000005,-122.4194,4.916350216944034,0.12175480219507157,0.16627060160034968,3,15.819395163108439,0,9.618734276670478,5.910432771860601,4.917857631886389,20.6561101564275,5.085889669711108,-0.3741649674308789,0.20430137816057645,17.25382254420992,0.9699638465638571,False,False,0,0.05,NORMAL_FLIGHT
15760.0,-0.014033142291729406,-0.09122416549483764,9.182909130344054,-5.49458127364097,3.396469099911746,-17.42082457705964,51.04256431668273,37.775688,-122.4194,4.93006025092825,-0.04050509529455528,0.1259045004063905,3,15.80323794363873,0,9.183372957340293,18.5798696083688,4.930226641902737,21.768065966509287,2.441063849328984,-0.8078609734854858,0.29181233364791,18.5798696083688,1.1177933931401185,False,False,0,0.05,NORMAL_FLIGHT
15780.0,-0.3321921867031983,0.036285324022794274,9.758922525961228,3.437133775632521,-3.5506830341869104,-4.552205808827054,51.091331103427166,37.775689,-122.4194,5.005134463041522,-0.07984727967996325,-0.08871625883628546,3,15.82461963229319,0,9.764642192182956,6.7189148176454365,5.005771327297946,29.063461742133168,-2.438339337221862,1.0690844327230664,0.09543618014921008,18.5798696083688,0.44572389310133076,False,False,0,0.05,NORMAL_FLIGHT
15800.0,0.08592364382651718,0.11900589316711295,9.73031863191417,-0.4427210729150635,-10.573467995368677,-2.5876441187237873,51.11377823933682,37.775690000000004,-122.4194,5.049918495214877,0.03197780411268201,0.09899508544001079,3,15.822245531236845,0,9.73142568967944,10.894499964782899,5.050019741374202,1.66082512517578,-1.1223567954825597,-0.1187050528172584,0.09575616936699109,18.5798696083688,0.6942230143245354,False,False,0,0.05,NORMAL_FLIGHT
15820.0,0.04153753743262223,-0.11148461062166425,9.690036528399489,-2.269457080765642,-2.11950536166298,-4.970524868356822,51.20118501796303,37.775691,-122.4194,4.970565670430313,-0.009716710637250318,0.15253032920745915,3,15.802100774508641,0,9.690766848249826,5.860789698198445,4.970575167777462,2.0329420714807256,-4.370338931310513,-1.0072378364101908,0.05663074846541884,18.5798696083688,-0.08081630899496872,False,False,0,0.05,NORMAL_FLIGHT
15840.0,0.054315767439074694,-0.08259956442868682,9.775607749348083,4.450288662377298,0.31616073256550586,0.5469486537462616,51.2853173976637,37.775692,-122.4194,5.00384068419311,0.02945685125751639,0.15328131323234198,3,15.839384850368562,0,9.776107597594791,4.494905963102579,5.003927387449999,4.267037467248258,-4.206618985033472,1.8642037929960331,0.06323218254342668,18.5798696083688,-1.9393180399438847,False,False,0,0.05,NORMAL_FLIGHT
15860.0,-0.2553497151640619,-0.18533966176946215,9.889280481493692,-3.0363070704304223,-1.3791997994822827,4.414197598929505,51.26820514115636,37.775693000000004,-122.4194,4.696549227885579,0.18898139038938433,0.09880959835766874,3,15.83527921997572,0,9.894312644590896,5.532313544551931,4.700349839731733,5.910252349805223,0.855612825366947,-0.20528151964214203,0.005818746321545221,10.894499964782899,-2.256408244736292,False,False,0,0.05,NORMAL_FLIGHT
15880.0,-0.21621130808165248,-0.006287834074955284,9.764964914623858,-1.0010062715018493,-5.7930163182974255,8.530151882434975,51.39336703140983,37.775694,-122.4194,5.133471056890936,0.09130708059288598,0.09675229949091757,3,15.838676775207496,0,9.767360270330704,10.3597559216931,5.134283014686991,6.347618713009595,-6.258094512673651,0.1698777615888325,0.005810970482968423,10.894499964782899,-3.02035927982665,False,False,0,0.05,NORMAL_FLIGHT
15900.0,0.21063057066658072,-0.16968572683816294,9.430798149615791,6.9961397503557965,-9.078244879394088,-2.7811986436633407,51.394591014902424,37.775695,-122.4194,5.036222457777886,0.0027010554301906357,-0.030266104367554975,3,15.808550548868702,0,9.434676052837668,11.793878386360792,5.036223182100528,16.634210874651778,-0.061199174629678055,-1.5063113169397013,0.029442446075436383,11.793878386360792,-2.8081277556560735,False,False,1,0.9,RAPID_VOLTAGE_COLLAPSE
15920.0,-0.007911030771331009,0.11462556264824003,9.955855437468582,7.695711729053252,-2.570444021839489,-19.037594056445933,51.34645758818198,37.775696,-122.4194,5.200374082708217,-0.14084233842060087,-0.08373820843495748,3,15.78339001720309,0,9.956518422410166,20.69447145843845,5.202280957848693,26.092118478624915,2.40667133602237,-1.2580265832806248,0.04066019143423532,20.69447145843845,-1.4527257021894968,False,False,0,0.05,NORMAL_FLIGHT
15940.0,0.13630013947452488,-0.35717329838682227,9.225188473403273,7.861991051351636,4.4882788582487185,-4.828777192911349,51.31477559488645,37.775697,-122.4194,5.000032101481417,-0.04999624972086356,-0.03522173188974568,3,15.83155772814569,0,9.233106349594047,10.260245590614115,5.000282056127516,36.17060364080595,1.5840996647764172,2.4083855471300097,0.09683038515386092,20.69447145843845,-0.2945819722275189,False,False,0,0.05,NORMAL_FLIGHT
15960.0,0.005663675226092235,-0.07192593449049249,9.19489276281474,-1.4106288846695563,6.280987197068412,0.43710396991983846,51.20193933962197,37.775698000000006,-122.4194,4.652320484295643,0.07110461025453031,-0.1664789001432763,3,15.808078426047576,0,9.19517581870691,6.452265795867453,4.652863822872565,1.8965265443569024,5.641812763223797,-1.1739651049056832,0.11169991860733816,20.69447145843845,0.662658015343851,False,False,0,0.05,NORMAL_FLIGHT
15980.0,0.005951227899149038,0.06022146783834842,10.03175414841047,6.153514524922351,5.938566920692275,12.228079221334083,51.28229029003444,37.775699,-122.4194,4.928310762138665,-0.11710410396618164,0.13427953154217054,3,15.80269689246265,0,10.031936669280404,14.921737148307942,4.929701850961933,41.83804252867471,-4.01754752062331,-0.26907667924627177,0.15877116175971642,20.69447145843845,1.1107674137539192,False,False,0,0.05,NORMAL_FLIGHT
16000.0,0.18765676119519956,0.036766903264500876,0.5126554039820264,-4.744764138843391,-4.079547675742765,-5.678078421841054,51.36202838948663,37.7757,-122.4194,4.960014015376316,0.2140970296330354,-0.028329295941771207,3,15.794518768422089,1,0.5471585039363895,8.44961954980752,4.964632571583438,474.2389082672007,-3.9869049726096506,-0.408906202028092,16.558967860018537,20.69447145843845,0.3256262541579247,False,False,1,0.94,FREEFALL_DETECTED
16020.0,-0.10320894564347478,0.5386067327960994,0.4789240511045686,-4.534514373610305,-5.76853161815182,5.125436283994018,51.311253017545965,37.775701000000005,-122.4194,5.1485806610867195,0.0014416562635548645,0.12913307290649598,3,15.813302954140608,1,0.7280917152395967,8.950300259509628,5.148580862926107,9.046660565160359,2.538768597033325,0.9392092859259904,23.60778512636385,14.921737148307942,0.3520457063601157,False,False,1,0.94,FREEFALL_DETECTED
16040.0,0.019224155388196676,0.06996000491358151,0.3546766600129807,-11.752279263121805,2.4831730748994767,2.9008789963543236,51.299858803126874,37.775702,-122.4194,4.585945291097321,0.0048848393209484885,-0.12314995772215996,3,15.849505525430756,1,0.362021413173118,12.357075517686141,4.585947892703632,18.303515103323935,0.5697107209545749,1.8101285645073517,24.771766551755817,14.921737148307942,0.1491679175957472,False,False,1,0.94,FREEFALL_DETECTED
16060.0,-0.0924550577410085,-0.20081091936840206,0.39049172071097893,8.36434100949265,3.1755000579896264,0.4390053312338844,51.3046391803325,37.775703,-122.4194,5.008235903389787,-0.0666645192957978,0.10826249210022106,3,15.80699956385003,1,0.4487279208866964,8.957607204059823,5.008679568722225,4.33532538567892,-0.2390188602813481,-2.1252980790363196,18.1081984756675,14.921737148307942,-1.0269984071052818,False,False,1,1.0,FREEFALL_DETECTED|RAPID_VOLTAGE_COLLAPSE
16080.0,-0.08689924548646312,-0.019092849417814608,0.8170726744357427,-4.319899245380391,2.0008480260024872,9.305333193245914,51.25662152772539,37.775704000000005,-122.4194,5.1027350431586616,0.04967377567757185,-0.04948806581793196,3,15.794462068181193,1,0.8219025313713209,10.452470911259228,5.102976817963167,18.658730524231224,2.400882630355383,-0.6268747834417887,0.036565272288465164,12.357075517686141,0.2566876230904569,False,False,1,0.94,FREEFALL_DETECTED
16100.0,-0.06183442469372788,-0.3552492666932904,0.655947175541058,-0.6326628987352999,-10.070316371188817,-6.608411967525808,51.168866426161834,37.775705,-122.4194,4.8677024229436965,-0.1158001806522232,-0.12843694083091742,3,15.828446371872527,1,0.7485267093855879,12.061618585074227,4.869079642003304,3.66879109928665,4.387755078177946,1.6992151845666825,0.04120936369866605,12.357075517686141,1.9316196332479763,False,False,1,0.94,FREEFALL_DETECTED
16120.0,0.04442675432674257,-0.016119949859352178,0.40758046620225985,-4.551621709641419,-4.334422924417333,-5.751864496435164,51.15834854597299,37.775706,-122.4194,5.01492560196337,0.21648925891014575,0.16271180521597578,3,15.818013524234747,1,0.410311376533881,8.519884239867636,5.019596237990774,16.910766642585344,0.5258940094421405,-0.5216423818890092,0.044526113083593645,12.357075517686141,1.5290447157297393,False,False,1,0.94,FREEFALL_DETECTED
16140.0,-0.09574972433269546,-0.16661121140015175,0.4788941282536151,3.4758262416507026,-0.14844395142989217,-0.11900823094228097,51.14229457450003,37.775707000000004,-122.4194,4.874592698170031,0.13173513046520113,0.11073116693407743,3,15.77132082607295,1,0.5160105537194013,3.4810295356253125,4.876372434264149,5.284958859276015,0.8026985736481862,-2.33463490808985,0.03415641345656123,12.061618585074227,1.5756422862684616,False,False,1,1.0,FREEFALL_DETECTED|RAPID_VOLTAGE_COLLAPSE
16160.0,0.25115122511470417,0.18307805511203235,0.5494667225667,-1.8781683035867007,2.436090973152136,-6.401465050936998,51.12287401245059,37.775708,-122.4194,4.8540854133559215,0.09842964451970458,0.021179242018578428,3,15.826103354609174,1,0.6312750520560844,7.102169401277252,4.855083273752882,5.763224916834153,0.9710281024720047,2.7391264268112003,0.028009225978409633,12.061618585074227,1.8176516788191321,False,False,1,0.94,FREEFALL_DETECTED
16180.0,-0.17892146044390078,-0.10990805491910699,0.5876166563194424,-6.524084452164747,3.836536813012434,5.080122910545997,51.13400981558064,37.775709,-122.4194,4.918316029973736,-0.13904290057898094,0.0033937885134963128,3,15.854575358371534,1,0.6240080162365876,9.11539036151671,4.920281038609281,0.3633517909748363,-0.556790156502629,1.4236001881180016,0.016418595609869028,12.061618585074227,1.2261171214475297,False,False,1,0.94,FREEFALL_DETECTED
16200.0,-0.03737432883227181,-0.02335318315904933,0.49513678904519653,906.304203706941,0.7212676114102001,-7.1319230436613275,51.205485798506935,37.775710000000004,-122.4194,4.857861601506598,0.020541327045775087,0.043951001881911825,3,15.759144859240315,1,0.497094207857334,906.3325516664071,4.857905030515629,6.345690418962682,-3.5737991463147267,-4.771524956560924,0.00863331918730649,906.3325516664071,-0.36619372345100487,False,False,1,1.0,FREEFALL_DETECTED|EXTREME_TUMBLE_GYRO|RAPID_VOLTAGE_COLLAPSE
16220.0,-0.08794621165483499,-0.1271115682808807,0.1459242953438949,1020.0412676458103,1.65391903269118,2.263042077451344,51.19033116252235,37.775711,-122.4194,5.136723662387267,0.12090863980140046,0.019462857791741107,3,15.785591032095846,1,0.21256948724328778,1020.0451188590055,5.138146444283958,14.22623603070231,0.7577317992293331,1.3223086427765374,0.028854920938274936,1020.0451188590055,-0.31982616549356635,False,False,1,1.0,FREEFALL_DETECTED|EXTREME_TUMBLE_GYRO
16240.0,0.2893955768707466,0.34777027037066627,0.4937041436581334,1172.0105584053981,0.4243272918055208,-1.0017276878675658,51.19885331245842,37.775712000000006,-122.4194,4.853009624632924,0.059310539935773926,-0.07922759541714713,3,15.752484185590651,1,0.6696549427363687,1172.0110633120084,4.853372039822135,22.854272774654046,-0.42610749680349613,-1.6553423252597455,0.035098786603319033,1172.0110633120084,-0.5655873795839028,False,False,1,1.0,FREEFALL_DETECTED|EXTREME_TUMBLE_GYRO|RAPID_VOLTAGE_COLLAPSE
16260.0,0.03931095530231493,-0.06424855322358235,0.4815019896973875,953.8336218244965,3.4280968710924147,2.149259647767057,51.23519683864566,37.775713,-122.4194,4.819417998590414,-0.10021091046337749,-0.041205226978492195,3,15.80709821373626,1,0.48735756265871893,953.8422035578149,4.820459736551394,9.11486900388249,-1.8171763093622673,2.730701407280467,0.0317320013594774,1172.0110633120084,-1.1232282619507572,False,False,1,1.0,FREEFALL_DETECTED|EXTREME_TUMBLE_GYRO
16280.0,0.20636890789372697,0.36651140869584037,0.9114598454572691,1086.5695112340616,1.564328257454555,-4.597413950630392,51.2629039849713,37.775714,-122.4194,5.353585733367907,-0.06500937553086554,0.1960717832038703,3,15.827561601670697,1,1.0038315539623408,1086.5803633792384,5.35398042800189,25.82369956518109,-1.3853573162819544,1.0231693967218014,0.08448960241398272,1172.0110633120084,-1.2889416939066223,False,False,1,1.0,FREEFALL_DETECTED|EXTREME_TUMBLE_GYRO
16300.0,-0.2971120746073944,0.16283035242365332,1.0383506591741964,1077.413144006571,0.32868830023643686,-3.3908829452682703,51.23218280874891,37.775715000000005,-122.4194,5.1921480023648074,-0.04519361380059906,0.2672156742628014,3,15.80901346672179,1,1.0922277234878308,1077.4185300992697,5.192344686284725,4.4198084762745005,1.536058811119645,-0.927406747445314,0.13241155730464133,1172.0110633120084,-0.26697010241974795,False,False,1,1.0,FREEFALL_DETECTED|EXTREME_TUMBLE_GYRO
16320.0,0.05341005317385177,0.09641334546707724,0.6284329369976459,1151.0728719714182,-1.341843995686904,0.9600926799704996,51.23700166490461,37.775716,-122.4194,4.62769732786816,-0.06034378344886076,0.15626685052306832,3,15.833892940475511,1,0.6380251744779941,1151.0740544864138,4.628090743552791,22.710127450491836,-0.2409428077850606,1.2439736876860508,0.06638583547736947,1172.0110633120084,-0.4667050238226267,False,False,1,1.0,FREEFALL_DETECTED|EXTREME_TUMBLE_GYRO
16340.0,0.17792615912468743,0.07374662946350395,0.36457441783642525,799.6032049958945,0.4064571252124055,2.020745061613127,51.26437865591306,37.775717,-122.4194,4.847046342029493,0.15287788357103074,0.04782239401626234,3,15.821813607107252,1,0.4123236466646793,799.6058616954388,4.849456659159523,11.28507639066574,-1.368849550422624,-0.6039666684129585,0.09359822981423874,1151.0740544864138,-0.6552534345464522,False,False,1,0.94,FREEFALL_DETECTED
16360.0,0.01645679785508484,0.07875945964325032,0.6358032152087653,1113.6516408118064,2.422956894196374,-0.042019153911560934,51.207961089037525,37.775718000000005,-122.4194,5.048492594344542,-0.19210131388232562,-0.0337749032701935,3,15.838395122558088,1,0.6408740961754839,1113.6542773987576,5.052146117240375,11.427522475540227,2.8208783437769114,0.8290757725418096,0.07993610603535095,1151.0740544864138,0.2723574960813835,False,False,1,1.0,FREEFALL_DETECTED|EXTREME_TUMBLE_GYRO
16380.0,0.21309607501307026,-0.385534515869122,0.16030148366235752,1150.0421547718781,1.337376944490306,17.05362356513084,51.27113803957735,37.775719,-122.4194,5.0647510134462985,0.06559191396588365,-0.0798185893896966,3,15.82670596623758,1,0.46876792315256327,1150.1693668352227,5.065175725222474,8.605308651146029,-3.1588475269913374,-0.5844578160254521,0.0712815420495676,1151.0740544864138,-0.08234054606049312,False,False,1,1.0,FREEFALL_DETECTED|EXTREME_TUMBLE_GYRO
16400.0,-0.10345769002007443,-0.055776678830151305,0.3934637386171259,906.3416736535854,1.904132091726269,-9.907369187412842,51.342717484838055,37.77572,-122.4194,4.701901426852621,-0.12923033749284513,-0.07322824104302025,3,15.794592464290641,1,0.4106436960823551,906.3978216458935,4.703677019945909,2.906211353510407,-3.5789722630351406,-1.6056750973469036,0.013636436705627818,1151.0740544864138,-1.1053467608914502,False,False,1,1.0,FREEFALL_DETECTED|EXTREME_TUMBLE_GYRO|RAPID_VOLTAGE_COLLAPSE
16420.0,0.281869488037116,0.1690315942368643,0.17472302509909537,866.077580029606,6.713609306755927,-0.6420379495271358,51.30657847206583,37.775721000000004,-122.4194,5.231713098564464,-0.09612514874510679,-0.05532676586867607,3,15.80313542957492,1,0.3722233518149297,866.1038386894444,5.232596104221332,1.9210172133712704,1.8069506386112266,0.42714826421397234,0.011300365872890576,1150.1693668352227,-0.6957680716121928,False,False,1,1.0,FREEFALL_DETECTED|EXTREME_TUMBLE_GYRO
16440.0,0.4597796247238501,-0.00977943669482111,0.6101105895830725,1171.678342525388,1.325819613732937,-15.736290221169845,51.31626197298324,37.775722,-122.4194,5.165044883836325,-0.20097333668687176,0.21511640414257696,3,15.783576936927998,1,0.7640208584945026,1171.7847613664437,5.1689533693101595,19.589875333978647,-0.4841750458705718,-0.9779246323461166,0.027484766165468348,1171.7847613664437,-0.5188331707017824,False,False,1,1.0,FREEFALL_DETECTED|EXTREME_TUMBLE_GYRO
16460.0,-0.07256771208793182,-0.281037969360715,0.2578657878231797,1016.6020991614514,-3.2449926023657882,3.720814786673863,51.34837588581679,37.775723,-122.4194,5.096380326408068,-0.05490544311588659,0.18062822963825986,3,15.795486926647651,1,0.3882565873101708,1016.6140872814697,5.096676077511985,18.78821355921659,-1.6056956416775847,0.5954994859826535,0.026408475692605203,1171.7847613664437,-1.4041479677926816,False,False,1,1.0,FREEFALL_DETECTED|EXTREME_TUMBLE_GYRO
16480.0,-0.08910050428015437,-0.010480890115493892,0.44260201650798375,894.0846554051315,4.418033929970845,-11.15246536376814,51.321095178000355,37.775724000000004,-122.4194,5.271345698142424,0.15107316515392136,0.07462783899353939,3,15.800486258252768,1,0.45160302693574184,894.1651231950444,5.273510080634554,3.1673219812785507,1.3640353908218827,0.24996658025582263,0.026570516764651577,1171.7847613664437,-0.49957138423003755,False,False,1,1.0,FREEFALL_DETECTED|EXTREME_TUMBLE_GYRO
16500.0,0.2906768954235402,0.34082110325109827,0.49117284476636847,1092.9264661756931,-6.830991688344588,-2.7831025587657625,51.34517587028476,37.775725,-122.4194,5.090457998514184,0.0264824242464778,-0.09606131764128262,3,15.796701053129093,1,0.6647577343591051,1092.9513569114536,5.0905268836762865,10.657735371168163,-1.2040346142203617,-0.1892602561837542,0.031009864525073774,1171.7847613664437,-0.024583854467081778,False,False,1,1.0,FREEFALL_DETECTED|EXTREME_TUMBLE_GYRO
16520.0,0.3159144291461425,0.2493783431069439,0.49421419192704774,844.7592431253665,-5.407066903696435,-3.7206432533132587,51.353338651599366,37.775726000000006,-122.4194,5.089716175850369,-0.1198361546999097,0.08930559267110365,3,15.824393844913265,1,0.6373689293145709,844.78474086862,5.091126737244533,1.3694402522267113,-0.4081390657301398,1.384639589208625,0.024395711453007153,1171.7847613664437,-0.46760179533535506,False,False,1,1.0,FREEFALL_DETECTED|EXTREME_TUMBLE_GYRO
16540.0,-0.10457200543065366,-0.01240080187320635,0.4054258675993306,788.1423007883908,1.6792363236003456,2.808911266011715,51.27994274271743,37.775727,-122.4194,5.311535854364449,0.10171476743793124,-0.02386170285106052,3,15.79009498792445,1,0.4188785245456696,788.1490951013958,5.312509673037219,10.924520238445066,3.669795444096735,-1.7149428494407815,0.016670994999942013,1092.9513569114536,0.3631923026581063,False,False,1,1.0,FREEFALL_DETECTED|RAPID_VOLTAGE_COLLAPSE
16560.0,-0.08403736341917145,0.19028985541161733,0.5673432061936127,971.1205895247822,2.581983338932894,-5.527909175451801,51.302900808516355,37.775728,-122.4194,5.220243916145542,0.12313042635686858,-0.21530094386441215,3,15.777206195690834,1,0.6042771062493335,971.1397550387767,5.221695859196451,9.269929085183195,-1.1479032899462283,-0.6444396116807916,0.01261972830047564,1092.9513569114536,0.4547507730043776,False,False,1,1.0,FREEFALL_DETECTED|EXTREME_TUMBLE_GYRO
16580.0,-0.05635692177210144,-0.07330140407361037,0.2491524930645208,980.9271999704486,-6.225256117519975,-5.953056976939823,51.247893687702806,37.775729000000005,-122.4194,4.831698508217694,0.01040464810390856,0.028710063740125937,3,15.777605278051311,1,0.26575583393606916,980.9650168802982,4.831709710963113,16.926063615663217,2.7503560406774596,0.01995411802386826,0.029170620903068677,1092.9513569114536,0.732014902975493,False,False,1,1.0,FREEFALL_DETECTED|EXTREME_TUMBLE_GYRO
16600.0,-0.26889010220685544,-0.3407743173653438,10.070631750177231,2.211584340822426,-1.91408740493375,14.35856464085898,51.29485383028591,37.77573,-122.4194,5.126639035734383,0.20347491581525903,-0.08419130408340553,3,15.80724907896922,0,10.079982781241164,14.6534369496041,5.130675378941996,490.7113473652547,-2.3480071291551496,1.482190045895404,18.448364284514916,980.9650168802982,0.5032203999885354,False,False,0,0.05,NORMAL_FLIGHT
16620.0,-0.18373038929683966,-0.1848931976259109,9.454099071867045,-3.753648035027994,-3.030419161098293,2.8456679047452624,51.261293276529216,37.775731,-122.4194,4.867146427008284,0.08215641246246144,-0.08080534290900372,3,15.765233880162382,0,9.45769166399269,5.600994526592443,4.8678397691427975,31.114555862423643,1.6780276878346712,-2.1007599403418453,26.22897113774502,980.9650168802982,0.9204537507014976,False,False,1,0.9,RAPID_VOLTAGE_COLLAPSE
16640.0,-0.2008281533504136,0.3125777537016396,9.986356766441322,-5.759987737895715,-2.433381614407984,-5.61050852022268,51.253229004846155,37.775732000000005,-122.4194,5.100830910190056,0.0682652507292588,-0.025040799356800755,3,15.788422499708538,0,9.993265645720406,8.40098867262295,5.101287692221195,26.77869908638577,0.4032135841530504,1.159430977307796,26.627821870900846,980.9650168802982,0.26713737871276066,False,False,0,0.05,NORMAL_FLIGHT
16660.0,-0.1535595130208257,-0.05479861636586084,9.99592163541086,0.5454148517491593,4.717988881364729,-2.508336718112308,51.32184295051849,37.775733,-122.4194,5.095322701403963,-0.08033787071662901,-0.049832297294241296,3,15.818145802808058,0,9.997251259904882,5.371093886409005,5.095956005001796,0.19928070922379248,-3.430697283616624,1.4861651549759713,18.555838788724408,980.9650168802982,-0.18942142002131845,False,False,0,0.05,NORMAL_FLIGHT
16680.0,-0.0069369774773562366,-0.04867679587500362,9.23660493250125,1.9298504628443793,3.532527317736264,16.453549522707448,51.346662032844925,37.775734,-122.4194,4.723306537508803,0.06273984856213409,-0.0034256819104008015,3,15.79659734160116,0,9.236735799578744,16.93878283571993,4.723723206949259,38.02577301630689,-1.2409541163219018,-1.0774230603448842,0.14450993364925202,16.93878283571993,-0.9876834514211907,False,False,0,0.05,NORMAL_FLIGHT
16700.0,0.04684294650730415,-0.05996763925497611,9.837893773958823,-5.883224719500265,-0.09561089926853741,-2.3516487825109698,51.2926883368662,37.775735000000005,-122.4194,4.975630877737793,0.02167912776044933,-0.00823305500172053,3,15.788402839691361,0,9.838188059144484,6.336539003311132,4.975678106155805,30.072612978286983,2.6986847989363127,-0.4097250954899323,0.11666975435175143,16.93878283571993,0.02165493419710174,False,False,0,0.05,NORMAL_FLIGHT
16720.0,0.3101000985628154,0.3808273179146014,9.669451165991905,4.6404530549554055,-2.7298096355746395,-6.892766231523877,51.24194250832625,37.775736,-122.4194,5.05305140471608,0.05198290026710267,-0.18758090928476315,3,15.788326314188362,0,9.681914963926348,8.746192973183074,5.05331878280238,7.813654760906807,2.537291426997612,-0.0038262751499651415,0.09904070170606566,16.93878283571993,0.19350768202968993,False,False,0,0.05,NORMAL_FLIGHT
16740.0,-0.1996708081477582,0.3251917830724127,9.582370422619388,-8.85240568888039,-6.7482483511007025,-6.849961501263927,51.211977368895056,37.775737,-122.4194,4.912741961801169,-0.06845856191413306,0.15202779888828333,3,15.767602805203982,0,9.589965643509629,13.070038823869393,4.9132189202132395,4.5974660208359275,1.4982569715595417,-1.0361754492190123,0.08240971885503127,16.93878283571993,0.4125163595109882,False,False,0,0.05,NORMAL_FLIGHT
16760.0,0.19686447969531676,0.4437560466896268,10.215255699209703,-2.8905672935782167,7.100924693909744,-5.491264809895774,51.23170957306289,37.775738000000004,-122.4194,5.062941988478152,0.012809888435898668,-0.09833767229486799,3,15.770200977627228,0,10.226784639004364,9.430402960620556,5.062958193777314,31.84094977473677,-0.9866102083918804,0.12990862116231128,0.1306408179577391,16.93878283571993,0.9013337745559369,False,False,0,0.05,NORMAL_FLIGHT
16780.0,-0.042797768845101794,-0.03180904208001026,9.613896257808776,-1.290042680988045,2.960569501424592,-5.944977224267224,51.24962456380953,37.775739,-122.4194,5.161179555400214,-0.08168615002149582,-0.0952398385130473,3,15.78258961316502,0,9.614044139699264,6.765495997234225,5.161825939547602,30.637024965255044,-0.8957495373319802,0.619431776889634,0.06893983310151042,13.070038823869393,0.9703746903539212,False,False,0,0.05,NORMAL_FLIGHT
16800.0,-0.00989274193048659,0.059124897749419016,9.568086921264586,-3.181118563259649,-3.5333455203657023,-12.79647848349243,51.20746944857639,37.77574,-122.4194,4.9938813871538486,-0.2147132099966032,-0.03285532517902975,3,15.791068282012892,0,9.568274711396574,13.651150407869961,4.998495080672651,2.288471415134463,2.1077557616571596,0.4239334423935759,0.07703139922353486,13.651150407869961,0.8521888828980906,False,False,0,0.05,NORMAL_FLIGHT
16820.0,0.13496389843332077,-0.30332850988415827,9.832708482001529,-2.8253023677559623,3.5979974881244576,-11.242000969469782,51.14910897429567,37.775741000000004,-122.4194,5.044919895341652,0.09983045685783835,-0.01083348473692942,3,15.803755396434141,0,9.838311823215083,12.137153916440084,5.0459075368590005,13.501855590925427,2.918023714035911,0.6343557210624517,0.07767863887800093,13.651150407869961,0.9283353403057504,False,False,0,0.05,NORMAL_FLIGHT
16840.0,-0.22454440431245973,0.2953868852236549,10.015676923889526,9.35537241154057,-0.35111810287312833,-8.293203743613699,51.16318814454996,37.775742,-122.4194,5.276684815711195,-0.15023889816895175,0.14589798168318388,3,15.785793183328922,0,10.022547472833606,12.506938282963896,5.278823199433763,9.211782480926178,-0.7039585127145642,-0.8981106552609752,0.07671012793246527,13.651150407869961,0.4878922434509292,False,False,0,0.05,NORMAL_FLIGHT
16860.0,0.07648194923681012,-0.23355591025358702,9.767505424196962,-4.254420445194493,-1.4355475243117144,5.915710184530977,51.154095141260456,37.775743000000006,-122.4194,5.094639316645045,0.01071864647824161,0.02694234520549011,3,15.810147029287972,0,9.770596709694374,7.426743364787148,5.0946505921493594,12.59753815696163,0.45465016447536755,1.2176922979524996,0.033299989378144705,13.651150407869961,0.7761443180243788,False,False,0,0.05,NORMAL_FLIGHT
16880.0,0.03329044164261122,0.04335511275252582,10.159911163700777,12.20610861235957,2.1760576414480117,-3.812372872728735,51.26195593563284,37.775744,-122.4194,5.0401648579348945,0.03330021294490398,0.056646548410953436,3,15.814345080864472,0,10.16005820719538,12.971449465512352,5.040274863471639,19.473074875050322,-5.393039718619264,0.2099025788250053,0.05232715871883918,13.651150407869961,-0.1233137182330779,False,False,0,0.05,NORMAL_FLIGHT
16900.0,0.09849025280162982,-0.21946050552656882,9.969292698589229,2.1856338986552593,-3.707491249563625,-2.0716168909404025,51.26378611846099,37.775745,-122.4194,4.808384124071728,0.03265630158630549,0.02745361875832817,3,15.797296039597319,0,9.972194349967685,4.776409053606215,4.8084950159752,9.393192861384758,-0.09150914140754196,-0.8524520633576671,0.023625594965346833,12.971449465512352,-0.5631666988460182,False,False,0,0.05,NORMAL_FLIGHT
16920.0,0.05783372878156362,-0.11777336534773922,9.156536604080571,0.46027568655995993,-1.7187825975505502,12.70088025254897,51.35449875984601,37.775746000000005,-122.4194,5.134205202277769,-0.02830790735982502,0.0231461582498773,3,15.805039898296187,0,9.15747661136175,12.824914288792314,5.134283240795662,40.73588693029677,-4.5356320692508945,0.38719293494340334,0.15528686108970666,12.971449465512352,-2.0538978555033793,False,False,0,0.05,NORMAL_FLIGHT
16940.0,0.49106002798217885,-0.16745248620994008,9.651159910947898,2.3812017669383296,0.6073053209977295,12.950071499384181,51.29597957994079,37.775747,-122.4194,5.066029989878388,0.027121147527997342,0.03097295030870087,3,15.7598755744947,0,9.665095339049046,13.181171929951633,5.066102586307393,25.380936384364805,2.9259589952609133,-2.258216190074336,0.14402855777954157,13.181171929951633,-1.3279143539082838,False,False,1,0.9,RAPID_VOLTAGE_COLLAPSE
16960.0,-0.1275479968502632,-0.12157505213516358,9.641447370194491,12.649638746259761,-2.497255964426067,-2.8212494313773497,51.217318932962705,37.775748,-122.4194,5.256747886740282,0.047096706978516215,-0.19327341425689387,3,15.755855441016095,0,9.643057418528237,13.198829346452845,5.2569588589370415,1.1018960260404498,3.9330323489043195,-0.2010066739302374,0.14565489100765436,13.198829346452845,-0.6322379170224934,False,False,0,0.05,NORMAL_FLIGHT
16980.0,-0.10619939100036353,-0.10782454062979573,9.953808286028828,-4.96796501965724,3.34542605133762,-6.30863510683409,51.16131467633643,37.775749000000005,-122.4194,5.009375708660662,0.07349648157519849,-0.024991848483952864,3,15.788348462023054,0,9.954958756179105,8.698932624907837,5.009914841923308,15.595066882543396,2.8002128313136865,1.624651050347925,0.10889675803423612,13.198829346452845,1.0064125929640966,False,False,0,0.05,NORMAL_FLIGHT
17000.0,-0.12462810528495288,-0.10965375898501542,9.022554883087768,-5.602089594681946,9.345332518391304,-8.644303136735378,51.220771165409104,37.77575,-122.4194,4.636746699973201,0.1733441339384263,0.11622611105711574,3,15.750314373047303,0,9.024081821981524,13.908365267921273,4.6399857918406635,46.543846709879055,-2.972824453633649,-1.9017044487875445,0.14947936669432493,13.908365267921273,0.43014953051887517,False,False,1,0.9,RAPID_VOLTAGE_COLLAPSE
17020.0,-0.11109542383205094,0.16666678235606144,10.574702912615317,-3.774330982859605,-3.7714906630357135,6.927757697082377,51.30857624489378,37.775751,-122.4194,4.659975826234348,0.023419415149820537,0.39423310108066856,3,15.770480707191718,0,10.57659972295502,8.744343480160397,4.660034674773832,77.62589504867483,-4.390253974233715,1.0083167072207466,0.3170720350107016,13.908365267921273,0.45922514952231097,False,False,0,0.05,NORMAL_FLIGHT
17040.0,-0.12747742546130356,-0.22097255861250403,9.969307828468263,0.16071573482280446,-8.325626481520223,-2.0470723352228775,51.269467272196145,37.775752000000004,-122.4194,5.147136152751947,0.0064048845017701875,-0.12043089325395101,3,15.790861556966025,0,9.972571280488328,8.575102973308558,5.147140137737809,30.20142212333461,1.9554486348816624,1.0190424887153604,0.3194283928591668,13.908365267921273,0.2651230774464608,False,False,0,0.05,NORMAL_FLIGHT
17060.0,0.23780330622151036,0.044108285402773374,9.854663041175307,-8.628855624062867,-10.008700837381308,-3.8649489032279023,51.24643897070817,37.775753,-122.4194,4.88596128046037,-0.09067289653500941,0.042307996032435284,3,15.80285475214053,0,9.85763052707889,13.768408472212075,4.886802554669462,5.747037670471933,1.1514150743987983,0.5996597587252239,0.30812391568092884,13.908365267921273,-0.29120037745464344,False,False,0,0.05,NORMAL_FLIGHT
17080.0,0.284100849597971,0.24359183046111169,10.164470314925744,0.11169619659304005,-0.7523407074749111,-8.136645751375527,51.18798992519754,37.775754,-122.4194,5.087353550222099,0.043594632389933705,-0.05710465778743417,3,15.768652555428455,0,10.171357188478652,8.17211702460474,5.087540332707999,15.686333069988123,2.922452275531384,-1.7101098356037348,0.325906425191977,13.908365267921273,-0.2667524886111039,False,False,1,0.9,RAPID_VOLTAGE_COLLAPSE
17100.0,-0.11414925874989526,-0.10263927290267921,10.513096215843788,8.46773566706836,-3.315822950630914,-7.6966640901138845,51.09740793284163,37.775755000000004,-122.4194,5.022846528900471,0.06673831031405686,0.20476519038968496,3,15.759887557315457,0,10.514216895099898,11.913684034895374,5.023289883627172,17.142985331062288,4.529099617795751,-0.4382499056498901,0.1021535116945717,13.768408472212075,1.233632325674776,False,False,0,0.05,NORMAL_FLIGHT
17120.0,-0.16647111462084574,-0.14358377814952036,10.071223993376522,0.7570369531238879,1.039302505335403,3.2005819149324455,51.133328517730455,37.775756,-122.4194,4.966632066461216,-0.019230318428162724,-0.13537827607914815,3,15.778445250439235,0,10.073623065119806,3.449199797081083,4.9666692952871,22.029691499004578,-1.7960292444413994,0.9278846561889154,0.06268645812779153,13.768408472212075,1.7524772716332393,False,False,0,0.05,NORMAL_FLIGHT
17140.0,0.09428311127728083,-0.04610492503605017,10.094643928941487,-1.4634272948763847,0.6629883601305053,-13.15438265887262,51.14447953287856,37.775757000000006,-122.4194,4.9807277428823555,0.05446125041840371,0.062493949031587975,3,15.74971472392592,0,10.095189499028729,13.252130249477117,4.981025484427389,1.0783216954461494,-0.5575507574054228,-1.436526325665799,0.05678476826702589,13.768408472212075,1.2498773931758222,False,False,0,0.05,NORMAL_FLIGHT
17160.0,-0.11044460885619425,0.23594504167214203,9.849207007339315,-3.0908022434181373,-8.016084233070481,9.948686937879383,51.14500393201226,37.775758,-122.4194,4.826922098990955,-0.02925161935493418,-0.140721109950419,3,15.766869594617923,0,9.852651762228122,13.144848296101847,4.8270107320123214,12.126886840030338,-0.02621995668476984,0.8577435346001749,0.05749863455902138,13.252130249477117,1.0143503869591086,False,False,0,0.05,NORMAL_FLIGHT
17180.0,0.12658636355110217,0.03882152619067154,9.767542273989916,4.492558522757823,-9.07441914740703,-5.338446438149185,51.07500110515409,37.775759,-122.4194,4.996844462220066,0.0670992652088924,-0.031856666806083254,3,15.76932474140566,0,9.768439654955799,11.446710239899453,4.997294957375531,4.210605363616171,3.5001413429085915,0.12275733938684752,0.08393355168094715,13.252130249477117,1.12988820043455,False,False,0,0.05,NORMAL_FLIGHT
17200.0,0.04058460417025994,-0.1062428589215197,9.667261366798531,-4.129163866190238,1.4796662017304762,-1.4963594425179252,51.156998939245526,37.775760000000005,-122.4194,4.88310131344112,0.09126023140297436,-0.0034313330749809,3,15.768074637305164,0,9.667930336383423,4.634490034902131,4.883954019763712,5.025465928618811,-4.099891704571945,-0.06250520502479873,0.035323657274788936,13.252130249477117,-0.5959100640389892,False,False,0,0.05,NORMAL_FLIGHT
17220.0,-0.3031488229994464,0.09677533023760795,9.562166402485637,9.23197960299624,0.6771441735997851,-13.369779581405544,51.13183110234305,37.775761,-122.4194,4.925548695974859,0.08986278667304855,0.1069691681739608,3,15.76955396142233,0,9.567460006828023,16.261579802631335,4.926368365931265,5.023516477769974,1.2583918451237963,0.07396620585833347,0.04048880370514746,16.261579802631335,0.014974153874049989,False,False,0,0.05,NORMAL_FLIGHT
17240.0,0.30950104026601233,-0.22045842996728468,9.603895770090151,9.666798738571785,-2.1290899918327564,-0.12365938242364537,51.15851242358387,37.775762,-122.4194,4.9352701910581676,0.011784432614130065,-0.1077166826158528,3,15.750243169621923,0,9.611410238670747,9.899258239294339,4.935284260465587,2.19751159213617,-1.334066062041117,-0.96553959002037,0.013555955265891708,16.261579802631335,-0.14032890705308887,False,False,0,0.05,NORMAL_FLIGHT
17260.0,0.35917553461910434,0.1362719020885896,9.404833210697106,1.283753993308938,-8.285717925661523,-3.2832094269055982,51.085784353321635,37.775763000000005,-122.4194,4.954661346020256,-0.10399681516170514,0.06633830488473855,3,15.751543181668392,0,9.412675752250207,9.004477219688388,4.955752656389444,9.936724321026968,3.63640351311183,0.06500060232346172,0.017277501492575446,16.261579802631335,0.5921957869062311,False,False,0,0.05,NORMAL_FLIGHT
17280.0,-0.12255773809687726,0.08172146154035353,9.787238564794494,-0.0575754403832255,2.356956313824954,-0.5008059885646664,51.076258093840636,37.775764,-122.4194,5.184434691301417,-0.06119130526418207,0.001877772338794696,3,15.750290291087502,0,9.788347026982866,2.4102623580840468,5.184795795806191,18.783563736632924,0.47631297404997497,-0.06264452904449769,0.018977784224409655,16.261579802631335,-0.012569886865492208,False,False,0,0.05,NORMAL_FLIGHT
17300.0,-0.07754031198719684,-0.061561694227776825,9.304599726832084,5.153299041207797,6.3594977271197175,14.717088983618904,51.090826816652566,37.775765,-122.4194,4.9740418341590615,0.059515732388472846,0.027279338628597962,3,15.731980304311646,0,9.305126459040896,16.840202210814187,4.9743978821929975,24.161028397098505,-0.7284361405965001,-0.9154993387928023,0.03471547027684192,16.840202210814187,0.6617212259295968,False,False,0,0.05,NORMAL_FLIGHT
17320.0,0.057173078144980995,-0.16771715968944623,9.867274957243113,5.473992511136626,1.3899122010946114,1.7769804579023982,51.107180577555226,37.775766000000004,-122.4194,5.20474046731802,0.24488123057402272,0.09583327146851411,3,15.770368372319863,0,9.868865835968991,5.920651103257018,5.210498071127678,28.186968846404792,-0.8176880451330248,1.9194034004108573,0.05747438959942101,16.840202210814187,0.24650524787823258,False,False,0,0.05,NORMAL_FLIGHT
17340.0,0.066891357997405,-0.17733618445669147,9.799100817587298,-4.029958655297078,-4.237369452825323,-7.946591841458039,51.11491300471706,37.775767,-122.4194,5.3075709902652966,-0.03407207715320819,-0.12825566930052876,3,15.780574489704176,0,9.800933598863551,9.866315854353562,5.307680352390041,3.3966118552720026,-0.38662135809168774,0.5103058692156104,0.06599673582892968,16.840202210814187,0.43599418866811845,False,False,0,0.05,NORMAL_FLIGHT
17360.0,0.1317088545345661,0.10696346726918204,9.854080589516007,-2.6327756656835097,0.22276082785575657,-7.113199105465682,51.1396391293195,37.775768,-122.4194,5.17098893021123,0.045583767838814,0.08105949731485923,3,15.777757117114799,0,9.855541216512119,7.588065076568599,5.171189843378163,2.730380882428385,-1.2363062301218974,-0.1408686294688266,0.05595082066233652,16.840202210814187,-0.538547759978627,False,False,0,0.05,NORMAL_FLIGHT
17380.0,0.40204090775326995,0.2457961004978124,9.653360528994003,-6.611737173416477,-6.830570404668425,5.951311859137686,51.08311310651785,37.775769000000004,-122.4194,5.106893707013702,-0.05560525574794034,-0.05689048530894247,3,15.755730553035908,0,9.66485499721886,11.215608469814839,5.1071964206600615,9.534310964662929,2.826301140082421,-1.1013282039445293,0.05501306000134884,16.840202210814187,-0.06855012677213779,False,False,0,0.05,NORMAL_FLIGHT
17400.0,-0.03538944549880988,-0.12746154940575896,10.733058111054152,2.0453246916702854,5.289803569193962,12.98693290993424,51.09298173678983,37.77577,-122.4194,5.065366441896704,-0.09739670442491008,0.10958734549768259,3,15.743909960243238,0,10.73387326526147,14.17130203270491,5.066302725728706,53.4509134021305,-0.493431513599063,-0.5910296396335113,0.1818577443872664,14.17130203270491,-0.021549201372650373,False,False,0,0.05,NORMAL_FLIGHT
17420.0,-0.15965944890769077,0.09167734071029686,10.218034770054095,3.3331394172844537,0.4092216726476941,2.8191802075105006,51.09866962096385,37.775771,-122.4194,5.173071741810014,-0.06763158635773625,0.033455763453788014,3,15.774165932667165,0,10.219693265282459,4.384638844287962,5.173513823059387,25.7089999989506,-0.2843942087007889,1.5127986211963318,0.18613486136469196,14.17130203270491,0.08510956591379681,False,False,0,0.05,NORMAL_FLIGHT
17440.0,-0.27586384560290544,-0.4174054037204138,9.436637249974584,-6.749628189306365,-8.84078455876616,6.887127445547695,51.1102532551736,37.775772,-122.4194,5.017872147719248,-0.20824719767026717,-0.020952838151705545,3,15.771207675054795,0,9.449891571863336,13.082410968915998,5.022191532209231,38.490084670956115,-0.5791817104878305,-0.14791288061850594,0.2553713157410961,14.17130203270491,0.04659749543456826,False,False,0,0.05,NORMAL_FLIGHT
17460.0,-0.14618600798838383,-0.11692354613143992,9.87986042622807,-2.2759945240807955,-1.503371802218413,6.097377233367051,51.11387051603956,37.775773,-122.4194,5.196913969191439,0.13534350629077507,-0.05900259690908214,3,15.761927202243424,0,9.881633645623534,6.679692131777784,5.198676049521859,21.58710368800989,-0.18086304329791858,-0.46402364056854495,0.25382152101447353,14.17130203270491,0.25768613279936403,False,False,0,0.05,NORMAL_FLIGHT
17480.0,-0.0066253945747594195,-0.006211786574180391,9.627598157118804,-6.736269587906746,2.316507551171154,14.19064413357521,51.05020987734389,37.775774000000006,-122.4194,5.122821161057937,-0.2230130252914614,0.08232949943553308,3,15.791614589230557,0,9.627602440748324,15.878221440745902,5.127673103624356,12.701560243760479,3.183031934783642,1.4843693493566512,0.2601551145082411,15.878221440745902,0.32903229173960824,False,False,0,0.05,NORMAL_FLIGHT
17500.0,0.35891157270355756,-0.18193668339636673,9.505656081987777,-4.493999051219188,-1.6652381048776121,-19.49590172726033,50.984319889738444,37.775775,-122.4194,4.9280319078439225,-0.026382823040063282,0.12609516854809275,3,15.755349428542145,0,9.514169223995179,20.076335063384644,4.928102529176861,5.671660837657289,3.294499380272242,-1.8132580344206062,0.09948788537895567,20.076335063384644,1.0866184705138693,False,False,1,0.9,RAPID_VOLTAGE_COLLAPSE
17520.0,-0.10352225980723428,-0.1873012749579192,9.40797837866282,2.7550853011314973,-1.3794786072008693,6.672189393045283,50.87360648044422,37.775776,-122.4194,5.179170176020561,-0.11781278953500546,-0.053285154086018464,3,15.749889714078382,0,9.410412095081892,7.3492562576700005,5.180509971572187,5.187856445664352,5.535670464711373,-0.27298572318814607,0.035804430172271334,20.076335063384644,2.2506314051963017,False,False,0,0.05,NORMAL_FLIGHT
17540.0,0.044757590327779706,-0.13355591129377725,9.939665007227777,-3.667410333391397,-6.122011035236358,9.837360439035638,50.91448320593648,37.775777000000005,-122.4194,5.018296001195513,-0.08843802153622045,-0.1133006565781397,3,15.74618074192278,0,9.940662999983545,12.153294947318821,5.0190752175344135,26.51254524508264,-2.0438362746130423,-0.1854486077800921,0.052848516407541804,20.076335063384644,1.9577004923712593,False,False,0,0.05,NORMAL_FLIGHT
17560.0,-0.003284579214550415,0.058438545665274635,9.605585929479128,-1.5041297801614935,2.8327049354082807,-13.387237061355734,50.95586608142324,37.775778,-122.4194,4.978773598477537,0.1376522659738668,0.06942110429452256,3,15.72210910920205,0,9.605764253857549,13.766072053552225,4.980676127919251,16.74493730629978,-2.0691437743380448,-1.2035816360365104,0.03955301757820503,20.076335063384644,1.580044346163234,False,False,0,0.05,NORMAL_FLIGHT
17580.0,0.2376786546896168,-0.03746580368127494,10.100347807207562,-8.136558639736577,-3.2423460000956874,-8.85668184006416,50.99804359598434,37.775779,-122.4194,4.904760167920203,0.020106699003139203,-0.14485309420337003,3,15.765703037401906,0,10.103213382676977,12.45621159495658,4.9048013807045665,24.87245644097138,-2.1088757280551818,2.179696409992804,0.08666813490712513,20.076335063384644,0.5216628135954693,False,False,0,0.05,NORMAL_FLIGHT
17600.0,0.5053864851747244,-0.4476462466649944,10.108134664359133,0.9349510486233215,-10.782226885025164,-8.507827486281535,51.01338309410742,37.775780000000005,-122.4194,5.033203769574914,-0.09653961591817006,-0.13055124375829716,3,15.749516105563298,0,10.130655904450078,13.766396718088902,5.034129525896682,1.3721260886550901,-0.7669749061538056,-0.8093465919303711,0.10082251652782018,13.766396718088902,-0.29063204368974027,False,False,0,0.05,NORMAL_FLIGHT
17620.0,-0.10617375458406414,-0.42414003052701327,10.222174315563436,-0.22136659922324414,-1.8562868533519692,-7.287901963773834,50.90672713322151,37.775781,-122.4194,5.199292523082597,-0.05895171324965109,-0.10627002755278991,3,15.760974012520984,0,10.231520677270936,7.5238500175613225,5.199626721705863,5.04323864104288,5.3327980442954726,0.5728953478842946,0.06006014137823032,13.766396718088902,-0.33120652777292037,False,False,0,0.05,NORMAL_FLIGHT
17640.0,-0.09788788850364444,-0.12137303557143508,9.554283970177769,-3.644796250165811,4.9057485778517655,-4.817170509355259,50.855391608632246,37.775782,-122.4194,5.177788001118607,-0.07654812204420858,-0.041545048303874954,3,15.786762522523066,0,9.555556270321231,7.781776180957621,5.178353811735571,33.79822034748523,2.56677622946313,1.289425500104091,0.10160220806360673,13.766396718088902,0.5909159730423141,False,False,0,0.05,NORMAL_FLIGHT
17660.0,0.2088321754138144,0.09153731721071041,9.952609683207603,-0.9450714884123708,-1.9346472329997368,2.4260281305494145,50.8639123795119,37.775783000000004,-122.4194,5.070678759491791,-0.00435456720788806,-0.1336331889215445,3,15.741259501870543,0,9.95522121623663,3.243706602727904,5.07068062928605,19.983247295769946,-0.4260385439827985,-2.275151032626166,0.0701868904955424,13.766396718088902,0.9195370191133634,False,False,1,0.9,RAPID_VOLTAGE_COLLAPSE
17680.0,0.1363782979252623,-0.5495009685450469,9.999736264992691,0.9014744025172219,8.689924925617602,8.656746511673697,50.870688279651496,37.775784,-122.4194,5.119928728145007,0.01728916847876925,-0.19387999093815778,3,15.701463937720197,0,10.015751380899333,12.299053275705354,5.119957919419967,3.02650823313515,-0.33879500697970855,-1.9897782075172898,0.06699474207226247,13.766396718088902,1.273553163328458,False,False,1,0.9,RAPID_VOLTAGE_COLLAPSE
17700.0,0.3693414651472067,-0.09994603523032614,9.667746547468811,-4.074340744546721,2.1448397427425854,10.813169577685365,50.85955086899389,37.775785,-122.4194,5.254339358304511,0.189557477322856,-0.11354441943371232,3,15.756995094233638,0,9.675315273102498,11.752668902870612,5.257757519079486,17.02180538984175,0.5568705328801826,2.7765578256720325,0.07364759606900333,12.299053275705354,1.5383222511352557,False,False,0,0.05,NORMAL_FLIGHT
17720.0,0.1167856370651928,-0.10524957130348422,9.578468412782138,-7.381312720008896,1.6937908114018305,-8.378230611677818,50.877996729139305,37.775786000000004,-122.4194,4.970006741765828,-0.19163007659977072,0.06424744465726187,3,15.74986044942867,0,9.579758529939545,11.293690847805674,4.973699739575703,4.77783715814768,-0.9222930072706248,-0.3567322402483697,0.04622703221453331,12.299053275705354,0.2873040408220362,False,False,0,0.05,NORMAL_FLIGHT
17740.0,-0.07185841815741191,0.2776675556416896,10.292856199732793,9.027872163434076,-0.6419913295880443,-8.447029987029827,50.87857931452356,37.775787,-122.4194,4.7769159992939585,-0.0034812314757952456,-0.12715440721267673,3,15.731023758898784,0,10.296851540742631,12.380102756776909,4.776917267787164,35.85465054015433,-0.02912926921290193,-0.9418345264943007,0.08171796819998942,12.380102756776909,-0.23187705891317023,False,False,0,0.05,NORMAL_FLIGHT
17760.0,0.11813096613846186,-0.07700436234257274,9.878248762719616,-3.166363523551363,-0.34143103882145315,13.15821840016223,50.88461783780114,37.775788000000006,-122.4194,5.260225970435714,-0.031556769253452216,-0.034026967795417,3,15.752767737918035,0,9.879255195365298,13.538136673261768,5.260320626134121,20.879817268866674,-0.3019261638787185,1.0871989509625202,0.08094861397859783,13.538136673261768,-0.20705458289235423,False,False,0,0.05,NORMAL_FLIGHT
17780.0,0.22174071611658155,0.07659779694818569,10.000790325213522,-0.4838005159344466,-1.31711817559752,6.467439354186445,50.852664571159536,37.775789,-122.4194,4.894044349593856,0.09465485277167823,0.19466984623655623,3,15.759693912395083,0,10.003541537703814,6.61790261546567,4.894959615455962,6.214317116925816,1.597663332080046,0.3463087238523954,0.08020698163405841,13.538136673261768,0.18023708491959667,False,False,0,0.05,NORMAL_FLIGHT
17800.0,0.16409643623947281,0.028251428017492648,9.563377196451622,5.054198675101568,-1.5113469604126322,0.8286484186899613,50.90176512046561,37.77579,-122.4194,4.861932375331219,0.03548181181783935,-0.004917413002709046,3,15.72418936257616,0,9.5648266678065,5.3400142400507065,4.862061844656416,21.93574349486571,-2.455027465303772,-1.7752274909461185,0.09433983239871502,13.538136673261768,-0.4221425147171942,False,False,1,0.9,RAPID_VOLTAGE_COLLAPSE
17820.0,0.10145480622145955,-0.42611329596144015,9.444214660043343,17.64527593785242,2.654335810335744,4.733366755549671,50.88022654003159,37.775791000000005,-122.4194,4.64076044893309,0.05903622081149456,0.03425309897295932,3,15.736244498339715,0,9.454367041937719,18.460932326389347,4.641135940666827,5.5229812934390665,1.0769290217009342,0.6027567881777607,0.11535825202253715,18.460932326389347,-0.02229810892288242,False,False,0,0.05,NORMAL_FLIGHT
17840.0,0.21333493791783079,0.15364144332634747,9.639165067652367,-6.222432249444329,-4.679156148952828,-0.29803781851440636,50.81369408588056,37.775792,-122.4194,5.114256610632859,0.03450861860150826,-0.09460400182515533,3,15.770955784952156,0,9.6427496436594,7.791148304741265,5.114373033340419,9.41913008608406,3.3266227075515076,1.735564330622008,0.05143863455825662,18.460932326389347,0.6488522864299995,False,False,0,0.05,NORMAL_FLIGHT
17860.0,0.23385911808913457,0.04307930109125759,9.772793583783,2.2491360686325494,-5.379469143621298,5.245846830476147,50.77514413523963,37.775793,-122.4194,4.675709475089556,-0.09319911252835396,0.21634748537001422,3,15.726137841317984,0,9.775686182796894,7.843227033002052,4.676638233819067,6.64682695687473,1.9274975320467291,-2.24089718170859,0.04476466949808741,18.460932326389347,1.094737025615089,False,False,1,0.9,RAPID_VOLTAGE_COLLAPSE
17880.0,0.27643179820750546,0.10165372793491792,9.490733997954797,-3.5377614264705315,-5.615975254376888,-3.360666965057405,50.75772082567153,37.775794000000005,-122.4194,4.849948238461653,0.12112654964930131,-0.05412944891384287,3,15.74105325503824,0,9.495303040946,7.439691957226758,4.851460559129305,14.01915709254471,0.8711654784050893,0.7457706860128255,0.016300283505877932,18.460932326389347,0.9494374548800977,False,False,0,0.05,NORMAL_FLIGHT
17900.0,0.12974197751792854,0.7852475412872654,9.807046557404886,-2.6939515228835544,10.22827273838577,2.688049344392308,50.80742096508997,37.775795,-122.4194,5.117647358903012,0.07985049046156689,-0.022810468445151666,3,15.68638121139648,0,9.839289042452966,10.913319719331056,5.118270273335898,17.19930007534831,-2.4850069709220435,-2.733602182088024,0.0283800727999398,18.460932326389347,0.9434415537564433,False,False,1,0.9,RAPID_VOLTAGE_COLLAPSE
17920.0,-0.033423616063370874,-0.4168225878997177,9.30344844357945,-3.60106010503395,2.6517145083529,-15.105460503694964,50.80530756516823,37.775796,-122.4194,5.144384250481674,0.0915529791724743,0.13170586779673646,3,15.708382099483126,0,9.312841196446714,15.753544386663114,5.145198855690541,26.322392300312636,0.1056699960869878,1.100044404332312,0.04562657413919756,15.753544386663114,0.7491897486336541,False,False,0,0.05,NORMAL_FLIGHT
17940.0,0.029342737286664568,0.3449393299522217,9.473985773259038,-5.628274839002925,1.522461008400724,-6.87784294825431,50.796000154219946,37.775797000000004,-122.4194,4.869659170356353,0.12640501705071647,-0.018173424485361894,3,15.740318934238802,0,9.480308569318513,9.016656187651025,4.871299484097782,8.373368643589973,0.4653705474140679,1.5968417377838051,0.048501830483299334,15.753544386663114,0.17693931660616613,False,False,0,0.05,NORMAL_FLIGHT
17960.0,0.24130179330167137,-0.05748950388007112,10.011273374483062,-0.2064568089233072,-5.287573351467158,-6.770111767903435,50.73356698298181,37.775798,-122.4194,4.973169334601519,0.04176751006519598,0.004788878267521494,3,15.760877915271251,0,10.014346018444762,8.592756816703298,4.973344725184246,26.701872456312437,3.1216585619066706,1.0279490516224676,0.08316293667157917,15.753544386663114,0.4157715225781544,False,False,0,0.05,NORMAL_FLIGHT
17980.0,-0.16338713419744721,0.05746578088060186,9.991137156083369,-7.372513435241178,3.116711503374143,-3.743900332069141,50.772841112473294,37.775799,-122.4194,4.82548109471877,0.1480992404117493,-0.028168832078912964,3,15.708227140226914,0,9.992638257400452,8.836551060484165,4.827753222825168,1.0853880522154746,-1.9637064745740673,-2.6325387522168953,0.09953012774082456,15.753544386663114,-0.1512028680176769,False,False,1,0.9,RAPID_VOLTAGE_COLLAPSE
18000.0,0.07373466177458024,-0.009102449060248435,9.692436970383941,4.734037832559352,-0.5828567322666433,-9.265132547797482,50.740243504772124,37.775800000000004,-122.4194,4.890320642437763,0.03776395717866411,-0.02748323780572273,3,15.736108589895537,0,9.692721706506967,10.420821335130357,4.8904664503822834,14.995827544674256,1.629880385058513,1.3940724834311524,0.09566239959474268,15.753544386663114,0.6717746031784344,False,False,0,0.05,NORMAL_FLIGHT
18020.0,-0.07866776246547214,-0.08484726667960871,9.504670707276915,0.27501468016687314,1.0708447056587491,-5.335436258230818,50.73524211182506,37.775801,-122.4194,5.053243052030582,-0.021905858802460865,0.037050201082809174,3,15.726252525260646,0,9.505374949431621,5.448781654974691,5.0532905328652165,9.36733785376731,0.2500696473532571,-0.4928032317445208,0.0659432310405228,10.420821335130357,0.7006545334316883,False,False,0,0.05,NORMAL_FLIGHT
18040.0,0.005748964586963497,-0.11396658564775175,9.501778934542198,2.112174864507199,-4.88310157931778,-15.144140623981206,50.809251265669154,37.775802000000006,-122.4194,4.899670664240708,-0.0006603910483364726,0.05529431891981056,3,15.751978219328965,0,9.502464120118944,16.051509553033,4.899670708745366,0.14554146563385828,-3.7004576922047505,1.2862847034159408,0.06319697174938117,16.051509553033,-0.13251111449207542,False,False,0,0.05,NORMAL_FLIGHT
18060.0,0.25569037252145976,0.06590174711460182,9.698019526217607,-2.3309430597311147,0.8013442870878835,5.4870047639490025,50.834689432221616,37.775803,-122.4194,4.951156991964866,-0.0023843768136116465,-0.06432484312125672,3,15.707709966910057,0,9.701613439926932,6.015203196381323,4.951157566098595,9.957465990399417,-1.2719083276230947,-2.2134126209453875,0.04009479435916203,16.051509553033,-1.0112244923980285,False,False,1,0.9,RAPID_VOLTAGE_COLLAPSE
18080.0,0.03821981360398067,-0.30343473933433585,10.003355547493587,-1.8360196710587415,-2.1191676910324158,-0.8251351891139448,50.75327672983586,37.775804,-122.4194,4.707058663676486,-0.0519391322090543,-0.07660804561469298,3,15.739817160771251,0,10.008029556548959,2.9227877130480096,4.707345211129783,15.320805831101314,4.070635119287758,1.6053596930596825,0.04255611152691395,16.051509553033,0.19564382637433653,False,False,0,0.05,NORMAL_FLIGHT
18100.0,0.009287309631229762,0.15011583350435312,10.088473707403297,1.4378195258366406,-3.828055785150939,-17.05207607776017,50.66480121801823,37.775805000000005,-122.4194,5.226591232961227,0.1631888848370221,-0.060913608885756323,3,15.71729136885137,0,10.089594776925212,17.53552493211496,5.229138220452918,4.078261018812679,4.4237755908813625,-1.1262895959940344,0.07617724943922058,17.53552493211496,0.7544228675389064,False,False,0,0.05,NORMAL_FLIGHT
18120.0,-0.27197122819598385,-0.08323888097705079,9.66104047935541,-5.820253162029127,3.6705316790362437,-8.348299105466731,50.66158569551227,37.775806,-122.4194,5.102013318634214,0.029629536550366764,-0.14012540141997684,3,15.73397551787522,0,9.665226340030355,10.818606547576046,5.102099353497254,21.218421844742874,0.16077612529805663,0.834207451192448,0.060823534328486716,17.53552493211496,0.7365641631278663,False,False,0,0.05,NORMAL_FLIGHT
18140.0,0.14925071320544414,-0.22601386780807156,9.463952272204565,-1.7899521720666791,-7.688539042650012,3.366014275621669,50.60094866476853,37.775807,-122.4194,5.15858107436744,0.009473847583290661,-0.15904302585192975,3,15.730042953212253,0,9.467827134797078,8.581818775313812,5.158589773824816,9.869960261663824,3.0318515371870802,-0.19662823314829936,0.06610180080210057,17.53552493211496,2.0830260090062325,False,False,0,0.05,NORMAL_FLIGHT
18160.0,0.12909683622821508,-0.09000257159916275,9.8903530913599,-4.298067569392271,2.8238813215707523,-5.430219463857897,50.63337600215018,37.775808000000005,-122.4194,5.258085064923373,0.03882742549264337,0.029716714722490756,3,15.722778325470625,0,9.891605063274158,7.478968777514646,5.258228420194449,21.188896423853976,-1.621366869082408,-0.36323138708143077,0.06526126262499249,17.53552493211496,2.01313430071437,False,False,0,0.05,NORMAL_FLIGHT
18180.0,0.43265094466109205,0.25142984337251456,9.562939508812246,-4.452844052955072,3.4224306677649805,-6.969414601380967,50.63548915539843,37.775809,-122.4194,4.834957424890857,0.2979854516737147,0.0938595803175112,3,15.736519718666258,0,9.57602296651677,8.950619627798838,4.844131359688382,15.779104837869351,-0.1056576624126393,0.6870696597816917,0.06293483235281325,17.53552493211496,1.1778757443742904,False,False,0,0.05,NORMAL_FLIGHT
18200.0,-0.06155564699060017,-0.10706701740324463,9.65452420834164,-10.549191203128208,-4.398218377756203,-0.7459267700807635,50.64375839384962,37.77581,-122.4194,4.928321103394396,-0.11317241885996594,0.08710452931452174,3,15.726986111214323,0,9.655314087762594,11.453652984306496,4.929620360083844,3.96455606229118,-0.41346192255957703,-0.47668037259676055,0.02432136310811651,11.453652984306496,0.21042824168610252,False,False,0,0.05,NORMAL_FLIGHT
18220.0,0.043830065532787794,0.07169072364192405,10.207582827131112,6.696632947399999,-4.101642305662337,3.4359753517821616,50.608421234767505,37.775811000000004,-122.4194,4.621033126483558,-0.08450385117162756,-0.23819912731366585,3,15.722606505274124,0,10.20792867369492,8.571714475754359,4.621805713887294,27.630729296616252,1.766857954105916,-0.21898029700997412,0.08703283063723902,11.453652984306496,0.5316446074476744,False,False,0,0.05,NORMAL_FLIGHT
18240.0,0.049876736742151054,-0.14619125514309467,10.05813462856973,-3.4326937657688443,-1.115128406332011,-14.363524570391606,50.69549041753184,37.775812,-122.4194,5.628084582020447,-0.13805710174469962,-0.02450650870432608,3,15.717283875422597,0,10.059320641990785,14.810055230700533,5.629777600022795,7.430401585206692,-4.35345913821692,-0.26613149257634916,0.07067358490383387,14.810055230700533,-0.9454175276331256,False,False,0,0.05,NORMAL_FLIGHT
18260.0,0.3154906559526949,0.1515843699847239,9.857392293675437,5.81688027581775,1.4101810523111027,5.501284812178794,50.837620103932366,37.775813,-122.4194,4.9700829369365245,-0.023259923843548608,-0.1102091955592559,3,15.725113748685352,0,9.863604564591435,8.129504371620936,4.970137364709832,9.785803869967502,-7.106484320026141,0.39149366313777634,0.07064045223360356,14.810055230700533,-2.042441017821872,False,False,0,0.05,NORMAL_FLIGHT
18280.0,-0.01905910647739042,0.13710154775804081,9.428424299666183,5.343961606971462,-0.7642749590711274,-8.002932816073766,50.82369086774453,37.775814000000004,-122.4194,5.207745579982983,0.024551844332736036,0.014373743782085691,3,15.727152226640762,0,9.429440325834461,9.653443713434008,5.207803454326251,21.70821193784871,0.6964618093917352,0.10192389777046174,0.09666240921541491,14.810055230700533,-1.8820171234609973,False,False,0,0.05,NORMAL_FLIGHT
18300.0,0.05580430515406785,0.3697217666592823,9.873418970241199,-6.429998532582468,2.1678123009593966,-0.17927968249798729,50.84134283016528,37.775815,-122.4194,4.752367771132908,-0.04653225183410774,-0.04178235188093812,3,15.70207808886362,0,9.88049646865653,6.787962323537171,4.752595573217178,22.552807141103415,-0.8825981210375033,-1.2537068888570424,0.08565835215320193,14.810055230700533,-1.9758443631565825,False,False,0,0.05,NORMAL_FLIGHT
18320.0,0.12157930194330785,-0.035112789099843104,10.128797187236259,-5.442056178364228,8.814898262686995,-0.3542014069150953,50.8462136973185,37.775816,-122.4194,5.199277685128602,-0.053972679815177005,0.059191190624458837,3,15.714021080494279,0,10.129587696189049,10.365513275600737,5.199557817472815,12.45456137662595,-0.2435433576607693,0.5971495815328964,0.07436024561323218,14.810055230700533,-2.3779246255099196,False,False,0,0.05,NORMAL_FLIGHT
18340.0,0.03732182463127162,0.13373096095158132,9.69730990027034,12.80251479677842,-2.5385838457485694,-5.270661182397741,50.83322935414644,37.775817,-122.4194,5.371518175329933,0.014240486662813231,-0.0019153090401341376,3,15.699056361147397,0,9.69830377903229,14.075818355010849,5.371537051846539,21.56419585783791,0.6492171586028661,-0.7482359673440797,0.06670236361395529,14.075818355010849,-1.3773893661459624,False,False,0,0.05,NORMAL_FLIGHT
18360.0,-0.08928672291010566,0.019613507907788912,10.215334226996015,8.754629709635717,-8.575899853517102,-10.236597461307145,50.7916258307598,37.775818,-122.4194,4.987943850194403,-0.05021078248296976,-0.18960018949178892,3,15.718512746371799,0,10.215743251365353,15.968015757608423,4.988196565430208,25.871973616653143,2.0801761693320486,0.9728192612200814,0.10265105284354054,15.968015757608423,0.45994273172567546,False,False,0,0.05,NORMAL_FLIGHT
18380.0,0.03881799857966152,0.2591743563726029,10.197823586855463,-0.15759256664052076,4.129617915153266,-2.856865480922636,50.73737743138578,37.775819000000006,-122.4194,4.79782370068208,0.031017582718283816,-0.09670858727995407,3,15.706612585517728,0,10.201190327243214,5.023968542726206,4.797923962847303,0.7276462061069466,2.7124199687008854,-0.5950080427035154,0.05149406905979136,15.968015757608423,0.8631343635875055,False,False,0,0.05,NORMAL_FLIGHT
18400.0,0.21472634997195442,-0.14376647752174607,10.309119849643043,1.286865532086747,8.416572879637648,16.25330309075195,50.680597568109505,37.77582,-122.4194,4.972240719810893,0.11142343467426044,0.0005785114826653559,3,15.733024467361828,0,10.312358036828217,18.348421820303013,4.973489012508237,5.558385479250116,2.8389931638137966,1.3205940922049741,0.057578305725838906,18.348421820303013,1.6074526205577655,False,False,0,0.05,NORMAL_FLIGHT
18420.0,-0.20530305988221206,0.14900106257545623,9.901572937959406,-3.1542320147359435,1.963841815255622,-13.616750304636309,50.70085956938696,37.775821,-122.4194,4.554647695008555,0.06770304698008064,0.009011042923108633,3,15.73021291874473,0,9.904821922113273,14.114593268562318,4.555150856801246,20.376805735747183,-1.013100063872585,-0.1405774308548935,0.06564236581007507,18.348421820303013,1.4535412793154023,False,False,0,0.05,NORMAL_FLIGHT
18440.0,0.0265939348293752,-0.03893945922333634,9.986217509941804,2.1617635710017,-5.43874337676834,16.923130191048756,50.67487584547678,37.775822000000005,-122.4194,4.992422659795632,0.08810133471652024,-0.1405676807704002,3,15.697452982705702,0,9.98632883870357,17.90657663313782,4.993199961870116,4.075345829514809,1.2991861955089945,-1.6379968019514024,0.029211565041948353,18.348421820303013,1.583535086696628,False,False,1,0.9,RAPID_VOLTAGE_COLLAPSE
18460.0,-0.14002416298783465,-0.01283763542169955,10.234256186499328,-3.585909503612357,-0.6194618161760047,-2.597211710765324,50.54596120296975,37.775823,-122.4194,5.1641934278626,0.10859184115067196,-0.1536459703546122,3,15.715011381856414,0,10.235222091484065,4.470792835765714,5.165335027696051,12.444662639024795,6.4457321253513555,0.8779199575355889,0.030180114449448736,18.348421820303013,2.4566462779004894,False,False,0,0.05,NORMAL_FLIGHT
18480.0,0.2390093257849685,0.018350496889674574,9.944218181120693,-10.161768821491924,-5.592617421058161,0.3537141708863912,50.56820411399967,37.775824,-122.4194,4.992848471125297,0.02828281601187029,0.0056245337573178865,3,15.726977435136744,0,9.947106988078474,11.604483138617354,4.992928576827409,14.405755170279555,-1.1121455514960132,0.5983026640165257,0.033791559966696326,18.348421820303013,1.6917331738611097,False,False,0,0.05,NORMAL_FLIGHT
18500.0,-0.30463738095675497,0.050448079285335484,9.659629767662937,-6.607778932555255,3.2142774698147383,-10.867108113847273,50.56629104987646,37.775825000000005,-122.4194,4.943172089062206,-0.015864102604310114,-0.14036673060505275,3,15.70985051193589,0,9.66456394209794,13.118245341223227,4.943197545297482,14.12715229902668,0.09565320616040651,-0.8563461600426869,0.04154150178859281,17.90657663313782,1.1430651823304316,False,False,0,0.05,NORMAL_FLIGHT
18520.0,-0.11178436945431768,-0.023245808624391635,9.675437149041642,0.10546373925293623,-6.756452013492172,-7.712694166774808,50.633624699946516,37.775826,-122.4194,5.105513623222406,-0.07722530708831957,-0.1668629426500786,3,15.697941902630452,0,9.676110796075454,10.254092730277106,5.106097639583919,0.5773426988756825,-3.366682503502716,-0.5954304652719067,0.05689617015886565,17.90657663313782,0.6723486944044055,False,False,0,0.05,NORMAL_FLIGHT
18540.0,0.07544237501290418,0.042942636634105275,9.881566486132122,-5.655336177512939,-1.5006439341409998,-5.0290965003801915,50.652280819801064,37.775827,-122.4194,5.12080496938991,-0.0391178163635721,-0.04451405126313417,3,15.689807757353062,0,9.881947775708907,7.715346467132706,5.1209543776610085,10.291848981672658,-0.9328059927273813,-0.40670726386951017,0.054667118705731474,13.118245341223227,0.22595025675713032,False,False,0,0.05,NORMAL_FLIGHT
18560.0,0.3131048058468681,0.3156236115124369,9.422831573416135,-0.3363873245676727,-5.021689131469532,-10.456949708779122,50.57834713998555,37.775828000000004,-122.4194,4.668018887498963,-0.052368553267689445,-0.0488446091338651,3,15.727890753932918,0,9.433313720244682,11.605098680200216,4.668312628714834,22.43170277321127,3.69668399077554,1.9041498289928072,0.04124781389682507,13.118245341223227,-0.3238593701580328,False,False,0,0.05,NORMAL_FLIGHT
18580.0,-0.01315005221459756,0.19708993712304368,9.767022325390743,-5.373305197164315,0.6341234256748094,-2.0891795737087175,50.466863307949055,37.775829,-122.4194,5.017764592455758,0.07316723266209117,-0.08784004773393012,3,15.728009240454444,0,9.769019524592506,5.799930392001643,5.018298013195124,16.785290217391236,5.574191601824907,0.005924326076289788,0.027422585075923506,13.118245341223227,1.0134080605061513,False,False,0,0.05,NORMAL_FLIGHT
18600.0,-0.11103990533863968,0.17383091849937932,10.138964135469077,-3.9117696125099677,-1.8317083856887884,-4.070158918067711,50.43088968873216,37.77583,-122.4194,5.487197024845849,0.03467825545941962,-0.07037369567249628,3,15.704945600298657,0,10.141062113463864,5.934921290959563,5.487306604417038,18.602129443567872,1.798680960844834,-1.1531820077893329,0.06796592251772689,11.605098680200216,1.3540136114430368,False,False,0,0.05,NORMAL_FLIGHT
18620.0,0.37623141388811804,-0.09110790520477415,9.152623844650416,4.265826532065959,0.8838105162513192,18.507811424357335,50.399634317697476,37.775831000000004,-122.4194,4.732996750870395,0.06967578627143015,0.0013835723222394626,3,15.723576878754065,0,9.160806403851705,19.0136130377655,4.7335095815834425,49.012785480607945,1.562768551734095,0.931563922770362,0.14791584904612526,19.0136130377655,2.339903822490399,False,False,0,0.05,NORMAL_FLIGHT
18640.0,-0.2896027800832488,-0.17784816564566486,10.270344630538355,1.2374027382005233,0.1117527748318283,-11.659741856804612,50.446792277747484,37.775832,-122.4194,4.982916233433387,-0.11603368561001515,-0.07201629036798193,3,15.648099491253218,0,10.275966065060915,11.725750909281256,4.984267047983105,55.75798306046051,-2.3578980025003915,-3.773869375042338,0.219297223616378,19.0136130377655,2.054885420535797,False,False,1,0.9,RAPID_VOLTAGE_COLLAPSE
18660.0,-0.4397611913240164,0.19106011164755057,10.14671226561095,-0.04832210656673594,-4.933295138620552,1.0269051674858725,50.446348731133,37.775833000000006,-122.4194,5.388349224410341,0.1431749484241079,0.007069702166483937,3,15.733104369652503,0,10.158034439435474,5.039272782230528,5.3902510544556055,5.896581281272084,0.02217733072420458,4.250243919964269,0.20740036862671507,19.0136130377655,1.3199840885255298,False,False,0,0.05,NORMAL_FLIGHT
18680.0,0.08800289001066648,0.17520935850595887,9.672070615250858,4.394819865353256,3.1343853176451093,2.4784628190182474,50.50303315603793,37.775834,-122.4194,5.220835031308735,-0.042698037150676244,-0.03804685361173345,3,15.70256395532017,0,9.674057722298198,5.939830882578116,5.2210096290389085,24.1988358568638,-2.834221245246482,-1.5270207166167005,0.21546941092846023,19.0136130377655,-0.361698480888748,False,False,1,0.9,RAPID_VOLTAGE_COLLAPSE
18700.0,-0.10041084487052224,0.2945341351501964,9.973017248361543,2.4030429667367366,-0.2438282592155765,-10.703205486518375,50.4367915032528,37.775835,-122.4194,4.897320663844788,-0.11000166420746627,0.016765015538665582,3,15.707687957429096,0,9.977870801461258,10.972359609792782,4.898555914823221,15.190653958153,3.3120826392565306,0.25620010544633587,0.19965615322544325,19.0136130377655,-0.05901814520640869,False,False,0,0.05,NORMAL_FLIGHT
18720.0,-0.20424656342614267,-0.12079612519384592,9.810944318071899,7.232816456256837,-4.942645039329502,6.868274954528385,50.485054722471816,37.775836000000005,-122.4194,5.041227075924521,-0.04392177648218128,0.08782055654366451,3,15.697591646527181,0,9.813813569394952,11.131782190004893,5.041418406905327,8.20286160331527,-2.413160960950833,-0.5048155450957381,0.06012882513253932,11.725750909281256,-0.8542040477433943,False,False,0,0.05,NORMAL_FLIGHT
18740.0,0.14167128945987068,-0.045909731072069415,10.178997110531606,-2.299296311575701,11.204632781028963,-3.983270128816281,50.52110418014337,37.775837,-122.4194,4.999577664003035,0.24837659925875083,0.08392478453905954,3,15.731065725425244,0,10.180086474773931,12.111853706400789,5.005743476593401,18.313645268948964,-1.8024728835776216,1.6737039449031599,0.04777638380763692,12.111853706400789,-0.7431190239588403,False,False,0,0.05,NORMAL_FLIGHT
18760.0,0.04876014275423977,-0.32789683250508683,10.104804942830983,-2.1481748926375435,2.382150833585624,-24.923896515830673,50.420192474571806,37.775838,-122.4194,4.850385639135666,-0.038771686649156756,0.12882104710660833,3,15.681086518096176,0,10.110241184905023,25.129463096038233,4.850540597914745,3.4922644934454183,5.045585278578102,-2.4989603664534066,0.043519330227911865,25.129463096038233,0.26156256561193914,False,False,1,0.9,RAPID_VOLTAGE_COLLAPSE
18780.0,-0.11281572614734568,-0.07849422121217459,9.389978783045098,-6.505546331956726,-0.7663027669965273,6.598496121045651,50.48632336663484,37.775839000000005,-122.4194,4.9851495785013835,-0.03250964714709255,0.08381468968971605,3,15.730939931894818,0,9.390984521170662,9.297822544413108,4.985255579926685,35.962833186718065,-3.3065446031518064,2.4926706899321083,0.09877316804142941,25.129463096038233,0.16709789403087427,False,False,0,0.05,NORMAL_FLIGHT
18800.0,-0.2560608797341789,0.19931410211588946,9.986178724039254,-2.1449035868620987,7.076022633509117,-11.169408841023639,50.49099629122316,37.77584,-122.4194,4.944006773438694,-0.01921046806296761,0.023855753154180433,3,15.708525718568977,0,9.991449283957097,13.395014056162996,4.944044095463843,30.023238139321773,-0.23364622941599578,-1.1207106662920907,0.0993753933210955,25.129463096038233,-0.542047879703631,False,False,0,0.05,NORMAL_FLIGHT
18820.0,0.17449146565602894,-0.0932990758456396,9.748311643907027,4.823849471512228,9.209078046933035,-10.47774946139099,50.510598516416586,37.775841,-122.4194,5.0225497876153495,-0.014862038343145532,-0.04334316376401446,3,15.712203159255832,0,9.750319579166304,14.760077099188607,5.022571776416809,12.056485239539683,-0.9801112596711903,0.1838720343427802,0.10283261040674509,25.129463096038233,-0.25543793944770243,False,False,0,0.05,NORMAL_FLIGHT
18840.0,0.1300402355917322,0.12809595904016477,9.834849771155431,6.49993686131067,-0.726747111569426,6.879020828923982,50.467353710795166,37.775842000000004,-122.4194,4.8503233638617935,-0.07814760658012543,-0.03877609228162241,3,15.692315358458284,0,9.8365435524269,9.492010752731462,4.850952873656658,4.311198663029803,2.162240281070993,-0.9943900398774019,0.07568359898510102,25.129463096038233,0.5375046934820205,False,False,0,0.05,NORMAL_FLIGHT
18860.0,-0.01983517275587658,-0.03810062119956227,9.591548429709055,4.80152584043334,1.73698743217381,-3.471614824184498,50.53111606144127,37.775843,-122.4194,4.744676359951068,0.014321308320613041,-0.08777773064358103,3,15.671884640554328,0,9.591644612414928,6.174454244982014,4.744697973585941,12.244947000598572,-3.188117532305057,-1.0215358951978004,0.0531518921420516,14.760077099188607,-1.1092358686946113,False,False,0,0.05,NORMAL_FLIGHT
18880.0,0.36932739920953317,0.06481140564431213,10.334441120736251,-8.970959332747181,-4.940014090014705,9.177721505515002,50.47182344497932,37.775844,-122.4194,4.991743845321526,0.10755949081983303,0.00045292910515580217,3,15.715808814610373,0,10.341241536879062,13.751815247164286,4.992902528727229,37.4798462232067,2.9646308230972807,2.196208702802238,0.08113649450115837,14.760077099188607,0.1449992165552061,False,False,0,0.05,NORMAL_FLIGHT
18900.0,-0.21401695326523051,-0.22953827796313347,10.122018545970773,5.415726063303672,-0.7359637538400575,12.101660953653187,50.51342804589802,37.775845000000004,-122.4194,5.343023643635756,0.03142893154787071,0.06973874787119348,3,15.70257634111083,0,10.12688256682734,13.278626784305944,5.343116079048718,10.717948502586072,-2.0802300459347833,-0.6616236749771076,0.09084590185415028,14.760077099188607,-0.22431754674855142,False,False,0,0.05,NORMAL_FLIGHT
18920.0,-0.3051050341849478,0.017041889926780213,9.588068650808111,-9.192593116360353,-0.9953127687993493,-6.449284603222979,50.554458419693454,37.775846,-122.4194,5.0164405852525595,-0.11111652988999857,-0.07256676028830206,3,15.722730218040613,0,9.59293698303635,11.273317506575415,5.017671076165101,26.697279189549583,-2.051518689771825,1.0076938464891327,0.10988603486425358,13.751815247164286,-0.4385990327686784,False,False,0,0.05,NORMAL_FLIGHT
18940.0,-0.1383816139762489,-0.5982271941801447,9.409616817926931,4.4905866206117375,0.92413516810827,7.932624959550306,50.50575004828484,37.775847,-122.4194,4.933681244213691,-0.034434590493370845,-0.0037217858663773948,3,15.690771797257517,0,9.42962957422807,9.162201305092141,4.933801410730716,8.165370440413966,2.4354185704307696,-1.597921039154837,0.15547502677651331,13.751815247164286,-0.38396337489672305,False,False,1,0.9,RAPID_VOLTAGE_COLLAPSE
18960.0,-0.009117203271099562,-0.037379231632396974,9.694298210706647,-1.838922632855276,1.6638023931850519,-7.554608013928819,50.60491872825597,37.775848,-122.4194,5.1508171610077,-0.05515274001016297,-0.06773622287217694,3,15.685412270871247,0,9.694374560974163,7.951224880313298,5.151112428482031,13.237249337304657,-4.958433998556444,-0.26797631931350097,0.1460377162784287,13.751815247164286,-0.7380266681470005,False,False,0,0.05,NORMAL_FLIGHT
18980.0,0.04866788986453837,-0.32609464874302807,9.940350793827392,3.5126665696692783,2.7991422441402998,22.331159171321765,50.61649515226684,37.775849,-122.4194,4.968336077480925,0.005293946823480111,0.020935433018761475,3,15.720708237969426,0,9.945817220710802,22.77838215649898,4.968338897928714,12.572132986831974,-0.5788212005437998,1.7647983549089474,0.07761769082414309,22.77838215649898,-1.4467170728752166,False,False,0,0.05,NORMAL_FLIGHT
19000.0,-0.04824721157126598,0.24119890330936322,9.882061753183867,-6.6622417394728295,1.1882132814997957,-6.929570045312151,50.6491897827804,37.775850000000005,-122.4194,5.373606584991822,0.1330451671562317,-0.054938338394995026,3,15.730333931313961,0,9.885122619275972,9.685879248183612,5.375253365821103,3.0347300717415315,-1.6347315256776795,0.48128466722676677,0.04470806880770002,22.77838215649898,-1.3576173688237958,False,False,0,0.05,NORMAL_FLIGHT
19020.0,0.07041107930285936,0.15548147055290226,10.185939847430474,5.855838163530733,-6.0537131331458225,10.26087440960004,50.57283374301361,37.775851,-122.4194,4.999217498140984,-0.0148882796020883,-0.07395105712940526,3,15.69143256633872,0,10.187369767670448,13.274932276492795,4.999239667648323,15.112357419723832,3.8178019883392977,-1.9450682487620163,0.08071105111186194,22.77838215649898,-0.18375323320157122,False,False,1,0.9,RAPID_VOLTAGE_COLLAPSE
19040.0,-0.2503078848380888,0.09333419639321622,10.046975916654256,-7.324873730524445,-4.692335528705424,8.437900258815755,50.67872024316404,37.775852,-122.4194,5.140099412631633,-0.008815486887039078,-0.06799666949320253,3,15.675340047661658,0,10.05052687072967,12.118991239364822,5.140106972091642,6.842144847038956,-5.294325007521294,-0.8046259338531314,0.03399652181983788,22.77838215649898,-1.729701948791984,False,False,0,0.05,NORMAL_FLIGHT
19060.0,0.2887529208146519,0.30420124543187604,10.100870707725873,-3.342274554265888,-2.732038097318365,3.1608782210893382,50.617492396152784,37.775853000000005,-122.4194,4.849079123521346,0.17776448188194294,0.05033287738455666,3,15.705755387641984,0,10.109574951559333,5.350325456441794,4.852336401898502,2.952404041483181,3.0613923505626417,1.5207669990163097,0.014858380754456672,22.77838215649898,-0.12573667896816687,False,False,0,0.05,NORMAL_FLIGHT
19080.0,-0.01643023567851376,-0.18978330416496747,9.908056620183132,-4.990473138845176,-1.4112029596161442,-6.705431614166831,50.66873671779108,37.775854,-122.4194,5.100617850667333,0.08762059916716602,-0.00967494053303549,3,15.683613935850174,0,9.909887670601469,8.476976411140507,5.101370387253278,9.984364047893202,-2.56221608191467,-1.1070725895905298,0.016730972951669122,13.274932276492795,-0.5224156552423409,False,False,0,0.05,NORMAL_FLIGHT
19100.0,0.22345916631762552,0.34947263958311164,9.393210380936704,-8.771424264112495,5.253871452360567,-1.513974919414092,50.61899813189449,37.775855,-122.4194,5.055018695388751,0.05740812821065351,-0.042842173000003585,3,15.699829178468997,0,9.40236493576832,10.336013202178375,5.055344667172995,25.37613674165744,2.48692929482921,0.8107621309411783,0.09794936047687682,13.274932276492795,0.301916508859037,False,False,0,0.05,NORMAL_FLIGHT
19120.0,0.06854506927554083,0.18643831285207696,9.75129044065593,0.4726378379423418,-5.814694934264565,-21.53588112944552,50.58804869175211,37.775856000000005,-122.4194,4.988698775068158,0.19581316153017758,0.026140450254721066,3,15.6818079772608,0,9.753313433344015,22.312064891578824,4.992540261489634,17.547424878784756,1.5474720071193104,-0.9010600604098862,0.08019593669121637,22.312064891578824,-0.15214948738496048,False,False,0,0.05,NORMAL_FLIGHT
19140.0,0.09135064383075679,-0.04731105744378921,10.1280269219726,9.030445589184806,-1.7870752408534996,2.2442003838225033,50.627486393946384,37.775857,-122.4194,4.899648447766056,0.04898112547940131,-0.04145162174676505,3,15.717423351900004,0,10.128549383227913,9.475179197168146,4.899893270505956,18.761797494194887,-1.9718851097138668,1.7807687319602472,0.08942608977549221,22.312064891578824,0.512338492176525,False,False,0,0.05,NORMAL_FLIGHT
19160.0,0.11395345604644079,0.22712402943658883,9.794543121442606,13.334526111600045,4.7650474910702485,3.4961533102838525,50.67886402963014,37.775858,-122.4194,4.8723939668695255,-0.19865271419775224,0.11265178936857033,3,15.671302856222148,0,9.797838826633713,14.585552858294642,4.876441927188786,16.535527829709995,-2.5688817841878375,-2.3060247838928127,0.07007625025806997,22.312064891578824,-0.6137163347735708,False,False,1,0.9,RAPID_VOLTAGE_COLLAPSE
19180.0,0.089541712003463,-0.22125870248232685,9.960927110587125,0.48577893543123885,-1.499387372483061,1.3349941906137146,50.61529981717444,37.775859000000004,-122.4194,5.056470532795931,0.08326657578803608,-0.09738661536932566,3,15.694052814360996,0,9.963786530935026,2.065515227695679,5.057156075471374,8.297385215065667,3.178210622785116,1.1374979069423752,0.07366204347002603,22.312064891578824,0.5343690061663864,False,False,0,0.05,NORMAL_FLIGHT
19200.0,0.12854455197350878,-0.1649028323055347,9.71437550542616,5.583406375337612,2.3020782492141203,-29.733061712925576,50.669823425627285,37.77586,-122.4194,5.125787821939294,-0.15920084571186502,-0.01869715128172817,3,15.673817756493307,0,9.716625345580029,30.34022000319553,5.128259520033726,12.358059267749866,-2.7261804226423436,-1.0117528933844433,0.029492503673436084,30.34022000319553,-0.5082529373279243,False,False,0,0.05,NORMAL_FLIGHT
19220.0,0.2658305060264863,-0.12171794464794009,9.501056445437447,1.160473189642686,-0.6977102146395177,-12.65636445089811,50.72207245038395,37.775861,-122.4194,4.974567440741174,0.04520053685824477,-0.1404765221667001,3,15.677111239456929,0,9.505553886827009,12.72859217201373,4.974772789888445,10.553572937651001,-2.6124512378331133,0.16467414818110981,0.05647513977712754,30.34022000319553,-1.340237586318409,False,False,0,0.05,NORMAL_FLIGHT
19240.0,0.03930423394029403,-0.10579554161280305,9.772996780786167,2.494415973841064,1.2839162866236142,-7.480909828486626,50.6751747799417,37.775862000000004,-122.4194,5.057453585824159,-0.171374357412924,-0.034687439189009385,3,15.673649832377526,0,9.773648428129977,7.98965355591584,5.060356305947669,13.404727065148414,2.3448835221124398,-0.17307035397013948,0.027352285650709424,30.34022000319553,-0.47688385995314775,False,False,0,0.05,NORMAL_FLIGHT
19260.0,0.14180075151770247,-0.21131152855205057,9.902714232909796,-1.7107432556361943,-1.1423627190477028,2.916589331890461,50.755107159621254,37.775863,-122.4194,4.992417064373446,-0.04668554103999195,-0.167963549770663,3,15.695812681581998,0,9.905983504625082,3.5690514705551717,4.992635344624056,6.616753824755239,-3.99661898397774,1.1081424602235934,0.03219749675286217,30.34022000319553,-0.7624312999111282,False,False,0,0.05,NORMAL_FLIGHT
19280.0,-0.017947138857445345,0.24461661341906502,9.613293684161567,0.9753846271130107,3.3353273636417704,2.893389056429845,50.682264278208855,37.775864000000006,-122.4194,5.0197052049810775,-0.03637845296098712,0.07463165225591263,3,15.6985573573462,0,9.616422143671441,4.521889430905397,5.019837022927533,14.478068047682058,3.642144070619935,0.13723378821008936,0.023214438886327658,30.34022000319553,-0.6696446103441644,False,False,0,0.05,NORMAL_FLIGHT
19300.0,0.2880234430898946,-0.05177088007396633,9.739286626543,2.6873935230321426,-7.725282037032176,-1.7022379197117923,50.65102564906997,37.775865,-122.4194,4.959911003464555,-0.07701191072317533,0.0766503767005579,3,15.690494446413565,0,9.743682143920353,8.354620304635745,4.960508844532182,6.363000012445585,1.5619314569441656,-0.4031455466317446,0.02353643376894301,12.72859217201373,0.1879777655731374,False,False,0,0.05,NORMAL_FLIGHT
19320.0,-0.13527846041185396,0.07050099367137591,9.528161027404206,-2.8922986443816567,-1.8165600419427252,6.352455366039567,50.67497578027457,37.775866,-122.4194,5.003594515873662,-0.034885199719120005,0.07841701737244763,3,15.676329575287406,0,9.529382100435706,7.21241783397217,5.003716124685774,10.715002174232335,-1.1975065602300106,-0.7082435563079414,0.021225420526855648,8.354620304635745,0.47096670109375793,False,False,0,0.05,NORMAL_FLIGHT
19340.0,0.36018808658216317,-0.11407027328273611,10.145773475269229,-0.38747149946493964,1.4828633834715408,-10.262423753029,50.63229746603944,37.775867000000005,-122.4194,5.539608091363485,0.10325617203605525,0.0028872480174467825,3,15.680442420029737,0,10.152805863230084,10.376240131361266,5.5405703355307505,31.171188139718886,2.1339157117566288,0.2056422371165212,0.06131899467701291,10.376240131361266,0.42877313902259573,False,False,0,0.05,NORMAL_FLIGHT
19360.0,-0.008031590128868683,-0.36412066010970345,9.72166327272359,-0.2921505949874412,2.668476240030965,6.1023500569399625,50.64548842032341,37.775868,-122.4194,5.062326859761485,-0.07139529121595534,-0.0879870404710092,3,15.694742825566287,0,9.72848318854391,6.666692855621629,5.062830287761026,21.216133734308684,-0.6595477141985384,0.7150202768275271,0.05729610736563867,10.376240131361266,1.096187392978436,False,False,0,0.05,NORMAL_FLIGHT
19380.0,-0.28615502042360963,0.05401147167828442,10.245826663537855,4.1320165866526235,7.464763113769139,4.747421048398911,50.65754222426357,37.775869,-122.4194,5.129059391686209,0.05451408795105409,-0.08003406320359496,3,15.694524200728644,0,10.24996419281793,9.763926260876909,5.1293490843604745,26.07405021370104,-0.6026901970081155,-0.010931241882161657,0.09394140709310553,10.376240131361266,0.24722053945282596,False,False,0,0.05,NORMAL_FLIGHT
19400.0,0.025620882982157856,-0.3824509950839554,10.268624355162274,-5.330160858138403,-1.955123334327882,3.7755473283791052,50.64818851076744,37.775870000000005,-122.4194,5.0876047210656195,-0.09656496396073003,0.1530172055220521,3,15.621282031144816,0,10.27577594835141,6.81820208375307,5.088521061180146,1.2905877766739238,0.46768567480661716,-3.662108479191417,0.11406949619723658,10.376240131361266,0.028371383025316277,False,False,1,0.9,RAPID_VOLTAGE_COLLAPSE
19420.0,-0.13621033149497616,-0.013726809217093723,9.785686210583478,-0.25771104303825776,7.397408809304364,-1.8204043108565582,50.68980853769697,37.775871,-122.4194,4.947436635340588,-0.018949957639212915,0.14356771037997967,3,15.668792675123825,0,9.78664377055285,7.6224631142868,4.947472926818774,24.456608889927978,-2.081001346476441,2.3755321989504807,0.0684061298516488,10.376240131361266,-0.1483275742239698,False,False,0,0.05,NORMAL_FLIGHT
19440.0,0.16812870979774483,-0.2736630077665621,9.507465380235796,9.560027345263487,-3.2951191332983525,18.307438248312618,50.67839049806408,37.775872,-122.4194,5.258797842658334,0.03238392663274503,0.012255515695077152,3,15.668901517517883,0,9.512888975556285,20.914450223723172,5.258897552591427,13.687739749828243,0.5709019816443117,0.005442119702880888,0.11380678827213421,20.914450223723172,-0.4609303202464332,False,False,0,0.05,NORMAL_FLIGHT
19460.0,-0.1305247958604782,0.3974551998461616,9.184230636679999,5.820300762929688,6.6432320577232185,4.931956884898786,50.68996755150477,37.775873000000004,-122.4194,4.941767245914732,-0.09965284166185598,-0.05156340340803272,3,15.68592131941659,0,9.193753300255052,10.11595926535007,4.942771914791027,15.956783765061644,-0.5788526720344578,0.8509900949353444,0.21972607971474778,20.914450223723172,-0.4447913118136171,False,False,0,0.05,NORMAL_FLIGHT
19480.0,-0.08923668664295595,0.18227254443494434,9.368388878091963,6.745895244443526,4.087335633491862,-9.683358632535588,50.74729114537917,37.775874,-122.4194,5.21101090978851,-0.131172043291069,0.13686234226985106,3,15.670350426567246,0,9.37058678193927,12.489229345164562,5.212661585684997,8.841674084210904,-2.866179693720028,-0.7785446424671605,0.1782159523865346,20.914450223723172,-0.8974892111559996,False,False,0,0.05,NORMAL_FLIGHT
19500.0,-0.37790814618910623,0.021150758254296086,9.397849552530403,0.1221592008901708,-4.567292898161114,2.483054757359842,50.78682545588046,37.775875,-122.4194,4.93315860038671,0.04918781505788882,-0.069450316138481,3,15.68521908532784,0,9.405468522807714,5.200062328088233,4.933403816607711,1.7440870434222155,-1.9767155250644208,0.74343293802972,0.047790279179896006,20.914450223723172,-1.3863694511302072,False,False,0,0.05,NORMAL_FLIGHT
19520.0,-0.09046126384981534,0.25274133553093375,10.223540888238452,1.6049878184301158,1.5351961862591093,7.524833770742186,50.826126320421174,37.775876000000004,-122.4194,4.808005496171192,0.1123080399340639,0.022884920809590748,3,15.648411777075637,0,10.227064569876672,7.845759141403439,4.8093169938200395,41.0798023534479,-1.9650432270356788,-1.8403654126101898,0.15986500120079394,20.914450223723172,-1.3631778272420547,False,False,1,0.9,RAPID_VOLTAGE_COLLAPSE
19540.0,-0.48477586532579137,-0.16926319549314717,9.844747376168085,5.011180833514627,-0.2561791776609577,-5.881085989243095,50.76866734031033,37.775877,-122.4194,5.073079241647239,-0.00790650194873722,0.13519573053984585,3,15.674335657592858,0,9.858129060299389,7.730765390963745,5.073085402869263,18.446775478864197,2.8729490055422247,1.2961940258610305,0.17868620967091853,12.489229345164562,-0.9027684224624721,False,False,0,0.05,NORMAL_FLIGHT
19560.0,-0.31678056469714466,0.10869587573401861,9.926881357227597,7.801277647654654,3.1279229683750027,10.89272246931099,50.794906969085396,37.775878000000006,-122.4194,4.779066328779579,-0.04573129065567043,-0.08363384996646278,3,15.686288255140045,0,9.932529295201915,13.758460590680794,4.7792851270686665,3.720011745126328,-1.3119814387533069,0.5976298773593847,0.1337181158120766,13.758460590680794,-1.049394175806242,False,False,0,0.05,NORMAL_FLIGHT
19580.0,0.1520829312288595,0.0399620867437427,9.143873697319464,-9.758014564414433,-1.116357942166548,3.820337057160107,50.75098202953692,37.775879,-122.4194,5.107128045003321,0.015567538768838683,0.08292235856371122,3,15.637946059472066,0,9.145225660358458,10.538504567758809,5.1071517714204235,39.36518174217287,2.1962469774237547,-2.417109783398974,0.18761472812266616,13.758460590680794,-0.03690884157748542,False,False,1,0.9,RAPID_VOLTAGE_COLLAPSE
19600.0,0.15716003173016646,0.052804016266734005,9.450610071234822,-6.577206535249228,-1.5362311283086574,-23.424783376653473,50.686911280548024,37.77588,-122.4194,4.761168268781737,0.005547991876538049,0.05205607958438699,3,15.716856161010002,0,9.452064232654811,24.379092028417517,4.761171501203033,15.341928614817668,3.2035374494448376,3.9455050768967936,0.18086821415802215,24.379092028417517,0.9991417533243663,False,False,0,0.05,NORMAL_FLIGHT
19620.0,0.08509151235699296,0.2544707000213536,10.076123932933887,6.54722050701324,6.845472913814257,2.9967197733792634,50.68332596323378,37.775881000000005,-122.4194,4.936198393905429,0.024290254071125145,-0.003951654223156103,3,15.689550585090547,0,10.079695898909234,9.935135891440117,4.9362581577990206,31.381583312721162,0.17926586571235248,-1.3652787959727242,0.14807024522524487,24.379092028417517,1.4280035718739725,False,False,0,0.05,NORMAL_FLIGHT
19640.0,-0.1933952286258426,0.14649842055596046,9.896032233714777,-1.3844467788440178,-0.4936044722783648,-4.060291544127153,50.6381112039012,37.775882,-122.4194,4.713654060695052,-0.25282451003137146,-0.09934335991331157,3,15.664909507269924,0,9.89900588303707,4.318136829908849,4.720429518251444,9.034500793608213,2.260737966629023,-1.2320538910311818,0.15176859538146534,24.379092028417517,1.3055613640913322,False,False,0,0.05,NORMAL_FLIGHT
19660.0,-0.009542271228395972,0.057744732565004654,9.765838416394322,-3.3586039462903865,4.132111620958831,5.37179814541736,50.6776420898432,37.775883,-122.4194,5.564833401880546,-0.10691042911659632,-0.07244397601032758,3,15.64746385386323,0,9.766013797051608,7.563780948124408,5.565860277669509,6.649604299273104,-1.9765442970999914,-0.8722826703347231,0.1380960992528897,24.379092028417517,1.1726487924219953,False,False,0,0.05,NORMAL_FLIGHT
19680.0,-0.000720507818113681,-0.33097748724565923,9.979452707580037,-6.2708049349780195,-1.1267574252209989,9.442148402518143,50.71836886282796,37.775884000000005,-122.4194,4.669208088076737,-0.08452301054368538,0.028945107285065864,3,15.659679887789924,0,9.98493980748114,11.390642794987965,4.669973052285482,10.946300521476626,-2.0363386492380897,0.6108016963347396,0.059461162331667795,24.379092028417517,0.3261316670896264,False,False,0,0.05,NORMAL_FLIGHT
19700.0,-0.23167293783850856,-0.19200925905589275,10.300739341840744,-2.775083507720547,8.333316296137616,1.9516204714181802,50.62323755100639,37.775885,-122.4194,5.001962748079281,0.015086762851156253,-0.14233367948813866,3,15.664007212775019,0,10.305133230300111,8.997448051017233,5.001985500137536,16.009671140948534,4.756565591078399,0.21636624925474024,0.041097959798612235,11.390642794987965,0.6367372954163386,False,False,0,0.05,NORMAL_FLIGHT
19720.0,0.30067966035343013,-0.02454178671914483,9.743687260938886,-7.011846417119124,-3.391673146677467,16.652522339446957,50.58182242402754,37.775886,-122.4194,5.2286608548660025,0.018587788362226635,0.013074385901824978,3,15.670293991506426,0,9.748356374098577,18.38412187668857,5.228693894375944,27.83884281007669,2.070756348942382,0.3143389365703797,0.05100461967723807,18.38412187668857,1.0150353920623445,False,False,0,0.05,NORMAL_FLIGHT
19740.0,0.1754724581151343,0.018674474855330248,9.830810940797422,10.455471363662385,-3.0707176562359235,-1.7870688456349573,50.508833090431644,37.775887000000004,-122.4194,5.207277181717405,0.0636180488684036,0.05410509840616632,3,15.69064353214678,0,9.832394574734598,11.04263570981685,5.207665782610918,4.201910031801059,3.649466679794955,1.0174770320176663,0.05328034369064279,18.38412187668857,1.292781134695531,False,False,0,0.05,NORMAL_FLIGHT
19760.0,-0.04419283476593279,-0.22604074493478477,9.867779075619392,-0.11218025990286745,7.622585905579515,6.248178230538752,50.485701626602,37.775888,-122.4194,5.170268424434627,0.02575817492104368,0.09852201728091008,3,15.650257920556117,0,9.870466620694648,9.856780990730682,5.170332587395223,1.9036022980024825,1.1565731914821242,-2.019280579533156,0.04703549426196042,18.38412187668857,1.919404632411954,False,False,1,0.9,RAPID_VOLTAGE_COLLAPSE
19780.0,0.005377167798906156,0.48233533511568427,10.527632890582199,-0.28975270881358783,-2.224731954476264,8.049425736373474,50.50846041009544,37.775889,-122.4194,4.936554322355705,-0.13007350703873358,-0.13983570744602225,3,15.670183661483819,0,10.538677837769916,8.356233815955859,4.938267681566295,33.41056085376337,-1.1379391746718426,0.9962870463851026,0.11851667778157765,18.38412187668857,2.0990845273252035,False,False,0,0.05,NORMAL_FLIGHT
19800.0,0.0416765615895105,0.3032788110507146,9.180193120674293,2.940383375839159,8.005371530821963,-0.9734596889273275,50.49634600518652,37.775890000000004,-122.4194,5.2702177892674005,0.144700461758506,0.13162472971612738,3,15.632230456267758,0,9.185295896480085,8.583673543965459,5.2722038816745025,67.66909706449154,0.6057202454460509,-1.8976602608030468,0.23151242537825106,18.38412187668857,1.2689154581987339,False,False,1,0.9,RAPID_VOLTAGE_COLLAPSE
19820.0,-0.40834697368485817,0.1204236640784967,10.014966904436642,4.811725846332847,4.459202897974064,7.787743079777822,50.46685804315317,37.775891,-122.4194,5.1826782181604365,0.12719183034223663,0.16953634941799356,3,15.648956600020648,0,10.02401173217335,10.182639067658013,5.184238736275601,41.93579178466322,1.4743981016675178,0.836307187644536,0.234762437412799,11.04263570981685,1.149643808743761,False,False,0,0.05,NORMAL_FLIGHT
19840.0,-0.04943547650411939,0.014407372256748952,9.775559325372281,4.729440782773197,-0.7732485328041673,-5.946729871621688,50.53186686949382,37.775892,-122.4194,5.042459923532095,-0.1258197290026926,0.0410151567713594,3,15.663912526051936,0,9.775694940135228,7.6373502981911106,5.04402940957263,12.415839601906065,-3.250441317032582,0.7477963015643851,0.23704331094905218,10.182639067658013,-0.2303377906217463,False,False,0,0.05,NORMAL_FLIGHT
19860.0,-0.13639684959955972,-0.04244179398023034,9.980031517855254,5.368109719537858,-9.066467360085792,-4.225684190212185,50.416624010864005,37.775893,-122.4194,5.048116151545319,0.03327052943741829,-0.10380485814246605,3,15.669353013702118,0,9.981053777224187,11.352261414709718,5.048225788098406,10.267941854447926,5.762142931490644,0.272024382509084,0.23902680649349117,11.352261414709718,0.6907761573799576,False,False,0,0.05,NORMAL_FLIGHT
19880.0,-0.20032400197898312,-0.19038369200444713,9.612788233801583,-3.154227753954282,-0.09659152135917837,-13.124886903363125,50.47846760553992,37.775894,-122.4194,4.939215470476926,-0.05954243852430158,-0.03281092883602411,3,15.639612689136044,0,9.61676002008287,13.498931027006797,4.939574350668691,18.214687857065837,-3.0921797337956747,-1.4870162283036947,0.1150455126444661,13.498931027006797,0.29992804555519115,False,False,0,0.05,NORMAL_FLIGHT
19900.0,-0.05622005857719098,0.015496103703772508,9.795310490742466,-1.489334024784306,0.5081502676671233,2.4140911637004696,50.45125319088214,37.775895000000006,-122.4194,4.818069594833393,0.013886398920054825,-0.004759724511850704,3,15.645011079536491,0,9.795484083712546,2.8816954520849487,4.818089606133636,8.936203181483826,1.3607207328888649,0.26991952002237696,0.027424898637989067,13.498931027006797,0.45092814304375395,False,False,0,0.05,NORMAL_FLIGHT
19920.0,0.3595373053699045,0.051550508028550136,10.02342317383965,3.8451582772113775,5.8360886665218645,3.2525167585434405,50.4473477403765,37.775896,-122.4194,5.247430195095744,0.10533102796418706,0.027046350873055677,3,15.682187620955794,0,10.030001827053491,7.708698876264272,5.248487237085992,11.725887167047233,0.19527252528206418,1.858827070965141,0.02798738909164171,13.498931027006797,0.19510302776666322,False,False,0,0.05,NORMAL_FLIGHT
19940.0,0.12816857225340197,-0.24835211509632488,10.743873060313152,-2.6369453081981,7.942235881200559,11.792631585792293,50.4209795734905,37.775897,-122.4194,5.262441598720306,0.2130104266320959,0.002198155264360243,3,15.675364235424079,0,10.747507352503137,14.460247268607949,5.2667508980201365,35.87527627248228,1.3184083443000816,-0.34116927658578433,0.1857227357157661,14.460247268607949,1.108872960033196,False,False,0,0.05,NORMAL_FLIGHT
19960.0,-0.11423579795655936,0.06683528344897949,10.052410856820622,-0.02553316013612511,-3.424935895718738,7.911400043558836,50.49812397876745,37.775898000000005,-122.4194,4.823178171794016,0.07512777051426102,0.028116514289461693,3,15.655444782159956,0,10.053282091286087,8.620967955007837,4.823763246550634,34.71126306085246,-3.857220263847694,-0.9959726632061461,0.1848481841202119,14.460247268607949,-0.8149996790344716,False,False,0,0.05,NORMAL_FLIGHT
19980.0,0.11451655627123172,-0.031051809764949753,9.555580320590847,1.9938188221240714,4.005908819940914,-2.8479555664743317,50.43657505392719,37.775899,-122.4194,4.969242966970762,0.0294934735110136,-0.00907467573391228,3,15.60569230954189,0,9.556316943248218,5.304099346519516,4.969330491099191,24.84825740189347,3.0774462420129822,-2.4876236309032684,0.19862993958606073,14.460247268607949,0.4189255161272598,False,False,1,0.9,RAPID_VOLTAGE_COLLAPSE
20000.0,0.27987108731720045,-0.38156151157547824,9.68287209539319,3.925925411551881,3.8270107800667477,-11.781796873342769,50.437161872413284,37.7759,-122.4194,4.971315356708214,-0.03398211683082972,0.026510709451224315,3,15.699797438347497,0,9.694427730834656,12.994985163997892,4.971431500092023,6.905539379321901,-0.029340924304577243,4.705256440280348,0.21285144434816478,14.460247268607949,0.1409131846885714,False,False,0,0.05,NORMAL_FLIGHT
20020.0,0.18492673658255376,-0.17207700215590038,9.673975767484844,-8.888404811851006,5.367063512052226,4.32850402519974,50.463533805006286,37.775901000000005,-122.4194,4.993468819251938,0.018213487101117646,-0.046052342116131385,3,15.648325730947946,0,9.67727314600854,11.249224770530137,4.993502035641292,0.8577292413058046,-1.3185966296500595,-2.5735853699775824,0.23531970302288976,14.460247268607949,-0.16186064629785335,False,False,1,0.9,RAPID_VOLTAGE_COLLAPSE
20040.0,0.011926073984034826,-0.08272110668432886,9.271307048210996,3.5737282494447253,2.4934495606777225,11.107531724146419,50.38298366661203,37.775902,-122.4194,5.012858975717516,0.13597718933283137,-0.03381867169824685,3,15.641622595808057,0,9.271683741097872,11.931725999009629,5.014702873197027,20.279470245533382,4.02750691971292,-0.3351567569944258,0.07931300483692977,12.994985163997892,0.3799590687847143,False,False,0,0.05,NORMAL_FLIGHT
20060.0,-0.12938735554111477,0.3775375314680381,9.710972942489569,-1.1686202892586273,-9.712488454808849,7.551849738039433,50.336988758089724,37.775903,-122.4194,5.189372292329236,-0.004470875675958535,-0.05760251704766678,3,15.636576313238795,0,9.719170292015951,12.358338878311613,5.189374218258276,22.374327545903938,2.2997454261151518,-0.25231412846311585,0.03436817850242598,12.994985163997892,1.6113522067772834,False,False,0,0.05,NORMAL_FLIGHT
20080.0,0.139644662722718,0.11131062490675164,10.029848724546524,3.537288554321905,-0.7771121626387985,10.844775248572876,50.32957983141481,37.775904000000004,-122.4194,4.850556538302651,-0.08861126513476503,0.1917259534504072,3,15.653700427287253,0,10.031438387605817,11.433523683533297,4.851365857939327,15.613404779493312,0.3704463337456332,0.8562057024229297,0.07299344959949637,12.994985163997892,1.0699522251238136,False,False,0,0.05,NORMAL_FLIGHT
20100.0,0.07869707708434992,-0.2670963138199783,9.427730364276963,3.8846584617741438,-5.778537874584576,-2.1188953119824254,50.28524657968059,37.775905,-122.4194,4.830730601697468,-0.16196898655166267,0.14639007861743228,3,15.653054313114083,0,9.43184146878581,7.278172069674019,4.833445158350403,29.979845941000338,2.216662586711138,-0.03230570865850879,0.08473176889397628,12.358338878311613,1.5191529273269566,False,False,0,0.05,NORMAL_FLIGHT
20120.0,0.17903864400554648,0.09720725788352741,10.124544795315177,8.039575305595788,-1.0130288645903693,-4.666189681756455,50.24446699111964,37.775906,-122.4194,5.247323948428595,0.05130478674102508,0.05552941900136158,3,15.663484793580588,0,10.126594264577614,9.350632316638768,5.247574754197867,34.73763978959017,2.0389794280475826,0.5215240233252594,0.13656549499385745,12.358338878311613,2.190668138866485,False,False,0,0.05,NORMAL_FLIGHT
20140.0,0.1270343603363939,-0.3094607977876731,9.956332446325302,6.767268238106015,4.90002118066947,-7.36901352231799,50.22697385796581,37.775907000000004,-122.4194,4.90747105162374,0.02472881256277393,0.13253089972677387,3,15.625100567618473,0,9.961950586899306,11.14039888287638,4.907533355637614,8.2321838839154,0.874656657691375,-1.9192112981057718,0.07846050532882926,12.358338878311613,1.560098086462176,False,False,1,0.9,RAPID_VOLTAGE_COLLAPSE
20160.0,0.20991054306386703,0.21653821077741467,9.58973000340869,6.732858313051481,1.5257541793748632,-0.5589646661359551,50.25945292454812,37.775908,-122.4194,4.747392929284587,-0.06459081732622966,0.07984613389778826,3,15.636521488130022,0,9.594470947951892,6.926164044945425,4.747832305242484,18.373981947370677,-1.6239533291155794,0.5710460255774485,0.08998948626710625,11.433523683533297,0.7753583354160298,False,False,0,0.05,NORMAL_FLIGHT
20180.0,-0.1070470423121136,-0.09422493036357572,9.767541108798646,7.218351595831192,5.740454331987164,-0.785907959688194,50.24231703570421,37.775909000000006,-122.4194,4.902974011580026,0.10260141257072977,0.01812711595140552,3,15.682531874944724,0,9.768582124281972,9.256082703809975,4.904047431264368,8.705558816503967,0.8567944421955076,2.3005193407350966,0.07723612736589199,11.14039888287638,0.8726279571060047,False,False,0,0.05,NORMAL_FLIGHT
20200.0,0.26347881312686516,-0.01872723774783417,10.28949654229231,1.4568949240797298,1.7087696035676967,2.066776285391162,50.29623834542786,37.77591,-122.4194,4.9339894529512,-0.042177686438763046,-0.15055713410196836,3,15.645562347932634,0,10.292886421613998,3.051884760560509,4.934169725401326,26.215214866601322,-2.6960654861824196,-1.8484763506044999,0.07705167923168868,11.14039888287638,-0.10991765747270676,False,False,1,0.9,RAPID_VOLTAGE_COLLAPSE
20220.0,0.03951992093847993,0.265159329508438,10.03006434405176,0.1609254351841985,-6.491629698344513,-1.29297457035508,50.24635045629489,37.775911,-122.4194,5.310992545545153,-0.013464409182479521,-0.02621639201251401,3,15.636769622588492,0,10.033646497659504,6.6210978225444315,5.311009612978573,12.961996197724712,2.4943944566484078,-0.4396362672070886,0.07052124865666998,11.14039888287638,-0.01883465175254173,False,False,0,0.05,NORMAL_FLIGHT
20240.0,0.4150521745250531,-0.25743271371685,9.812635096469444,4.364085415891672,-12.604235032863674,-1.3362772972677126,50.18375434327122,37.775912000000005,-122.4194,5.184965242475347,-0.0016664133297943518,-0.03350378920183519,3,15.620537329530748,0,9.824782310368688,13.405134064829765,5.184965510262419,10.443209364540795,3.129805651183659,-0.8116146528871937,0.07211404938556819,13.405134064829765,0.4321951469459151,False,False,0,0.05,NORMAL_FLIGHT
20260.0,-0.13783756361791358,-0.27942363702259826,9.738695004911705,3.660404757165112,0.7440438083979517,-7.766940529721439,50.280071613557276,37.775913,-122.4194,5.229504123326448,-0.03509527421380881,-0.11330751730921569,3,15.64863794574623,0,9.743677804687676,8.618441237678764,5.229621884434903,4.055225284050579,-4.815863514302876,1.4050308107741216,0.05355868694022364,13.405134064829765,-0.20618689009154423,False,False,0,0.05,NORMAL_FLIGHT
20280.0,0.3471927606330499,-0.11671986526920097,9.8329827211355,-1.5453311836913008,-1.069632331755827,9.416190135514908,50.247173707174,37.775914,-122.4194,5.1639947284693575,0.02358650657495709,-0.1486162274606616,3,15.658289198758057,0,9.839802616624672,9.601916395209575,5.164048593782956,4.806240596849776,1.6448953191638083,0.48256265059132275,0.048728345407357876,13.405134064829765,-0.048566714697884095,False,False,0,0.05,NORMAL_FLIGHT
20300.0,0.03958215669252956,0.20767577020386332,9.65647093261731,2.0241170440413403,-4.884728696909411,0.7651806224371129,50.18162810682039,37.775915000000005,-122.4194,5.189248734323063,0.11515151459330011,0.049271934656702515,3,15.6543101621208,0,9.658784956977831,5.342576685022145,5.19052620627106,9.050882982342046,3.2772800176804395,-0.19895183186289245,0.019468777823612723,13.405134064829765,1.1461023860746877,False,False,0,0.05,NORMAL_FLIGHT
20320.0,-0.13028360072288966,-0.3038692150953685,9.178575148284295,-0.17548233392297208,-8.50313624825689,-1.7444393428528215,50.0945254097318,37.775916,-122.4194,4.862383574683936,-0.11424818981184229,0.03245043223708129,3,15.630791966719817,0,9.18452786316216,8.68200372764445,4.86372559631312,23.71285469078357,4.3551348544294655,-1.1759097700490884,0.07302260238873869,13.405134064829765,1.5182504656308993,False,False,0,0.05,NORMAL_FLIGHT
20340.0,-0.09677716681086432,-0.5664311196221138,10.42265337316042,-4.26966454230028,-3.673716067363546,-7.474292532492047,50.14828058242225,37.775917,-122.4194,4.9602795689293036,0.04885201384740088,-0.1167396980067612,3,15.642342604446661,0,10.438482330796205,9.359020990928897,4.960520126074928,62.697723381702275,-2.6877586345225524,0.5775318863421752,0.20188340750661704,9.601916395209575,0.35473760848965696,False,False,0,0.05,NORMAL_FLIGHT
20360.0,-0.06406946163886404,-0.09023177168179976,9.856597499759822,6.452303706881749,-0.9724574243238803,-13.319131103910859,50.131215356689246,37.775918000000004,-122.4194,4.80201693739529,0.017215866960644106,-0.07458785064361893,3,15.667700322299757,0,9.857218722378391,14.83162667852479,4.802047797878156,29.06318042089069,0.8532612866503086,1.2678858926547854,0.2027939521497924,14.83162667852479,1.488562568680294,False,False,0,0.05,NORMAL_FLIGHT
20380.0,0.08483318928038329,0.11034815998218409,9.929444179536763,0.2759962126504461,3.329389118531951,13.079641925493437,50.11852986993593,37.775919,-122.4194,4.957902393892593,0.015376382954470625,0.11612222731541635,3,15.654834354197607,0,9.93041968402904,13.499556982031745,4.957926237906194,3.660048082532441,0.6342743376659854,-0.643298405107462,0.20643159968346209,14.83162667852479,1.2864383723807293,False,False,0,0.05,NORMAL_FLIGHT
20400.0,0.10456709760709992,0.24005234994776586,9.792627675036927,10.243541288494253,0.9431554078399003,5.546387081318072,50.11056978435659,37.77592,-122.4194,5.136820998186948,0.08718445698740908,-0.08776965135165606,3,15.616883028297705,0,9.796127611996312,11.68683404127209,5.137560811995761,6.714603601636426,0.39800427896672375,-1.8975662949951122,0.19955315728106296,14.83162667852479,0.7105832246379862,False,False,1,0.9,RAPID_VOLTAGE_COLLAPSE
20420.0,-0.1147400007877158,-0.0926322724170798,9.589464959782624,-8.127461350999162,8.040336235863645,-16.23917842569967,50.161216928590086,37.775921000000004,-122.4194,5.02691665696245,0.00492974252171587,0.017079890393380242,3,15.580795756636535,0,9.590598741505802,19.859847701818783,5.026919074185287,10.276443524525458,-2.5323572116747073,-1.8043635830585103,0.09917263351047624,19.859847701818783,-0.6669151885828484,False,False,1,0.9,RAPID_VOLTAGE_COLLAPSE
20440.0,-0.0048709184521965685,-0.0822853214232005,9.754222655715369,-2.7838938642168314,-5.1780202802269715,7.631423007096569,50.15224043689129,37.775922,-122.4194,5.262296163792059,0.048022926190570296,-0.018977829956798104,3,15.636800882858044,0,9.754570939679473,9.633305568853755,5.262515284243888,8.19860990868353,0.4488245849397998,2.800256311075433,0.016300232795830278,19.859847701818783,-0.039598544690377935,False,False,0,0.05,NORMAL_FLIGHT
20460.0,0.42845407172237276,0.23078014685114945,9.330181571341708,0.1631941834543571,4.405294460287167,9.224811702331092,50.26944312583292,37.775923000000006,-122.4194,4.771716841554556,0.07158646295711472,0.050636347106206285,3,15.64598637003872,0,9.342864684986107,10.224011080139476,4.77225379015556,20.585312734668282,-5.8601344470815775,0.4592743590338344,0.050841686534225744,19.859847701818783,-1.3822776914367552,False,False,0,0.05,NORMAL_FLIGHT
20480.0,0.3455086340201423,-0.37394833993908416,10.493125949415992,5.68690548814457,0.2364937156436396,1.2437612230092951,50.27613115453563,37.775924,-122.4194,5.100047670139648,-0.050436520038060664,-0.08561076526564304,3,15.607380092453681,0,10.505470278261365,5.826127812577523,5.100297058039894,58.13027966376287,-0.3344014351355895,-1.9303138792519547,0.18814179842267875,19.859847701818783,-1.5760128459970701,False,False,1,0.9,RAPID_VOLTAGE_COLLAPSE
20500.0,0.08726473393480642,-0.07770415503660186,9.439646400473281,1.9973468630109252,3.473345620592923,15.98110895751759,50.32922039288355,37.775925,-122.4194,4.750339439626137,0.029918346081379832,0.009008347754010703,3,15.628138366636085,0,9.440369549729864,16.475720554905045,4.750433653794126,53.25503642657505,-2.6544619173957784,1.0379137091201862,0.21377453398618093,19.859847701818783,-2.1865060852695706,False,False,0,0.05,NORMAL_FLIGHT
20520.0,0.007600695633640058,0.03808477798501155,9.500410114845847,1.5523637709037572,-2.1825743163277176,2.1671964212288297,50.36948238577877,37.775926000000005,-122.4194,5.018835293834728,-0.025078760721063194,0.016872257734587722,3,15.622189750548472,0,9.500489491134315,3.445316277454798,5.0188979518297065,3.005997070222577,-2.013099644760885,-0.2974308043806495,0.22153383241099736,16.475720554905045,-2.082654571886806,False,False,0,0.05,NORMAL_FLIGHT
20540.0,0.024006265343652262,0.08984374425700686,9.677922238684081,-5.636318962770735,5.358401869452949,-14.168235279491899,50.367660019765864,37.775927,-122.4194,5.148066684511296,-0.01326817797198955,0.023018080622921967,3,15.628699033097972,0,9.678369028776169,16.162284893531755,5.148083782605118,8.89397688209268,0.09111830064512105,0.32546412747498366,0.2209494709491252,16.475720554905045,-2.154195828745742,False,False,0,0.05,NORMAL_FLIGHT
20560.0,0.12270359454608333,-0.10196133863817652,10.196422717455714,-5.784706986147357,1.4761237917262138,3.65169001048321,50.338311470464845,37.775928,-122.4194,4.9570994866351565,-0.03220613964783319,0.00790738579626132,3,15.614868955698327,0,10.197670739915974,6.9983295361639755,4.9572041067349195,25.965085556990264,1.4674274650509744,-0.691503869982224,0.21722016599558844,16.475720554905045,-0.6886834463192315,False,False,0,0.05,NORMAL_FLIGHT
20580.0,-0.20455851303968112,0.00688820234116827,9.814352699778796,1.6125233014495235,-3.397224924588747,2.4489730171272925,50.35490966689317,37.775929000000005,-122.4194,5.110225320817391,0.04710804040968864,0.03446093205941101,3,15.650722676180674,0,9.816486670303375,4.487631605265994,5.110442446304865,19.05920348062997,-0.8299098214163081,1.7926860241173515,0.09134182131261627,16.475720554905045,-0.7877851235753752,False,False,0,0.05,NORMAL_FLIGHT
20600.0,-0.051475307484669025,-0.4976654706825979,9.439159261190861,-6.820529969091792,-0.06012014456594074,-6.032968487781549,50.38041460345353,37.77593,-122.4194,4.808053533033413,0.008164470901825371,0.21917703320508108,3,15.627021408628163,0,9.452409649719778,9.106039329237882,4.808060465000434,18.20385102917985,-1.275246828017984,-1.1850633776255393,0.08964722837185873,16.162284893531755,-0.5119421056998164,False,False,0,0.05,NORMAL_FLIGHT
20620.0,-0.3337168147755179,-0.13164968246676967,10.186301508227203,-2.659388751446643,-1.1977792946854975,5.73558836877425,50.35178530104721,37.775931,-122.4194,4.667262004360723,0.03945440343166744,0.2561297776771106,3,15.605631268079607,0,10.192616787060588,6.4345938260403575,4.667428764030515,37.01035686704053,1.4314651203161333,-1.0695070274278073,0.10634663128606703,16.162284893531755,0.17697084731558732,False,False,0,0.05,NORMAL_FLIGHT
20640.0,0.07984462452105585,0.09070174251089348,10.029300188035645,2.5045866454292876,2.4458917531889686,-16.67665266190862,50.36010224434474,37.775932000000005,-122.4194,5.111405924497561,-0.0017517362895748446,-0.06392161407867218,3,15.64071042366217,0,10.030028127173484,17.04013159393801,5.111406224667415,8.129432994355223,-0.41584716487648166,1.753957779128168,0.09782278274862549,17.04013159393801,0.07557775421126678,False,False,0,0.05,NORMAL_FLIGHT
20660.0,0.1294391879405482,-0.19645880685093592,9.971530487164936,-4.9116213613838795,-5.898883746872543,9.905668274427894,50.42191249325772,37.775933,-122.4194,5.3488020468151465,-0.1604121012470325,-0.2318242980352499,3,15.596227003457855,0,9.974305530843928,12.53168455634464,5.351206908561879,2.7861298164777892,-3.090512445649196,-2.2241710102157697,0.07878287976242115,17.04013159393801,-0.8360102279287673,False,False,1,0.9,RAPID_VOLTAGE_COLLAPSE
20680.0,-0.0966372924598748,0.011796844317919476,10.024720272351253,8.026779811809032,-0.14675851057847275,-8.781217036054526,50.5254098802112,37.775934,-122.4194,4.800791011966021,0.0031368416099708477,0.059549530072197356,3,15.646350217715787,0,10.025192989200757,11.897920189763692,4.800792036773622,2.5443729178414642,-5.174869347673905,2.506160712896577,0.0794924650554512,17.04013159393801,-1.7050021331802867,False,False,0,0.05,NORMAL_FLIGHT
20700.0,0.31479735265800657,0.0893745001605396,10.528308570174735,6.11968172118945,1.9765362632466543,-9.849461251170323,50.568128346228676,37.775935000000004,-122.4194,5.244438836021359,0.0063537955156817,0.01862524599012663,3,15.639631093436927,0,10.533392925517125,11.763039016635751,5.24444268492721,25.409996815818392,-2.135923300873799,-0.33595621394297837,0.05240969558141992,17.04013159393801,-1.8771374277514496,False,False,0,0.05,NORMAL_FLIGHT
20720.0,-0.24515313260046825,-0.068509840171553,10.465528468510835,-7.857099991691502,0.16511653596516615,-1.1382477230747687,50.66126633054769,37.775936,-122.4194,5.008684681763282,0.02425959371534602,0.10610418591835805,3,15.646754985646288,0,10.46862358583185,7.940836960231121,5.008743432161143,3.238466984263777,-4.656899215950716,0.35619461046803025,0.0733741003658508,17.04013159393801,-3.0948102950048195,False,False,0,0.05,NORMAL_FLIGHT
20740.0,-0.29287497604196405,0.03409275419931418,9.603985397099011,-4.6618562159099355,6.734706221944978,4.329729280436354,50.629797619987364,37.775937,-122.4194,4.732861695661385,-0.059372919368574195,0.028488589971531725,3,15.61494412707843,0,9.608510476404318,9.26475725076434,4.73323409243755,43.0056554713766,1.573435528016276,-1.5905429283928463,0.14606219842289025,12.53168455634464,-2.696953756426268,False,False,1,0.9,RAPID_VOLTAGE_COLLAPSE
20760.0,0.04489036371199441,-0.19254651305692247,10.297165497843347,-11.42888622247475,3.8701138703552624,1.6392406359342961,50.66489173259033,37.775938000000004,-122.4194,4.7736989397295675,-0.1195469716665512,0.005860393952571911,3,15.60733634971899,0,10.299063384328694,12.17720540675436,4.775195602863807,34.527645396218794,-1.7547056301481234,-0.38038886797204796,0.14317243332977017,12.17720540675436,-2.4297923933260535,False,False,0,0.05,NORMAL_FLIGHT
20780.0,0.2094196605224309,-0.04132225593920933,9.92495045692767,-3.912956812740666,-0.037403983703733074,-7.426591657723782,50.73181770801939,37.775939,-122.4194,5.00315695467213,0.0624606644894278,0.11289065958772229,3,15.618088639320712,0,9.927245624820511,8.394456130503213,5.003546826771243,18.59088797540913,-3.346298771453249,0.5376144800861127,0.15301333377145743,12.17720540675436,-2.0640782780819222,False,False,0,0.05,NORMAL_FLIGHT
20800.0,0.33678553829157376,0.12204323391784451,9.959728744841325,3.831942382861997,1.0834454874883657,-5.060892911918885,50.68700104137079,37.775940000000006,-122.4194,4.919107542415179,-0.027360655653416888,0.1268780588413842,3,15.613869043162333,0,9.96616855770391,6.439741735181916,4.919183633421676,1.9461466441699216,2.2408333324300145,-0.21097980791893178,0.11355267490407768,12.17720540675436,-1.1887269514211596,False,False,0,0.05,NORMAL_FLIGHT
20820.0,-0.09177685257378801,0.03139459219368684,9.302318750507002,-2.0694747113742844,1.478327757409998,-11.33042347377462,50.66272153576854,37.775941,-122.4194,4.737417404648352,0.017124404768499576,-0.13865600587809984,3,15.601652627965567,0,9.3028244499787,11.612350090933766,4.737448354452406,33.167205386260434,1.213975280112578,-0.6108207598383153,0.14364101465452556,12.17720540675436,-0.014552052208500754,False,False,0,0.05,NORMAL_FLIGHT
20840.0,0.21573616668625914,-0.11730625391278711,9.758884270383541,2.3039862180798374,2.01649802083412,-2.2467990162987013,50.7496167738603,37.775942,-122.4194,4.661192143754919,-0.028146007988829564,-0.08166061871395836,3,15.602784462181718,0,9.761973420039764,3.797725974944818,4.661277121001098,22.95744850305317,-4.344761904588168,0.05659171080756309,0.1320647796053875,12.17720540675436,-1.1981915387293895,False,False,0,0.05,NORMAL_FLIGHT
20860.0,-0.007701693900141442,0.044843280858158606,9.56615292289903,-7.6116715914087205,-9.12828997832304,10.750212145109098,50.70086183107096,37.775943000000005,-122.4194,4.830656134414699,-0.0006061825773594804,-0.010559295928867828,3,15.605679046306296,0,9.566261128581884,16.025925355768464,4.830656172448593,9.78561457289402,2.4377471394672057,0.14472920622887742,0.07546042396134496,16.025925355768464,-0.35970098480632373,False,False,0,0.05,NORMAL_FLIGHT
20880.0,-0.03452545998816393,0.1429219581273236,10.058417644467994,3.9898762729095267,-1.5076314788467358,-0.042629376438761635,50.633805329438175,37.775944,-122.4194,5.038761801666223,-0.04492853479358083,0.009843762392458369,3,15.588756004310222,0,10.059492243848466,4.265428772453195,5.038962102176334,24.66155576332909,3.3528250816392102,-0.8461520998037209,0.09366084084985044,16.025925355768464,0.9801237858121681,False,False,0,0.05,NORMAL_FLIGHT
20900.0,0.1767319874973345,-0.40998825571549563,10.131324150120841,-2.775546139641749,-7.422195340967131,8.594142547594531,50.71020440812015,37.775945,-122.4194,4.9987198494793725,-0.09680835891538281,-0.022598320335224874,3,15.6248649186184,0,10.14115642321186,11.689821477727067,4.999657187441452,4.08320896816976,-3.8199539340986632,1.8054457154089043,0.12033071902266591,16.025925355768464,-0.23203366749356746,False,False,0,0.05,NORMAL_FLIGHT
20920.0,0.13046457568268394,0.23181481299117956,9.187654094695107,0.06084841141452599,6.3914047372974325,14.554013377261917,50.770042569369174,37.775946000000005,-122.4194,4.899752408499984,0.047373166076865716,0.04342071778618859,3,15.609409284862387,0,9.191504059554017,15.89569320384105,4.899981416440836,47.48261818289219,-2.9919080624512873,-0.7727816878006166,0.14860861622010402,16.025925355768464,-1.0732103360063405,False,False,0,0.05,NORMAL_FLIGHT
20940.0,-0.3152784313968499,-0.0672509477362144,9.803389540798719,-0.46437250696526367,-0.3042476000146387,-5.88018519036967,50.79164858156836,37.775947,-122.4194,5.040377438858297,-0.06031200882261201,0.09961047893171003,3,15.603437233016528,0,9.808688478482594,5.906334421651272,5.040738265825746,30.859220946428856,-1.0803006099592949,-0.2986025922929514,0.1494630810824259,16.025925355768464,-0.4203180770805659,False,False,0,0.05,NORMAL_FLIGHT
20960.0,0.29530806994517916,0.08509798664804606,10.146558451438276,-6.35774260446142,-0.9667047483981138,-1.8657325305536467,50.78936304383607,37.775948,-122.4194,5.208005343972538,0.016395148089481063,0.17227097107207281,3,15.58654729396976,0,10.151211599211189,6.695996338912189,5.208031150418302,17.12615603642975,0.11427688661456159,-0.8444969523384138,0.16315702023241432,15.89569320384105,-0.8850121276510947,False,False,0,0.05,NORMAL_FLIGHT
20980.0,0.2760182708294903,0.2394493847290456,9.753996311305967,-5.765421658698911,4.483986660166176,21.711928610624952,50.76743681855582,37.775949000000004,-122.4194,5.0788253020868295,0.04104602219020779,0.057891302377289955,3,15.584696492422639,0,9.760838393019794,22.907511153855562,5.078991162135943,19.518660309569746,1.0963112640123285,-0.09254007735606251,0.1527608583827853,22.907511153855562,-1.336314891176471,False,False,0,0.05,NORMAL_FLIGHT
21000.0,-0.12511254030190588,-0.2743347394460932,10.02871909350071,4.8389723450171305,2.111623987249373,14.443434119799452,50.78153426224627,37.77595,-122.4194,4.975738265722084,-0.05868127156030817,-0.08523336784531099,3,15.64577180777783,0,10.033250687257517,15.3781467801668,4.976084281903086,13.620614711886159,-0.7048721845222872,3.0537657677595753,0.13725942582948242,22.907511153855562,-0.7132985412611959,False,False,0,0.05,NORMAL_FLIGHT
21020.0,0.07916070668748182,-0.14188820048550932,9.915349640288126,1.9949607875084778,-5.643172571896036,-16.724045258123525,50.86052461011635,37.775951,-122.4194,5.1856144013321375,-0.1203885634372985,-0.014737622519781828,3,15.593657952293544,0,9.916680753562764,17.762853234085455,5.187011675860173,5.828496684737683,-3.9495173935041095,-2.6056927742143188,0.025754840962600015,22.907511153855562,-0.9048204074717603,False,False,1,0.9,RAPID_VOLTAGE_COLLAPSE
21040.0,0.09880603725654777,-0.05770973917514097,9.912498069585789,5.250245207767134,-0.354526812636844,3.8714831606090656,50.872452916423455,37.775952000000004,-122.4194,4.808029939556741,0.2426085613853053,-0.007535224125955695,3,15.617563244222357,0,9.913158478836904,6.53292781725313,4.814146945589784,0.1761137362930043,-0.5964153153552587,1.1952645964406372,0.02138499124292493,22.907511153855562,-0.8080433485509531,False,False,0,0.05,NORMAL_FLIGHT
21060.0,0.052134753164781424,-0.15675070422488568,9.72860550657951,1.6232911775125916,-1.6758348661319242,0.005599923396953997,50.980800879785804,37.775953,-122.4194,4.95501609208893,-0.05277718759454261,0.05146402399811591,3,15.607754940523566,0,9.730007909473235,2.333136966548615,4.955297156013012,9.157528468183429,-5.4173981681174155,-0.49041518493950775,0.015550869254489948,22.907511153855562,-1.9143783594973485,False,False,0,0.05,NORMAL_FLIGHT
21080.0,-0.11006103076908402,0.3469873151673617,9.445025758759288,0.7149531740460824,-8.72266444303027,8.264531108587624,50.93590378050379,37.775954000000006,-122.4194,4.959782412879926,0.062341715860115846,0.03881680334339423,3,15.548148056690795,0,9.452038151161233,12.03737959323356,4.9601741978129565,13.89848791560011,2.24485496410054,-2.980344191638551,0.051598503082654054,17.762853234085455,-1.6846696194797062,False,False,1,0.9,RAPID_VOLTAGE_COLLAPSE
21100.0,-0.13432467358761033,-0.17135441876535856,9.473540955772492,-8.630053093333833,-3.451381166186023,-7.449787674850553,50.93491974278738,37.775955,-122.4194,4.752609348311431,0.1939463549570124,0.205039665111151,3,15.638650417163122,0,9.476042617858132,11.911724675647086,4.756565021762902,1.2002233348449742,0.04920188582069329,4.525118023616326,0.05122510028087654,17.762853234085455,-1.53385480541111,False,False,0,0.05,NORMAL_FLIGHT
21120.0,-0.005110814198289056,-0.11110935589737332,10.022805754336595,-1.3518334838058488,-0.9177016100823279,-8.396083720406722,50.91626680940418,37.775956,-122.4194,4.916025167543128,0.07899077468538933,-0.046151313525490845,3,15.615632655063267,0,10.023422898319339,8.553587075207988,4.916659739132132,27.369014023060334,0.9326466691600643,-1.150888104992731,0.06519722162400693,12.03737959323356,-0.5574219928782753,False,False,0,0.05,NORMAL_FLIGHT
21140.0,0.23454580385187296,0.04087780632059536,9.815837476655666,-0.13692160201872008,-0.5747546574592131,-6.760707152936095,50.862009732246065,37.775957000000005,-122.4194,4.58500806382094,-0.030044280882755153,0.03847505337668032,3,15.585747147189043,0,9.818724362017297,6.786475642712623,4.585106498666831,10.234926815102074,2.7128538579056283,-1.4942753937112307,0.05781007407156753,12.03737959323356,0.10443184177390208,False,False,0,0.05,NORMAL_FLIGHT
21160.0,0.10872003091888648,-0.2404299052152178,9.768446326617832,9.76553599136287,-7.4111571183865435,-5.719285461984328,50.85435554559558,37.775958,-122.4194,5.382435609532591,-0.006711638753511132,0.2354711397744092,3,15.59968279497394,0,9.772009528262762,13.527792474298252,5.382439794076588,2.3357416877267667,0.38270933252420036,0.6967823892448877,0.05879210067366141,13.527792474298252,1.2644533419022252,False,False,0,0.05,NORMAL_FLIGHT
21180.0,-0.0741228664172212,-0.07913614235125277,9.682832987303295,3.4347831604933865,5.758327915237378,8.153241668090143,50.875222010678605,37.775959,-122.4194,4.812517242312738,-0.08326072197388484,-0.05852068969036013,3,15.576416032501852,0,9.683440059625555,10.556108441906625,4.8132374297743725,4.428473431860347,-1.0433232541512183,-1.1633381236044293,0.03983466165384219,13.527792474298252,0.6068176982518736,False,False,0,0.05,NORMAL_FLIGHT
21200.0,0.15433974212966894,0.06349065225003503,9.718443346355775,7.680305908547642,-0.5105152944571947,-11.8120117314888,50.9014335196762,37.775960000000005,-122.4194,5.3172228262842625,0.08816964269577422,0.01451486961703552,3,15.635073684206542,0,9.719876176950539,14.098629219167925,5.317953786020663,1.821805866249182,-1.3105754498798916,2.9328825852345197,0.01774921128311886,14.098629219167925,0.3348622311117566,False,False,0,0.05,NORMAL_FLIGHT
21220.0,-0.5697085241260151,-0.06657208087650225,10.124073538346442,2.9876885294736413,0.18776538330281453,-6.226138999593189,51.00995612862343,37.775961,-122.4194,5.007616901143899,0.05662707080586883,-0.09448805011240155,3,15.579545695259883,0,10.140308903295832,6.908425683943521,5.007937065675853,21.021636317264658,-5.426130447361288,-2.7763994473329667,0.03333494870663652,14.098629219167925,-0.9368931921925139,False,False,1,0.9,RAPID_VOLTAGE_COLLAPSE
21240.0,0.22975314007442071,-0.018677371779989658,9.709426775439592,-3.5565161347473966,2.0032081916991835,-17.890123905014413,51.03317950210961,37.775962,-122.4194,5.112972826431192,-0.05144258182617432,0.008208689962743152,3,15.586386744278213,0,9.712162666327924,18.349882381442598,5.113231606630851,21.407311848395416,-1.1611686743091099,0.34205245091651904,0.036040130429062296,18.349882381442598,-1.7116976986354615,False,False,0,0.05,NORMAL_FLIGHT
21260.0,-0.34794275575561995,-0.10586642248967418,9.40768058600953,0.5856210807492567,-3.940381269518356,10.07117823412373,51.090686342293594,37.775963000000004,-122.4194,4.902240040329814,-0.10421748070984445,-0.07802171481376416,3,15.581406777436548,0,9.414707954529137,10.830428782964994,4.903347702977871,14.872735589939357,-2.8753420091991444,-0.2489983420832509,0.06756673628311334,18.349882381442598,-2.3633079669801305,False,False,0,0.05,NORMAL_FLIGHT
21280.0,-0.07248818828062643,-0.3028940618361534,10.033095532662053,1.1811182313211652,2.2817798656634816,12.710300994311405,51.09399105460854,37.775964,-122.4194,5.041585938392335,-0.13212337376636915,0.10468009034913464,3,15.596755161791078,0,10.037928337942,12.967394148312913,5.0433169006211305,31.1610191706432,-0.16523561574715018,0.7674192177264949,0.08372009693157184,18.349882381442598,-2.187690439299317,False,False,0,0.05,NORMAL_FLIGHT
21300.0,-0.2239339789252288,0.06431864226784771,9.748537000840585,-4.6957778488534085,-1.8353732300909151,-3.2707343086378646,51.17789383463117,37.775965,-122.4194,5.130097927997687,0.09865140038042008,0.014731885903139534,3,15.621703478577075,0,9.751320780869554,6.009711092658075,5.131046369858995,14.330377853622345,-4.195139001131665,1.247415839299837,0.08257955729335419,18.349882381442598,-2.7646031495496715,False,False,0,0.05,NORMAL_FLIGHT
21320.0,-0.25893629514418115,0.35098661432944833,9.819418759659833,-1.9219368829646057,-4.482927703235958,-2.97949364813223,51.297816298910575,37.775966000000004,-122.4194,5.132910482878836,0.012037312895556077,-0.09353972599822935,3,15.629234212343585,0,9.829100894076776,5.7155808605775515,5.132924597356676,3.8890056603611,-5.99612321397025,0.3765366883254906,0.050752318700658744,18.349882381442598,-2.878601702871464,False,False,0,0.05,NORMAL_FLIGHT
21340.0,0.23216535747570388,0.003680326156687626,10.292273491919854,-1.02883496838586,2.8672374667769946,4.532219022828973,51.32437055545937,37.775967,-122.4194,5.154954678014872,0.02149845363327516,0.08405676977916716,3,15.58461637526463,0,10.294892322432933,5.460820575147667,5.15499950687641,23.289571417807853,-1.3277128274395977,-2.230891853947714,0.10792112874756701,12.967394148312913,-2.9119105334975615,False,False,1,0.9,RAPID_VOLTAGE_COLLAPSE
21360.0,-0.09354024026237828,0.04505282344950991,9.803831832794849,8.02809916282559,7.458369294009039,14.744820073782556,51.27473760468679,37.775968,-122.4194,4.926333457992165,-0.08229486258623574,0.017966603887158733,3,15.599311052582827,0,9.804381578619363,18.37082926005788,4.9270207817443925,24.52553719067847,2.481647538628806,0.7347338659098313,0.050441803767254656,18.37082926005788,-1.8405126239319713,False,False,0,0.05,NORMAL_FLIGHT
21380.0,0.06930077634614316,0.1385445510233719,9.896755101935618,-10.403702626954892,3.624146867429159,4.086107475639173,51.247297353547935,37.775969,-122.4194,4.903928065501729,-0.14635031033044063,0.09528187772234549,3,15.592533555975944,0,9.897967404366875,11.750223111468099,4.906111381221318,4.679291287375609,1.3720125569427921,-0.3388748303441602,0.04775321149662732,18.37082926005788,-1.5330629893939829,False,False,0,0.05,NORMAL_FLIGHT
21400.0,-0.009384115775836815,-0.25386609930933984,9.456322952610503,6.029092103580216,4.614887825702154,-6.975419424751146,51.26139406870819,37.77597,-122.4194,4.6811647349464796,0.09626135747116325,-0.11476626279477486,3,15.570412837222376,0,9.459734660236283,10.31036456137526,4.682154367879035,21.911637206529644,-0.7048357580128339,-1.1060359376783957,0.08869864772449887,18.37082926005788,-0.8350023407702167,False,False,0,0.05,NORMAL_FLIGHT
21420.0,0.0954081654446243,0.34050293162592116,9.744099164294713,-4.683976174796914,-2.6031530328114947,-16.188225719864406,51.284218970470725,37.775971000000006,-122.4194,5.104643802235388,0.004203903699723074,0.03688244122486615,3,15.63764570879057,0,9.750513498687559,17.052116891329952,5.104645533286956,14.538941922563797,-1.1412450881266523,3.361643578409712,0.09103856526156488,18.37082926005788,0.13597328439850287,False,False,0,0.05,NORMAL_FLIGHT
21440.0,0.015364378212051073,0.04046575928456041,9.992857813562582,-6.860395936348071,-7.988098645842282,-11.151262626634876,51.31914022718994,37.775972,-122.4194,5.216475742264689,0.09072346600576203,0.07733416946447087,3,15.615599363331967,0,9.992951557166233,15.337060035983175,5.217264601006933,12.121902923933714,-1.746062835960771,-1.1023172729301756,0.04082307989238121,18.37082926005788,0.052303282694268205,False,False,0,0.05,NORMAL_FLIGHT
21460.0,-0.25659844483771393,0.3263713798178218,9.343387879847628,5.89971065019232,7.450687610499206,0.7321945031246504,51.34215011125144,37.775973,-122.4194,5.323196335983586,-0.03859331265155641,-0.04233774902357365,3,15.591276063867657,0,9.352607022255391,9.53181202162763,5.323336235408251,32.01722674554208,-1.1504942030750698,-1.2161649732155055,0.07638631752221255,17.052116891329952,-0.674125065646507,False,False,0,0.05,NORMAL_FLIGHT
21480.0,0.19925336388942802,-0.14660659910479787,9.870253527934713,3.6594903461719053,10.2725744470238,-6.553275232007944,51.34249935706424,37.775974000000005,-122.4194,5.061034526916101,-0.023681784303685838,-0.1259002726968151,3,15.61828084353081,0,9.873353032462173,12.722541869839551,5.06108993296352,26.0373005103391,-0.01746229063996907,1.35023898315767,0.07395728728072895,17.052116891329952,-0.9520200351630592,False,False,0,0.05,NORMAL_FLIGHT
21500.0,-0.0987513166322625,0.36361238451156497,9.840237321793442,6.272593511905949,7.71403386884841,1.949677059907586,51.310689435004136,37.775975,-122.4194,4.846704045418286,0.07132981766206321,-0.004160749537039393,3,15.61003503070258,0,9.84744821453372,10.131781113569067,4.847228903895677,1.2952408964226336,1.5904961030052789,-0.41229064141150573,0.06019115459551898,17.052116891329952,-0.49295366295943666,False,False,0,0.05,NORMAL_FLIGHT
21520.0,-0.31131637973195025,0.15503109880695665,9.822386236676232,4.003509737727883,-1.6789296948987484,-5.52924016236234,51.33074634806734,37.775976,-122.4194,4.660580771342109,0.07323480796505247,0.12281152937809287,3,15.586579698057253,0,9.828541291175073,7.0298927384118395,4.661156129470615,0.9453461679323816,-1.002845653160378,-1.172766632266331,0.060907057666705545,15.337060035983175,-0.4652737759661818,False,False,0,0.05,NORMAL_FLIGHT
21540.0,-0.08562303219318251,0.1106080171704717,10.121147669597473,10.29922500868701,-5.773171693644221,-10.581464312944115,51.42349571594138,37.775977000000005,-122.4194,5.20833334661667,0.07975656226859541,0.11259303306340565,3,15.590611318129572,0,10.122114185628549,15.85468177510885,5.208943977305199,14.678644722673795,-4.637468393701738,0.2015810036159138,0.07806220451972545,15.85468177510885,-1.0435548875143752,False,False,0,0.05,NORMAL_FLIGHT
21560.0,0.3001519581268622,0.04680489087062959,9.910331554454556,2.7936191847224268,-5.328413489097833,-11.77031631453071,51.47449214621277,37.775978,-122.4194,4.640744686644493,-0.02952012531026962,-0.042842843475557675,3,15.613484143657939,0,9.914986304327126,13.218798909286605,4.640838575561256,10.35639406507114,-2.5498215135694835,1.1436412764183501,0.014160729863415121,15.85468177510885,-1.323420349613258,False,False,0,0.05,NORMAL_FLIGHT
21580.0,0.17004434842269858,-0.049705723614889875,10.253421569506934,-0.7823868806157924,-8.418662838070244,15.623545093732297,51.50122734369457,37.775979,-122.4194,4.931879184451247,0.06145472376508679,-0.12830854363764427,3,15.563468123975206,0,10.25495195607569,17.764604541276768,4.932262054381999,16.998282587428193,-1.3367598740902764,-2.500800984136653,0.034901393850306876,17.764604541276768,-1.5872798663033194,False,False,1,0.9,RAPID_VOLTAGE_COLLAPSE
21600.0,-0.06973042688157184,0.24010633169477452,9.51192314532179,1.7146318866067127,-0.5368930920502268,8.889877491836431,51.55270568988571,37.775980000000004,-122.4194,4.955138634411271,0.11090994654767189,-0.04311797203495726,3,15.61501458433162,0,9.5152086317359,9.069627253571106,4.956379717341923,36.98716621698947,-2.573917309556961,2.5773230178207207,0.08125811984294738,17.764604541276768,-2.4201625488157674,False,False,0,0.05,NORMAL_FLIGHT
21620.0,-0.06985154086368577,0.028071973969609393,9.850777370165504,6.217345641729818,8.028389790412273,17.305179518279587,51.53415248844067,37.775981,-122.4194,4.986108972429796,-0.010477201168153432,-0.046847765073191244,3,15.576188093958883,0,9.851065022120624,20.064388044877326,4.9861199801738865,16.79281951923617,0.9276600722522232,-1.9413245186368222,0.08024894756646139,20.064388044877326,-2.034061403733247,False,False,1,0.9,RAPID_VOLTAGE_COLLAPSE
21640.0,-0.06432701024347652,-0.39341394071743047,9.835340035916985,-3.896876626300585,-0.7083131593612163,5.399509007551028,51.5087392311365,37.775982,-122.4194,5.007160520007168,-0.051348836377405366,0.04464467833047774,3,15.610333454816931,0,9.843415368412998,6.696420871999966,5.007423806321547,0.38248268538128016,1.270662865208294,1.707268042902399,0.06924460297650976,20.064388044877326,-0.8524351519512408,False,False,0,0.05,NORMAL_FLIGHT
21660.0,0.4153495967121682,-0.2234372923414005,9.489223651873477,-3.2594429126569042,1.5116145017413745,-4.29991408614839,51.47134997591821,37.775983000000004,-122.4194,5.027629511273515,0.1342747603316766,-0.010500150290412152,3,15.578884962798117,0,9.500937060436346,5.603410358969035,5.029422254483162,17.1239153988326,1.8694627609146863,-1.572424600940714,0.09544540100268015,20.064388044877326,0.03142170294559321,False,False,1,0.9,RAPID_VOLTAGE_COLLAPSE
21680.0,0.07638709044631067,-0.03716915043854946,10.096888500627404,-1.544800072989537,6.877984821521043,13.233409224899379,51.465085644779734,37.775984,-122.4194,4.516927347584294,-0.06544457335513071,-0.0753264211737142,3,15.584891193984227,0,10.097245858521672,14.993872154458112,4.517401427318201,29.815439904266317,0.3132165569237344,0.30031155930547726,0.06400243954280255,20.064388044877326,0.3614169891483954,False,False,0,0.05,NORMAL_FLIGHT
21700.0,0.08600832943821393,0.06199979663311102,10.507401991755845,-10.522913993826661,-2.0204765591619984,-0.3306800136176786,51.44398534994428,37.775985000000006,-122.4194,5.002931181974025,0.0629476497114477,0.11042630672606679,3,15.576602477190711,0,10.507936906161456,10.720232913467983,5.0033271748080015,20.53455238198918,1.0550147417728084,-0.41443583967577524,0.13881719874291024,20.064388044877326,1.0872033994143493,False,False,0,0.05,NORMAL_FLIGHT
21720.0,0.20605669080636846,-0.011317697779979168,9.80489817765485,0.6903920420877342,10.177657283597974,2.2084177029035232,51.50439908697689,37.775986,-122.4194,4.554084885177625,-0.005842231051986136,0.014042586744483422,3,15.56580134665333,0,9.807069680811313,10.437358751362847,4.554088632544054,35.04336126750713,-3.020686851630572,-0.5400565268690372,0.1416032731897099,14.993872154458112,0.2975340146377903,False,False,0,0.05,NORMAL_FLIGHT
21740.0,0.04775783180530271,0.24379415795873266,9.96150632648213,-9.430643519755131,9.960472037487268,-0.42824379075519,51.48063291609278,37.775987,-122.4194,5.146443614618199,-0.18415656164845606,0.04354156527309408,3,15.570186695934062,0,9.964603589430792,13.723390002130872,5.149737422203448,7.876695430973957,1.1883085442054409,0.2192674640365766,0.1380021459302897,14.993872154458112,0.28106315043721963,False,False,0,0.05,NORMAL_FLIGHT
21760.0,-0.05180842916414063,-0.390220372807725,9.8353555427446,0.26529656466309515,-0.6555566934024133,-29.469042192840146,51.44049683028153,37.775988000000005,-122.4194,4.888974968839277,0.11285940674785802,-0.17249854341312673,3,15.602319596747714,0,9.843229891904565,29.477526772252784,4.890277445261004,6.068684876311359,2.006804290562414,1.6066450406825972,0.08020524383450783,29.477526772252784,0.30853145636676516,False,False,0,0.05,NORMAL_FLIGHT
21780.0,-0.039269969816995653,0.02871758730103204,9.595924599027848,4.326448780676249,-2.887671320096064,16.047350122948533,51.53762568922306,37.775989,-122.4194,4.56859265495533,-0.2757853629547368,-0.24242648706972858,3,15.527603663818287,0,9.596047923003384,16.86932869657879,4.576909045778806,12.359098445059047,-4.856442947076545,-3.7357966464713677,0.11710606740006423,29.477526772252784,-0.7254004444332907,False,False,1,0.9,RAPID_VOLTAGE_COLLAPSE
21800.0,-0.01432025188281279,-0.363595845077431,9.263771916659396,-2.384382303219178,3.4861902319515647,4.9100394595775345,51.515056927668994,37.77599,-122.4194,4.8371590645229245,-0.1984128066757609,-0.14375457814444081,3,15.548257199363034,0,9.270915657693086,6.476672663943095,4.841226648004537,16.256613265514908,1.1284380777034642,1.0326767772373735,0.07421185553630144,29.477526772252784,-0.7107157772471595,False,False,0,0.05,NORMAL_FLIGHT
21820.0,-0.007444447301968318,0.15194245909683368,9.59826795507139,8.385579350934355,-1.73762471259429,3.2982306086851003,51.52273335053151,37.775991000000005,-122.4194,4.885984932163069,0.05273300794806717,-0.048054342560677574,3,15.557676658859362,0,9.599473405766712,9.17690611484624,4.886269489851312,16.427887403681307,-0.3838211431258287,0.4709729748164193,0.07134102510144294,29.477526772252784,-0.18334263554621089,False,False,0,0.05,NORMAL_FLIGHT
21840.0,0.145525908727396,-0.01889174288840055,9.39241248571448,-7.302504497092439,-5.782776085336682,-0.6177606227056069,51.54529949176868,37.775992,-122.4194,5.238139923511001,0.05270711986781154,0.05763560176138088,3,15.549768771985198,0,9.393558803236692,9.335346772892946,5.238405091128844,10.295730126501024,-1.1283070618585356,-0.395394343708233,0.048119037347628305,29.477526772252784,-0.6466657567590062,False,False,0,0.05,NORMAL_FLIGHT
21860.0,0.010389177161459887,0.08392199440482363,10.321230623417735,5.956303408159163,6.406193267614901,1.63427820386131,51.48846483582264,37.775993,-122.4194,5.039327548350049,-0.06375798578775357,-0.23422468704072982,3,15.600684834829622,0,10.32157703153559,8.898748660328545,5.0397308678451695,46.400911414944886,2.8417327973020434,2.5458031422211924,0.16625251071095928,16.86932869657879,-0.4796800554110803,False,False,0,0.05,NORMAL_FLIGHT
21880.0,0.14652801544311586,-0.17277659211795324,9.775467091823028,3.375685282034604,6.0822369363854,-5.972789358462477,51.550239024297795,37.775994000000004,-122.4194,5.068888988870116,0.014782209030324492,0.15928520643719873,3,15.594788356965768,0,9.778091791009562,9.168591494566574,5.06891054322253,27.1742620263014,-3.088709423757763,-0.2948238931926639,0.16921535712487554,9.335346772892946,-0.1261333507473239,False,False,0,0.05,NORMAL_FLIGHT
21900.0,-0.016143316021716463,0.2558929863315502,9.706224201285849,-8.580166241553446,0.7775580188178042,6.165793523072711,51.58209497631836,37.775995,-122.4194,5.23624432684412,-0.2531430045778005,0.01705660267701262,3,15.580625028383992,0,9.709610191595385,10.594378649759818,5.2423597769681844,3.42407997070886,-1.5927976010281952,-0.7081664290888412,0.11957051945798565,10.594378649759818,-0.6703804864936558,False,False,0,0.05,NORMAL_FLIGHT
21920.0,0.01572703806321812,0.20834493281177027,10.076746147436342,13.553971495202664,-6.3143237686408895,-13.070983443991324,51.6600141769124,37.775996,-122.4194,4.980771142415102,0.07069754644705993,0.13602949929499103,3,15.555177885633942,0,10.078912038043974,19.860297987217738,4.981272861045525,18.465092322429477,-3.895960029701939,-1.272357137502489,0.12695066552398734,19.860297987217738,-1.3728082638088779,False,False,0,0.05,NORMAL_FLIGHT
21940.0,-0.39964013690642153,0.11670886060237753,9.473474669143235,-0.3187264275198309,-6.147631256086931,1.8606843247054687,51.62605308005149,37.775997000000004,-122.4194,5.15083759220648,0.0249725487053597,-0.08859700824741287,3,15.593784579106769,0,9.482618599525566,6.430948822111802,5.1508981284312245,29.814671925920422,1.6980548430453268,1.9303346736413651,0.10792895142059261,19.860297987217738,-0.8075358828281054,False,False,0,0.05,NORMAL_FLIGHT
21960.0,0.1832655349404963,-0.025903449372688153,9.579940788598634,-4.387420110778159,0.5361464420957638,5.615734705711045,51.6310093696753,37.775998,-122.4194,5.136772222786399,-0.0045642853333795405,0.05038599341724908,3,15.534470518038368,0,9.581728589249554,7.146564525753622,5.136774250586697,4.955499486199422,-0.24781448119028937,-2.9657030534200324,0.0518944120945612,19.860297987217738,-1.425445338526572,False,False,1,0.9,RAPID_VOLTAGE_COLLAPSE
21980.0,0.06929769517959854,0.11597145705902644,9.830421680774586,-7.035435973920085,-2.4993551725251613,-1.9866913382290299,51.63297715742501,37.775999000000006,-122.4194,4.742706101286117,0.002084148213777202,0.00851959299707875,3,15.608222344148633,0,9.831349956707504,7.726000135578007,4.742706559218095,12.481068372897486,-0.0983893874856534,3.687591305513216,0.05384373593072961,19.860297987217738,-0.8273813312721501,False,False,0,0.05,NORMAL_FLIGHT
22000.0,0.19960202197193044,-0.14137851359746978,10.118630697427045,-1.1000901382983703,-1.7054646607080408,3.7086779247102477,51.646171582142514,37.776,-122.4194,5.294596715525966,0.04932541761930319,0.08176863130545542,3,15.550839670189516,0,10.12158663659978,4.227658923155749,5.294826472782812,14.511833994613799,-0.6597212358752103,-2.869133697955828,0.0821788361366854,19.860297987217738,-0.6407660582415531,False,False,1,0.9,RAPID_VOLTAGE_COLLAPSE
22020.0,-0.5792510756387379,0.17111113180414242,9.960505513550636,-0.6370343619497987,5.109815775300017,-9.913343922342502,51.57344084471365,37.776001,-122.4194,4.715939643985861,-0.0028901523497860946,-0.02337913675997171,3,15.558441136483632,0,9.978801577019585,11.170963152676439,4.715940529597261,7.139252979009747,3.636536871443141,0.38007331470577554,0.07118527145122006,11.170963152676439,0.865733321987463,False,False,0,0.05,NORMAL_FLIGHT
22040.0,0.41767494095614555,0.32989617886478423,9.884497542754765,0.5132276426983221,3.6658965871127887,-9.658267708959642,51.57898266364826,37.776002000000005,-122.4194,5.18347332989557,-0.18740555027312203,0.04732152090075886,3,15.55424453869796,0,9.898816874650086,10.34332323475233,5.186859994448649,3.999235118474953,-0.27709094673049606,-0.20982988928359703,0.039945603256455,11.170963152676439,0.4707041640322984,False,False,0,0.05,NORMAL_FLIGHT
22060.0,-0.027917925631034752,0.21412211199583725,9.833435320570805,-1.4889807811198008,6.890713402488064,2.3671712102639315,51.50765946807708,37.776003,-122.4194,4.696585392618873,0.21963322345225228,0.11021953187712002,3,15.540518842213276,0,9.835805909698836,7.4365646975250055,4.7017181011843965,3.15054824756249,3.566159778559097,-0.6862848242342068,0.014652560517773063,11.170963152676439,1.2334990159821757,False,False,0,0.05,NORMAL_FLIGHT
22080.0,0.2216365633475033,-0.1459204939614819,9.930070756658033,3.1661265505754677,-4.953116116886288,6.785496546210517,51.52557617163692,37.776004,-122.4194,5.120247357630334,0.12008008194284513,-0.06511762938917753,3,15.599632827761381,0,9.933615695657119,8.977788145208844,5.121655223597135,4.890489297914158,-0.8958351779920548,2.955699277405266,0.01153264049101018,11.170963152676439,1.0740098578808954,False,False,0,0.05,NORMAL_FLIGHT
22100.0,-0.20798118542510619,0.07228346345462058,9.870495871538777,-1.9381491633162318,-1.7159578434335598,-18.74865655501711,51.419143715410996,37.776005000000005,-122.4194,5.3723829756300345,-0.12849446619548283,0.024224423248964976,3,15.576058032685726,0,9.872951424100286,18.926517273859197,5.373919395067467,3.0332135778416536,5.321622811296223,-1.1787397537827538,0.003028419536189519,18.926517273859197,2.270278667315182,False,False,0,0.05,NORMAL_FLIGHT
22120.0,0.12255478101251394,-0.25862830875172954,9.501008317566919,-9.674820586202355,3.794908477300564,5.220206351107666,51.32656437369647,37.776006,-122.4194,4.957404268689958,-0.034513723047659046,-0.18878622372223486,3,15.583739125699026,0,9.505317844602178,11.629876958697258,4.957524410459723,18.38167897490539,4.628967085726288,0.384054650665,0.030156720215180267,18.926517273859197,2.4687647101718113,False,False,0,0.05,NORMAL_FLIGHT
22140.0,-0.21068311263473125,0.11447806223513515,9.823823766489946,-0.746807478248206,2.2403917050644586,-5.432015003763371,51.36749180951847,37.776007,-122.4194,4.9487288714293705,-0.023603419015604088,0.07025030190633579,3,15.534105904203606,0,9.826749513228435,5.923163293612582,4.948785160451789,16.071583431312852,-2.0463717910999435,-2.481661074770969,0.027969894495162642,18.926517273859197,2.114908541297922,False,False,1,0.9,RAPID_VOLTAGE_COLLAPSE
22160.0,-0.12475379213916103,0.09012068257250777,9.487893402324675,-11.837388266866391,7.661901912938109,-1.9280608730741247,51.34014988675873,37.776008000000004,-122.4194,5.1220879998633695,0.10788495665089635,0.19546625434624898,3,15.561347620972297,0,9.489141502789202,14.231862865918506,5.123224047630154,16.880400521961647,1.367096137986934,1.3620858384345347,0.04491275867576205,18.926517273859197,1.6750958131834892,False,False,0,0.05,NORMAL_FLIGHT
22180.0,0.38280627077335727,-0.37396326790643286,9.834324762870247,1.7688531544569475,2.1026835295203465,-13.395179235650371,51.29075698307712,37.776009,-122.4194,4.934120708807491,-0.2159268935319768,-0.12444360477486954,3,15.567299013006238,0,9.84887469248592,13.674097639791347,4.938843143129098,17.986659484835865,2.4696451840807043,0.29756960169704527,0.03753333847202958,18.926517273859197,2.348191885598041,False,False,0,0.05,NORMAL_FLIGHT
22200.0,-0.03813648015266932,-0.23235676878247277,9.665805617553527,-4.896501151413177,9.240545520527762,-8.516172401867081,51.354299264130894,37.77601,-122.4194,5.363655740748564,-0.04990082644297892,-0.009138126042794318,3,15.561443144478,0,9.668673243803763,13.486608076942801,5.363887862152295,9.01007243410783,-3.1771140526888786,-0.2927934264119081,0.029093263046910157,14.231862865918506,0.6484445128010208,False,False,0,0.05,NORMAL_FLIGHT
22220.0,0.043486574635944575,-0.05662777934875343,10.571814486834858,0.8168017745790024,2.700089008615704,9.661253255303112,51.370680574997316,37.776011000000004,-122.4194,5.038438449891739,-0.17606364433375038,0.08804813009141137,3,15.531970119773037,0,10.572055586858164,10.064663941558493,5.041513703264482,45.16911715272007,-0.8190655433210736,-1.4736512352481412,0.1700421647861613,14.231862865918506,-0.4411620130084515,False,False,0,0.05,NORMAL_FLIGHT
22240.0,0.17401354613775086,-0.060171949428165256,9.798031684874488,6.570374907623021,5.310837237943301,0.32863373980213173,51.414285084774,37.776012,-122.4194,4.935966098355855,-0.028509551582833838,0.003141747346655047,3,15.575837164004403,0,9.799761541769362,8.454751251786405,4.936048431554311,38.614702254440125,-2.180225488834253,2.193352211568289,0.17092122486206113,14.231862865918506,-0.4679327525553134,False,False,0,0.05,NORMAL_FLIGHT
22260.0,0.09913637759452093,-0.24189538708376107,9.388728130121525,-4.743743476340001,-1.6175747339222857,-3.8277840170955852,51.405972981157966,37.776013,-122.4194,4.891942894420863,-0.047250089308490444,0.01650995514932258,3,15.555907740024887,0,9.392366970098122,6.306471332740242,4.89217107767241,20.369728583562008,0.415605180801748,-0.9964711989757902,0.19149885941892045,13.674097639791347,-0.6582309439923506,False,False,0,0.05,NORMAL_FLIGHT
22280.0,0.030083781028715284,0.07779574587043675,9.769745936796923,5.306281292560589,0.07143605941994532,-1.1648835263103476,51.53995441585296,37.776014,-122.4194,4.813410305965396,0.007969406738271224,-0.03909994415236387,3,15.533527032443718,0,9.770101989309861,5.433109413239637,4.8134169033045175,18.886750960586962,-6.699071734749751,-1.1190353790584417,0.19303417074699203,13.486608076942801,-2.4919743277584416,False,False,0,0.05,NORMAL_FLIGHT
22300.0,0.07299220049324509,0.05029472178810242,9.965807623691367,-2.166947833430766,4.554722019197376,4.892118246643012,51.509728722824974,37.776015,-122.4194,4.874449002648502,-0.060487439900918344,-0.04281522530879146,3,15.514670877152918,0,9.966201834841474,7.026661833624073,4.874824285018563,9.804992276580649,1.511284651399336,-0.9428077645400101,0.18516347047164564,10.064663941558493,-1.5542945869407987,False,False,0,0.05,NORMAL_FLIGHT
22320.0,0.48068311704765504,-0.03885382639570387,10.312009183845758,8.765974010327927,8.064890852965272,4.404944961633378,51.59695350029297,37.776016000000006,-122.4194,4.929865321268281,-0.07510233913905243,-0.008669415358537777,3,15.563058793001163,0,10.32327948311773,12.699933264982413,4.9304373484699875,17.853882413812805,-4.361238873399742,2.41939579241226,0.1139578335875471,12.699933264982413,-2.2627292529565324,False,False,0,0.05,NORMAL_FLIGHT
22340.0,-0.011523759406717078,-0.1511583000316726,9.633164280018384,-1.8257630659910666,3.646184746553765,-0.7502700039680087,51.59388519828797,37.776017,-122.4194,4.902472185300284,0.06196566917631479,0.004167142213935586,3,15.599084152201389,0,9.634357045206569,4.146200556894541,4.90286378270898,34.446121895558065,0.15341510024988736,1.8012679600112769,0.12361271078830145,12.699933264982413,-1.7960011351397043,False,False,0,0.05,NORMAL_FLIGHT
22360.0,0.040219809342993504,0.20974142528331272,9.335271607792908,-4.202464927533457,-0.41585885967309744,10.929591108966683,51.511159678542334,37.776018,-122.4194,4.868364945172579,0.04546727409425805,-0.11814412615773098,3,15.528919526839227,0,9.337714125513152,11.717064985205168,4.868577257515667,14.832145984670841,4.136275987281834,-3.5082312681081085,0.13582094385672883,12.699933264982413,-1.051866973843687,False,False,1,0.9,RAPID_VOLTAGE_COLLAPSE
22380.0,0.2101308792015224,0.33108142261765905,10.055051103429294,3.436192251976442,6.886675147641709,9.704626369066661,51.53530211582974,37.776019000000005,-122.4194,5.419768246070488,0.05513983427782422,-0.006602198594602875,3,15.551783128101807,0,10.062694598733046,12.386019729714338,5.420048730633162,36.249023660994695,-1.2071218643701087,1.1431800631290123,0.14764287576087595,12.699933264982413,0.04652300023224143,False,False,0,0.05,NORMAL_FLIGHT
22400.0,0.22110518659159678,-0.09671229676930743,9.395820388230105,-2.1789486481181797,-10.959893281399404,4.133720291303957,51.5510402439025,37.77602,-122.4194,4.793980984702102,-0.017690009049084267,0.15685339387093267,3,15.569733707462772,0,9.398919168700441,11.914475288385045,4.794013623062152,33.18877150163022,-0.786906403638099,0.8975289680482668,0.18325706565205224,12.699933264982413,-0.4131152107752456,False,False,0,0.05,NORMAL_FLIGHT
22420.0,0.23740606111207604,-0.12243338343096416,9.679153367547755,-4.207247570645042,-7.111172507534368,0.5461178291007045,51.498474153190536,37.776021,-122.4194,5.029326517529235,-0.05717385822251894,-0.041913379358890474,3,15.521280291346308,0,9.682838503442168,8.280576745364595,5.029651485936853,14.19596673708634,2.628304535598147,-2.4226708058232127,0.08216018852187554,12.386019729714338,0.9847934710243322,False,False,1,0.9,RAPID_VOLTAGE_COLLAPSE
22440.0,0.12774604440583692,0.09824153308239926,9.732713854346702,-2.3891992535189557,3.408171118341945,6.5732109511953905,51.4523631893338,37.776022000000005,-122.4194,5.118504201952175,-0.011885248202077078,-0.12372549828746278,3,15.536223776074028,0,9.734047946320993,7.780167456670244,5.118518000801296,2.5604721439412614,2.3055481928366817,0.7471742363859946,0.08469875338365125,12.386019729714338,1.415220089541691,False,False,0,0.05,NORMAL_FLIGHT
22460.0,-0.22860098254609673,-0.07160587594939725,9.789109964009969,-0.22303266091500706,0.07054178126562427,3.142674218011834,51.45112830717955,37.776023,-122.4194,5.126021599116746,0.050116207006845215,-0.015141606798642663,3,15.527769310657893,0,9.792040629928513,3.151368107869223,5.126266581910871,2.899634180375976,0.061744107712513596,-0.4227232708067241,0.056576364997150824,12.386019729714338,0.6003137136278269,False,False,0,0.05,NORMAL_FLIGHT
22480.0,0.32668630646021923,-0.027879440132646833,10.0167493371223,6.71090065622427,3.0275682556208263,10.608000718059476,51.46861569794195,37.776024,-122.4194,4.988278584843505,-0.21767797009718484,-0.07146128121242966,3,15.563815594927007,0,10.022113973047341,12.91247599782879,4.993025829962624,11.503667155941422,-0.874369538119879,1.8023142134556913,0.05023860098678484,12.91247599782879,0.6668641788778729,False,False,0,0.05,NORMAL_FLIGHT
22500.0,-0.2292690786037376,0.14793063034493428,9.604909715314085,-9.670438727297885,0.3220376121597102,8.995613767383077,51.34508253379798,37.776025000000004,-122.4194,4.951859485630538,0.039411193037085804,-0.13383418253219395,3,15.56978208720499,0,9.608784440351076,13.211440513963653,4.952016317376766,20.666476634813247,6.176658207198571,0.2983246138991369,0.024726668493422907,13.211440513963653,2.059577101045207,False,False,0,0.05,NORMAL_FLIGHT
22520.0,0.06052709304780665,-0.3818712175014586,9.727881224349971,0.11540329475210337,2.8547284730193634,-10.182539014177285,51.39773860642417,37.776026,-122.4194,5.090309498247901,0.030913818733479793,0.013916846173262085,3,15.545601935899938,0,9.735561733706461,10.575769161169774,5.090403368313899,6.338864667769251,-2.6328036313095993,-1.2090075652525734,0.023038541755786526,13.211440513963653,1.0073554676636576,False,False,0,0.05,NORMAL_FLIGHT
22540.0,-0.1508551700038716,0.26366046497053386,9.805718894115184,3.124517973270215,-4.0720141049659535,-10.859631707417064,51.37301370773342,37.776027,-122.4194,5.05330432999564,0.006215090608572699,-0.0710282037151078,3,15.524736104012815,0,9.810422883521019,12.011474191666414,5.053308151983606,3.7430574907278746,1.236244934537467,-1.043291594356166,0.0225072844338605,13.211440513963653,0.7934948160038147,False,False,0,0.05,NORMAL_FLIGHT
22560.0,-0.012827669318598509,0.014536104865868269,9.854879387255638,0.9672428749589805,2.852430430398454,-7.012495444040763,51.306426333513514,37.776028000000004,-122.4194,4.948208233046497,-0.014931342187167516,-0.0624714166853275,3,15.531864541421534,0,9.854898456341438,7.631972909550615,4.9482307608445915,2.223778641020946,3.3293687109953396,0.3564218704359412,0.023242690466017988,13.211440513963653,1.4470197366603799,False,False,0,0.05,NORMAL_FLIGHT
22580.0,0.06575248206069609,-0.08229862891243606,9.839348152412377,6.549325847167671,4.972072641037922,9.761386900669212,51.35347966108611,37.776029,-122.4194,4.687624285655113,-0.2566119385932414,0.015342738038538901,3,15.52725996468255,0,9.839912017777337,12.763222540749371,4.694642811811373,0.749321928205049,-2.3526663786299196,-0.23022883694920893,0.010226465782540085,13.211440513963653,1.1513603685583718,False,False,0,0.05,NORMAL_FLIGHT
22600.0,0.06427144309005461,-0.017846830844289785,9.940801732566774,-0.3717266487926213,6.102753019656163,-15.763089967712457,51.35229876211519,37.776030000000006,-122.4194,4.906415255533351,-0.043985326310040596,-0.15331745953623346,3,15.519474132522419,0,9.941025521241288,16.90729962029839,4.906612412720308,5.05567517319756,0.059044948546116416,-0.38929160800655893,0.005536046736049855,16.90729962029839,-0.07216228317211915,False,False,0,0.05,NORMAL_FLIGHT
22620.0,0.08438415084705696,-0.007514128995896254,10.063151852892522,-0.9227572109297257,10.067771473243498,3.9475738910799327,51.4131070509543,37.776031,-122.4194,4.770689967258509,0.17894387110773735,-0.1741569650251125,3,15.536128320525902,0,10.063508451898024,10.853333263717387,4.774044791652883,6.124146532836772,-3.040414441955619,0.8327094001741919,0.010516950432340848,16.90729962029839,-0.15368444530132308,False,False,0,0.05,NORMAL_FLIGHT
22640.0,0.32274225381172944,-0.3462402606889851,9.92779023469529,2.9616477350667165,1.2204922175119328,3.6254309109296132,51.43500466410329,37.776032,-122.4194,4.8665680899867345,0.001290129556830568,0.06708721945019316,3,15.548815189018903,0,9.939067553077031,4.837841238564669,4.866568260993716,6.2220449410496315,-1.0948806574493375,0.6343434246500301,0.007939379854712013,16.90729962029839,-0.619909563698684,False,False,0,0.05,NORMAL_FLIGHT
22660.0,0.09070686030279597,0.2989876454906472,9.946075657052766,0.4965690747567481,1.3695554342358944,11.626480586861927,51.434928938955885,37.776033000000005,-122.4194,5.006644647703392,-0.03072898386747181,-0.1930833600724083,3,15.54627338300563,0,9.950981977798959,11.717393642364632,5.006738948539913,0.5957212360963915,0.0037862573702085456,-0.1270903006636459,0.006289119664485698,16.90729962029839,-1.2850260544237102,False,False,0,0.05,NORMAL_FLIGHT
22680.0,-0.04883132705812974,0.008265126454123693,9.335333049976057,-1.9520436914023551,-7.615862320869239,1.8033869066388744,51.427292441706875,37.776034,-122.4194,5.071747228799323,0.0016906195590112591,-0.09766776953073547,3,15.535453161613063,0,9.335464421483959,8.066228226291148,5.071747510575433,30.775877815749997,0.3818248624504861,-0.541011069628361,0.08416728447588501,16.90729962029839,-0.7381278062076291,False,False,0,0.05,NORMAL_FLIGHT
22700.0,0.19281743365767146,0.08860042608947505,9.825068309749705,2.5807201979318983,-2.657057005692125,-13.432093905839007,51.45142807973468,37.776035,-122.4194,5.3560905502584815,0.035477286862800855,-0.17998395353884378,3,15.535908460428354,0,9.827359558369354,13.93345669124459,5.356208044918658,24.59475684426975,-1.2067819013903858,0.02276494076456359,0.08135123576416062,13.93345669124459,-0.9912931761949295,False,False,0,0.05,NORMAL_FLIGHT
22720.0,0.23789409778492812,0.19030995411480855,9.953852264400483,-3.2626414660832257,-0.9654103700330632,-9.59354960648123,51.43075151679422,37.776036000000005,-122.4194,4.892518724219237,0.06588202446894643,-0.04861364668488324,3,15.532285942577445,0,9.958513261622274,10.179049099537208,4.892962283523547,6.55768516264601,1.0338281470232857,-0.18112589254544176,0.07094442836829223,13.93345669124459,-0.17644465839914858,False,False,0,0.05,NORMAL_FLIGHT
22740.0,-0.2455215630273985,-0.20423249151206005,10.028682358371135,-3.0558857600966354,5.251597761381776,-11.819955218978247,51.38812288735689,37.776037,-122.4194,5.15492512705503,-0.022888016315794183,0.04280587476511656,3,15.507122302483308,0,10.03376607229833,13.290186537621004,5.15497593853106,3.7626405338028412,2.1314314718662075,-1.2581820047068426,0.07921490490285357,13.93345669124459,0.4688177674639604,False,False,0,0.05,NORMAL_FLIGHT
22760.0,0.11948001396997161,0.0946943798070457,9.602294767729862,-2.6399701088280683,-3.0550056204481457,-5.379439663331404,51.41861834348963,37.776038,-122.4194,5.061192004887567,0.042491960239368375,0.011233794873237668,3,15.535418805993686,0,9.603504949010938,6.726133555609681,5.061370375404552,21.513056164369626,-1.5247728066366761,1.4148251755188745,0.08081779767825514,13.93345669124459,0.16310595466258349,False,False,0,0.05,NORMAL_FLIGHT
22780.0,0.14023454846217967,-0.05352821817975872,9.612288217533408,6.765345800832037,3.981700098744162,-1.8290156742392691,51.4113939514174,37.776039000000004,-122.4194,5.259199534127958,0.16766508027613597,0.2391873389457284,3,15.519693171132328,0,9.613460135437993,8.06034352976273,5.261871465449886,0.49775932135274203,0.3612196036112181,-0.7862817430678959,0.03841525800327675,13.93345669124459,0.15898490289472988,False,False,0,0.05,NORMAL_FLIGHT
22800.0,-0.05951270067199839,0.16935415504329876,9.63776979741492,-16.105081779928568,-0.008108584816900619,-11.65441526221057,51.41307233382085,37.77604,-122.4194,5.115245743919125,0.10062507994327152,0.10869156177890008,3,15.503568393245626,0,9.639441335437182,19.87961569023359,5.116235376465426,1.2990599999594288,-0.08391912017238212,-0.8062388943351095,0.04359508533689063,19.87961569023359,0.3835574591383306,False,False,0,0.05,NORMAL_FLIGHT
22820.0,0.2751413626623239,-0.4254454840702991,9.970924169967404,1.9779941738147118,-0.8858405755738096,14.706619906522892,51.46754132562858,37.776041,-122.4194,4.798303714542737,0.23403002158569797,-0.09311578501566013,3,15.537078943758521,0,9.983788631206274,14.865458067342335,4.8040075549480585,17.217364788454592,-2.7234495903865508,1.675527525644771,0.04610854718373174,19.87961569023359,-0.3678980883436367,False,False,0,0.05,NORMAL_FLIGHT
22840.0,-0.030011117406505347,-0.0198188600482538,10.120164316477263,0.17135907100111114,1.2444698456662822,-13.25281371952441,51.4618474952418,37.776042000000004,-122.4194,4.655390794141754,-0.06567703583517163,-0.11970550048264106,3,15.516579806475232,0,10.12022822108678,13.312217719538749,4.655854048315506,6.821979494025321,0.28469151933911974,-1.0249568641644835,0.05879940549098013,19.87961569023359,-0.7372460788490542,False,False,0,0.05,NORMAL_FLIGHT
22860.0,0.025115290694308453,-0.12056413115679232,9.68776196781252,-8.404352296190602,-1.9557818612642128,13.461034238624805,51.46259919151888,37.776043,-122.4194,5.062252339933501,0.16761895075020153,0.2706687940975501,3,15.532519060416174,0,9.688544701478286,15.9892983892591,5.0650266401878685,21.584175980424725,-0.037584813854252275,0.7969626970471211,0.052227371656070894,19.87961569023359,-0.43980848029256947,False,False,0,0.05,NORMAL_FLIGHT
22880.0,-0.034614364856773924,0.0864525901268311,10.082388694088115,1.5486338956800112,-2.1451862404633277,11.851630314393404,51.43261671594634,37.776044,-122.4194,4.894309800419922,-0.07906736399225947,0.10625720057333626,3,15.544066313079778,0,10.082818751880344,12.143361645696423,4.894948423684889,19.713702520102938,1.4991237786272649,0.5773626331802006,0.05037598121597648,19.87961569023359,-0.2122276452893601,False,False,0,0.05,NORMAL_FLIGHT
22900.0,0.003115809516293507,0.09400883747364043,9.847043942749378,2.37875995915766,-8.523929528950573,8.983025496890352,51.45415371264543,37.776045,-122.4194,4.803937250809881,0.035356614674046334,0.05893696072695719,3,15.507258357142879,0,9.847493172388052,12.609941341480914,4.804067360052314,11.766278974614597,-1.0768498349545297,-1.8403977968449503,0.03161987322430217,15.9892983892591,-0.4108137882457896,False,False,1,0.9,RAPID_VOLTAGE_COLLAPSE
22920.0,-0.21925501737904038,-0.14152517896440522,9.772714266851269,2.948196156787,-1.239771036639448,-6.937666074967504,51.47164510827944,37.776046,-122.4194,4.746484459093384,0.07324765292380994,0.007485181221561789,3,15.527255131994636,0,9.77619794605475,7.63937846751545,4.747049603603681,3.564761316665077,-0.8745697817005293,0.9998387425878441,0.03616842785746994,15.9892983892591,-0.04103782650858534,False,False,0,0.05,NORMAL_FLIGHT
22940.0,-0.2880101765188589,-0.14243477283520872,9.74658473105461,-13.259140315224744,-2.3998407307436325,3.4245087917690142,51.516683864868966,37.776047000000005,-122.4194,5.032195099517431,-0.05107771919044725,0.027352156747501716,3,15.488353823505962,0,9.75187938019733,13.902924077209713,5.0324543170311,1.2159282928710269,-2.251937829476347,-1.9450654244336896,0.023307136494759892,15.9892983892591,-0.5483636962716787,False,False,1,0.9,RAPID_VOLTAGE_COLLAPSE
22960.0,0.3189010126449945,-0.02213307371146589,10.033983409380648,6.831947059272192,-2.5799049467453976,-12.77371133550618,51.48772742301862,37.776048,-122.4194,5.301541539862673,0.00879642774742757,-0.14820732754824262,3,15.554362517740149,0,10.039074199772806,14.71390877495774,5.301548837465387,14.359740978773772,1.4478220925173702,3.3004347117093324,0.02319666894547735,14.71390877495774,-0.2512823149973542,False,False,0,0.05,NORMAL_FLIGHT
22980.0,-0.16939226966366558,-0.17932844546304164,9.907673345036121,-3.6886835234242046,2.0843653129502018,9.109070350337493,51.46483657453911,37.776049,-122.4194,4.9182655308587915,0.09104611024518411,0.015703917019676786,3,15.495680100777582,0,9.910743844147786,10.046199656646728,4.919108173868968,6.416517781250963,1.144542423975281,-2.934120848128341,0.013345716133244433,14.71390877495774,-0.32219858592775097,False,False,1,0.9,RAPID_VOLTAGE_COLLAPSE
23000.0,-0.19827846989126144,0.1683967390904254,10.492747628294293,3.4328387337658803,3.2931597639525485,-0.7398478153626887,51.50444344449638,37.776050000000005,-122.4194,5.118054062215064,-0.0710270898311908,0.007123139745901451,3,15.511714612254803,0,10.495971827536229,4.814214140735357,5.118546886690207,29.26139916942212,-1.9803434978634016,0.8017255738610451,0.09174903120121089,14.71390877495774,-0.5028973185095253,False,False,0,0.05,NORMAL_FLIGHT
23020.0,-0.43067802272074296,-0.07384144008948923,9.554332607100804,3.70536890341143,1.1609725232116381,-4.093202145866853,51.51705409466453,37.776051,-122.4194,4.979546729956481,0.16693834595476473,-0.09041388431014802,3,15.547928178365424,0,9.564319509752838,5.641978351336508,4.982344232103037,46.58261588916952,-0.6305325084074553,1.8106783055310771,0.12388324244213898,14.71390877495774,-0.45408986385091055,False,False,0,0.05,NORMAL_FLIGHT
23040.0,-0.12779234953790045,-0.5813976438643284,9.965430510608993,-4.383485428096464,4.977075952247373,-12.237448466562693,51.47174318835489,37.776052,-122.4194,4.742123582179321,-0.1384596624727349,-0.05385264535684786,3,15.51561969655592,0,9.983193845992776,13.919101066683536,4.744144511584075,20.943716811996893,2.265545315481887,-1.615424090475237,0.11139311879898174,14.71390877495774,0.4494067651407363,False,False,1,0.9,RAPID_VOLTAGE_COLLAPSE
23060.0,-0.2646179586814997,-0.07496441132436123,9.651239697056546,3.3022997617577516,2.877809629151826,-24.775061186290166,51.53707089174162,37.776053000000005,-122.4194,5.146962268702083,0.19396914427283843,0.15151763934435558,3,15.495511776138926,0,9.655157689911755,25.15930501350476,5.1506159461148755,16.40180780405105,-3.2663851693364165,-1.0053960208496804,0.1331137807425952,25.15930501350476,-0.49343468723002104,False,False,0,0.05,NORMAL_FLIGHT
23080.0,0.32840303202727383,-0.20770876416879447,9.549213903903407,-1.927466204561791,-1.4752809490282106,-10.385408570357558,51.452148363321605,37.776054,-122.4194,4.781061591194526,0.10013261347995922,-0.012517492029486241,3,15.532870769298057,0,9.557116597837414,10.665284385404341,4.7821100446432485,4.902054603717065,4.246126421000795,1.867949657956558,0.1600927809624651,25.15930501350476,0.12688211217508183,False,False,0,0.05,NORMAL_FLIGHT
23100.0,0.20196341786852684,-0.3262551630921891,9.80673985888951,-10.356885896690786,-2.3142814285718987,11.127981956129066,51.49136260098479,37.776055,-122.4194,5.004325326118713,-0.00897255763277786,0.20711713025331108,3,15.531569528682743,0,9.81424364449618,15.377027229722893,5.004333369832953,12.856352332938314,-1.960711883159405,-0.06506203076570571,0.033247483304153384,25.15930501350476,0.13080843511588114,False,False,0,0.05,NORMAL_FLIGHT
23120.0,-0.13763006903554476,-0.2474853276445145,9.851205743822112,5.838709627638895,1.5641111838342323,-4.02833428474804,51.42810199918488,37.776056000000004,-122.4194,4.931695916998939,-0.04026682112367315,-0.17406794364873834,3,15.50424472743981,0,9.855275015463333,7.263914304350992,4.931860301613116,2.0515685483576185,3.1630300899955444,-1.366240062146673,0.0282860306537615,25.15930501350476,0.8895209547964811,False,False,0,0.05,NORMAL_FLIGHT
23140.0,0.4504871610688618,0.021881694366594012,10.685452066518028,-3.875224815081199,2.8688355495095044,-1.693288571150473,51.52239142500916,37.776057,-122.4194,5.178615486913138,-0.050702826279102366,-0.05221301862257478,3,15.505559498598899,0,10.69496626253167,5.110265253657527,5.178863691765722,41.98456235341688,-4.71447129121394,0.06573855795446448,0.20441605608271562,25.15930501350476,-0.5064823665426843,False,False,0,0.05,NORMAL_FLIGHT
23160.0,0.19635309739831885,0.26572816564964624,9.75475625529504,-4.272467313690271,6.989221535157491,6.555543582884527,51.44516143866388,37.776058,-122.4194,4.788369801505863,-0.013579564025701485,-0.1547278551246919,3,15.50649942438954,0,9.760350177995416,10.491822829287553,4.788389056930569,46.73080422681268,3.8614993172640055,0.04699628953206414,0.19294391286854112,15.377027229722893,0.9190945307774001,False,False,0,0.05,NORMAL_FLIGHT
23180.0,-0.06496627670172449,0.062636894772996,9.470946381154596,-2.0153293401836105,5.955865224700478,18.056688781162652,51.50277397125752,37.776059000000004,-122.4194,5.078173981560392,-0.004849586154882626,-0.12094224538918344,3,15.510216699375574,0,9.471376317748156,19.12009133513662,5.07817629720383,14.448693012363023,-2.8806266296818706,0.1858637493016957,0.2106737104218901,19.12009133513662,-0.5062560793591331,False,False,0,0.05,NORMAL_FLIGHT
23200.0,-0.49988114297471464,-0.12130067764314795,9.891903215248316,1.3611836266369404,-2.707365032535845,13.250046549456387,51.498692253256955,37.77606,-122.4194,4.83204051853026,0.12552262466345818,-0.08282057056592973,3,15.475647331838253,0,9.90526850879563,13.592144048956493,4.833670603384201,21.694609552373656,0.2040859000281614,-1.7284683768660436,0.2075520721658722,19.12009133513662,-0.0732965227216198,False,False,1,0.9,RAPID_VOLTAGE_COLLAPSE
23220.0,0.45818851451814835,0.09118083903414054,9.18760798873609,-0.28635205411051134,-0.5100314006363085,-9.72335003816188,51.480362124765016,37.776061000000006,-122.4194,4.897778957534243,0.1968654100384584,0.03153096267705912,3,15.50902785094172,0,9.199477768598092,9.740927342566055,4.901733846970358,35.28953700987687,0.9165064245969745,1.6690259551733533,0.3205102426876299,19.12009133513662,-0.5226012558013338,False,False,0,0.05,NORMAL_FLIGHT
23240.0,-0.2779144933527192,-0.09181806204379836,9.78241296521872,2.740334623535852,3.3550890245888496,-19.425705714374065,51.4896319575884,37.776062,-122.4194,4.27295995449198,0.019937992065400773,0.026682617108038716,3,15.547484186915138,0,9.786790610011655,19.902866595375933,4.273006470416316,29.365642070678177,-0.4634916411692558,1.922816798670901,0.08192877779795422,19.902866595375933,0.327594674207603,False,False,0,0.05,NORMAL_FLIGHT
23260.0,-0.3290797493913784,-0.13892007383262892,9.814807584688548,-6.697446832643294,5.33998889029486,23.596142591001037,51.521226974546295,37.776063,-122.4194,5.418419714323582,-0.08456284879894044,-0.06792903196276055,3,15.493036078394136,0,9.821305422031891,25.102773165517178,5.419079541395147,1.7257406010117826,-1.5797508478947009,-2.722405426050134,0.08680762330850313,25.102773165517178,-0.7606553588241383,False,False,1,0.9,RAPID_VOLTAGE_COLLAPSE
23280.0,0.20451408640192806,-0.23087253364659688,10.048380114883564,-3.7119318521536733,4.694847343523961,22.689916116594535,51.47600694942975,37.776064000000005,-122.4194,5.110111386565246,-0.054572604063619405,-0.2227799557336582,3,15.498435180656868,0,10.053112506657659,23.465982251593974,5.110402777885327,11.59035423128838,2.261001255827111,0.2699551131366107,0.10636183243703698,25.102773165517178,0.267670218277658,False,False,0,0.05,NORMAL_FLIGHT
23300.0,0.48795048126785456,-0.35036576135034386,10.102086674828355,-0.5799853616076678,-0.3193891641567334,1.884535964292827,51.43521756317132,37.776065,-122.4194,4.846530502812367,-0.018309078461128447,0.14776928730321529,3,15.48558227404973,0,10.119931176872733,1.9974654586683118,4.84656508643439,3.3409335107537075,2.0394693129215824,-0.6426453303569168,0.13190053049427916,25.102773165517178,0.6347469008563422,False,False,0,0.05,NORMAL_FLIGHT
23320.0,0.27685456370210365,-0.07798474131188907,9.658929114327686,9.489436463293528,-6.270113262142583,-12.704882455818217,51.46769780642697,37.776066,-122.4194,4.775068862333401,-0.10301221052967756,-0.02857647160363562,3,15.520647440628958,0,9.663210734788265,17.052206981125305,4.776179870518301,22.836022104223375,-1.6240121627824067,1.7532583289614045,0.0365680366207172,25.102773165517178,0.12664318338046598,False,False,0,0.05,NORMAL_FLIGHT
23340.0,0.11278182401047193,0.031610697984026374,9.764815795611021,-0.5690626920687903,-4.994681881227956,9.632265338939392,51.382330658744486,37.776067000000005,-122.4194,4.900870249424132,-0.11789414021073788,-0.11162901703011392,3,15.531617724051292,0,9.765518240127795,10.865137597007442,4.902288060690292,5.115375266976496,4.268357384124144,0.5485141711167429,0.037744275593515314,25.102773165517178,1.073012988439146,False,False,0,0.05,NORMAL_FLIGHT
23360.0,0.1189508683330572,-0.019324734002977947,9.5801637508168,5.426111318308157,1.3631675715970715,-1.079836860126102,51.353119204084884,37.776068,-122.4194,5.1433759069638905,0.20971272123730272,0.02749307810700873,3,15.530309708459392,0,9.580921680448373,5.697978370563787,5.147649477750537,9.229827983971095,1.4605727329801255,-0.06540077959504842,0.05691051490177274,23.465982251593974,1.6810777046141112,False,False,0,0.05,NORMAL_FLIGHT
23380.0,0.17068311175606155,-0.08319338558947173,9.471581233557693,0.19277584392158853,1.7111278971217279,-1.1298112310661048,51.50515355179286,37.776069,-122.4194,4.621583014883015,0.03026135259462541,0.02044451705231741,3,15.480892714685359,0,9.473484307683568,2.059513200771244,4.6216820869588195,5.37186863824024,-7.601717385398743,-2.4708496887016373,0.0613381905867117,17.052206981125305,-0.29146602363105956,False,False,1,0.9,RAPID_VOLTAGE_COLLAPSE
23400.0,0.15178571795735304,-0.18914921213935623,9.902968433814191,-2.4182931871878424,-5.493396867171924,8.94458843105129,51.45675290356339,37.776070000000004,-122.4194,4.971683116141133,-0.08331331336803469,-0.03226764649999652,3,15.514998335860565,0,9.905937619920138,10.77177855696774,4.972381131360223,21.622665611828484,2.420032411473372,1.7052810587602885,0.027771104951318796,17.052206981125305,-0.21535340392070168,False,False,0,0.05,NORMAL_FLIGHT
23420.0,0.05623828479387516,0.1216492383369937,9.427924335421022,-1.2336221205722027,0.22284805444635816,3.3437474687329862,51.51414304315138,37.776071,-122.4194,5.354128374492535,0.08166035703577128,0.014853101564150477,3,15.532827076722304,0,9.428876844899843,3.57101273120019,5.354751073995624,23.853038751014743,-2.869506979399361,0.8914370430869845,0.04046465984013703,10.865137597007442,-0.46445236724409256,False,False,0,0.05,NORMAL_FLIGHT
23440.0,0.020840220790375216,-0.263426383989317,9.685611929828442,-0.8420985601444058,3.156121784858916,-11.858149110149451,51.484845504715686,37.776072,-122.4194,4.773210732806439,-0.11783461248068457,-0.11550298404080184,3,15.513494912979615,0,9.689215976012678,12.299834755979306,4.774664982559201,13.016956555641723,1.464876921784608,-0.9666081871344545,0.03649504996772648,12.299834755979306,-1.0251484597119997,False,False,0,0.05,NORMAL_FLIGHT
23460.0,-0.012518625579904484,0.1552055827686951,9.51144781203023,3.018228694803693,-5.756133287535721,-3.2474193508197384,51.51029776195554,37.776073000000004,-122.4194,5.016077007752731,-0.10960120478710536,0.07599128431764837,3,15.512019419279683,0,9.512722269144813,7.265569992649694,5.017274257183513,8.824685343393224,-1.2726128619927835,-0.0737746849965859,0.03861077881721315,12.299834755979306,-1.5717855787065815,False,False,0,0.05,NORMAL_FLIGHT
23480.0,-0.15079291777333526,-0.20044340378534498,9.974904955887078,6.8730563378827725,5.524986009022072,6.611529286613465,51.54301554648536,37.776074,-122.4194,5.440661963051552,-0.08030424010642451,-0.09968670947568703,3,15.492167948827499,0,9.978058174873118,11.021646579860368,5.441254576582043,23.26679528641522,-1.635889226490761,-0.9925735226092414,0.05709494708222281,12.299834755979306,-0.37861994692498513,False,False,0,0.05,NORMAL_FLIGHT
23500.0,-0.056135015373354816,-0.150487047470607,10.350429029779947,1.7984042384316055,-1.8876557427991258,5.102522224050185,51.599463383244505,37.776075000000006,-122.4194,5.126430325938155,0.16545132808650334,-0.06055696553034319,3,15.505152571663467,0,10.351675158732467,5.730029236841408,5.12909953390105,18.680849192967486,-2.822391837957383,0.6492311417984453,0.14206822497345128,12.299834755979306,-1.4271047968111361,False,False,0,0.05,NORMAL_FLIGHT
23520.0,-0.3385913628390771,-0.2933570381231354,9.419523605159002,5.935388393708777,6.288065562883255,2.6201657435847574,51.58945069190386,37.776076,-122.4194,5.025184764097091,-0.02528800657783739,0.06488018161515753,3,15.524626313569117,0,9.43017112310022,9.035146508560127,5.0252483915315285,46.07520178161239,0.5006345670320655,0.9736870952824717,0.1418334978315351,12.299834755979306,-0.7530764875248508,False,False,0,0.05,NORMAL_FLIGHT
23540.0,-0.01966792535894998,-0.10028042937712733,9.25409445513073,-4.823948688148428,-2.667262228879502,9.334229544758642,51.68889492384161,37.776077,-122.4194,5.101327290981801,-0.24417069869024868,0.12039589650102339,3,15.505613704130958,0,9.25465867421837,10.84032333178957,5.107167459542971,8.775622444092512,-4.972211596887277,-0.9506304719079317,0.20201435756081143,11.021646579860368,-2.040494191259228,False,False,0,0.05,NORMAL_FLIGHT
23560.0,-0.1977182214301835,0.19506249169559578,9.77253393439498,-2.073152544070153,-5.133127414420895,-3.617169878172646,51.65942809561235,37.776078000000005,-122.4194,4.91982693299806,0.12100659331755932,0.15857745680463387,3,15.473233604429181,0,9.776480009167587,6.612932515247937,4.9213148290146425,26.09106674746089,1.473341411463025,-1.6190049850888677,0.190510337575931,11.021646579860368,-1.4913033365680661,False,False,1,0.9,RAPID_VOLTAGE_COLLAPSE
23580.0,-0.2207178634431542,0.1031256176887913,9.814709338787328,-3.621512671038334,-2.2906849492085977,1.7866977521907204,51.67113911629232,37.776079,-122.4194,5.259926257060688,-0.030638136416235747,0.10557982384665719,3,15.488227840851449,0,9.817732460866194,4.642723384039305,5.260015487155862,2.0626225849303736,-0.5855510339987546,0.749711821113408,0.17802743670350535,10.84032333178957,-1.2812356980696649,False,False,0,0.05,NORMAL_FLIGHT
23600.0,0.035978830230695695,0.19568442240560702,9.87559779202719,1.5722229543742627,-0.47574061538660073,-33.755791001776004,51.68340296290321,37.77608,-122.4194,4.920133995419958,-0.18494080058784057,-0.03240721838017818,3,15.520683839902343,0,9.877601865801703,33.79573405486219,4.92360859864076,2.9934702467754093,-0.6131923305442655,1.6227999525447068,0.074702603969565,33.79573405486219,-0.8393957965870413,False,False,0,0.05,NORMAL_FLIGHT
23620.0,0.2784004572689199,0.10442850918678717,9.676103845429697,-1.7947919258970688,-1.9423995338574045,-4.496501938428139,51.627304556905735,37.776081000000005,-122.4194,4.608163678252804,-0.03166834879634098,-0.15410330691004628,3,15.502142690318978,0,9.680671348397171,5.216581609510464,4.6082724930155665,9.846525870226586,2.8049202998737144,-0.9270574791682584,0.06205765151700941,33.79573405486219,-0.37853865001871156,False,False,0,0.05,NORMAL_FLIGHT
23640.0,0.1836633212004626,-0.22073396570607384,9.749808210352372,3.6488646851709774,-1.0800071078655669,7.639029085756444,51.61301094415678,37.776082,-122.4194,4.921739379211908,0.05210038966049031,0.14050555856028935,3,15.497178640264213,0,9.754035874335568,8.534365484133016,4.92201513279754,3.66822629691983,0.7146806374478842,-0.2482025027382484,0.005373515962903975,33.79573405486219,0.7588397968483207,False,False,0,0.05,NORMAL_FLIGHT
23660.0,-0.31410012072463545,-0.06615784486551148,9.920253123162182,-4.655008558162208,1.6698257483809518,-3.903944671171425,51.6210866191187,37.776083,-122.4194,4.806653094024659,0.04040491665329693,0.1370695988904976,3,15.48286666282181,0,9.925444966039835,6.300651291897304,4.806822913691182,8.570454585213394,-0.4037837480961315,-0.7155988721201823,0.0094523016277352,33.79573405486219,0.3834147649364894,False,False,0,0.05,NORMAL_FLIGHT
23680.0,-0.19792562731406751,-0.15603982582349255,10.122129267793452,0.2151548666064072,-0.8558968489819971,-4.66227391717112,51.59948056696223,37.776084000000004,-122.4194,4.943761197560514,0.17984149791648193,-0.06719761533534957,3,15.516868531884825,0,10.12526660859414,4.745065764713475,4.9470312049630145,9.991082127715245,1.080302607823569,1.7000934531507639,0.02938802082764439,33.79573405486219,0.7165854933009541,False,False,0,0.05,NORMAL_FLIGHT
23700.0,0.1881542375976432,0.26611498080780804,9.223485368904516,3.4342895550612806,-0.33056196976003516,-10.414529517748186,51.721526765235055,37.776085,-122.4194,4.948183188183874,-0.08527678625699306,0.09211890378245602,3,15.525494375017976,0,9.229241656308062,10.971145839879393,4.948917961948839,44.801247614303904,-6.102309913641335,0.43129215665755893,0.11184204741667891,10.971145839879393,-0.3812380233184598,False,False,0,0.05,NORMAL_FLIGHT
23720.0,-0.19649747870766193,-0.23935772928526233,9.699318168290562,-10.326513875203052,-8.54613199601298,10.033658927291455,51.67959558155508,37.776086,-122.4194,5.239484639960981,0.00467201202649723,-0.03321777939307386,3,15.516659480309285,0,9.704260729774239,16.743583020884554,5.239486722960889,23.75095367330884,2.0965591839988917,-0.44174473543456827,0.11121899300151634,16.743583020884554,-0.5229102464934243,False,False,0,0.05,NORMAL_FLIGHT
23740.0,-0.04492662999940492,0.17873953787782218,9.87414263818232,10.608156536651016,1.9584900800523637,5.4846327354057065,51.7385668049621,37.776087000000004,-122.4194,5.139058545332877,-0.06995692785784219,0.15012768835117288,3,15.519397105065226,0,9.875862446574173,12.101647191272727,5.139534677781071,8.580085839996698,-2.9485611703510273,0.13688123779704853,0.11457632234222694,16.743583020884554,-1.2555586080532066,False,False,0,0.05,NORMAL_FLIGHT
23760.0,0.11001041980491039,0.17859077402175386,9.53460716861678,-1.4157594243993785,-0.44601648845833985,8.254145978230849,51.78138979561954,37.776088,-122.4194,5.052653097515079,-0.15421928941872232,-0.051486466240378205,3,15.482520722608388,0,9.536914113950584,8.386550619038609,5.055006123938678,16.94741663117947,-2.1411495328720775,-1.843819122841861,0.1149614839041086,16.743583020884554,-1.6030317650083958,False,False,1,0.9,RAPID_VOLTAGE_COLLAPSE
23780.0,-0.19366889097272708,0.36592404034321746,10.32935088953019,-10.125199568380864,8.051464902414354,-17.262139619578896,51.780696688894324,37.776089,-122.4194,4.999410917733481,0.08855273723059548,0.19786512875485035,3,15.478841040263628,0,10.337644695077783,21.57144449544781,5.0001951073556885,40.03652905635997,0.03465533626076933,-0.1839841172380119,0.16974533857093363,21.57144449544781,-1.8121612193209558,False,False,0,0.05,NORMAL_FLIGHT
23800.0,0.021075101229191984,-0.08193731852589947,9.619377035931379,0.7904694928839301,-4.697825836269791,-1.6045004326563395,51.73743623620172,37.77609,-122.4194,4.7882283982284015,0.04632695691475202,0.07861205475982458,3,15.484867093528516,0,9.619749084225793,5.026811240289267,4.788452503736244,35.89478054259949,2.1630226346303516,0.30130266324439603,0.10114487901497493,21.57144449544781,-0.15909470966661843,False,False,0,0.05,NORMAL_FLIGHT
23820.0,-0.2668050989836409,0.14246443191603242,9.797612193897816,0.1672173398657547,-9.041476642497573,-2.801110077500062,51.69902347018213,37.776091,-122.4194,4.563764952466864,0.028367844969885272,0.17975448446859868,3,15.487915036625418,0,9.80227962145643,9.466914977005622,4.563853117267592,9.126526861531836,1.9206383009795047,0.15239715484511862,0.09764472596638225,21.57144449544781,-0.19427888627049583,False,False,0,0.05,NORMAL_FLIGHT
23840.0,-0.12027352879024274,0.45633036730776855,9.976806629052687,-0.409471897862465,3.0903424696502095,-2.805717065985525,51.6731251052213,37.776092000000006,-122.4194,5.022632002278557,0.04267901932586446,-0.04637972696498793,3,15.514913542175792,0,9.987961435616606,4.194035296611757,5.022813328106403,9.284090708008819,1.2949182480411991,1.3499252775186932,0.10247686778682963,21.57144449544781,0.6544169974079495,False,False,0,0.05,NORMAL_FLIGHT
23860.0,0.06395638682850739,-0.12352833538673934,9.632614563359432,4.9559555646333315,1.7326350915650022,-6.160275437179559,51.58383804112399,37.776093,-122.4194,5.158928240714732,-0.068547285268842,0.040502960444419304,3,15.508760456150048,0,9.633618894024394,8.093980070463502,5.159383618530582,17.717127079610595,4.464353204865645,-0.30765430128720794,0.08887467494302392,21.57144449544781,1.975517544955494,False,False,0,0.05,NORMAL_FLIGHT
23880.0,-0.31859874670633387,-0.307008049506472,9.256028085658675,3.7372248571352795,-5.042165102655729,-3.4610427178001526,51.533664769834026,37.776094,-122.4194,4.978333223351082,-0.10056950873181934,-0.09692791983443654,3,15.495361683893163,0,9.266596733772698,7.1672236779429825,4.979348944270499,18.351108012584838,2.5086635644981925,-0.6699386128442342,0.07121589781001832,9.466914977005622,2.4703191906029787,False,False,0,0.05,NORMAL_FLIGHT
23900.0,0.08809494759207981,-0.37600200678155277,9.68140364192504,1.4893809551192259,-7.648744775020457,8.496447827066518,51.45954094406584,37.776095000000005,-122.4194,4.89302913544266,0.0037647372169360275,0.08439892521191966,3,15.45511813561853,0,9.68910288451797,11.528711026864103,4.893030583752473,21.125307537263627,3.706191288409144,-2.012177413731653,0.07071132985874902,11.528711026864103,2.778952921358737,False,False,1,0.9,RAPID_VOLTAGE_COLLAPSE
23920.0,-0.003927559785336244,0.14254240577226626,10.118832166778112,2.250778169733238,7.68698365342145,-19.128513533478294,51.526834694224725,37.776096,-122.4194,5.092900433042843,0.11612114024116141,0.08990415328371246,3,15.449131008830925,0,10.119836865414019,20.737785563019465,5.094224076353423,21.536699044802443,-3.3646875079440974,-0.2993563393802745,0.11094434096871375,20.737785563019465,1.7218877595740167,False,False,0,0.05,NORMAL_FLIGHT
23940.0,0.11049799088342956,-0.37663004161171676,9.70893146196446,-0.5217922471904326,7.070551953033909,17.772947680304537,51.557757813844134,37.776097,-122.4194,4.98333355987513,0.16080771354535472,0.23970239182011865,3,15.48685027540629,0,9.716862154386932,19.134854097082165,4.985927445291741,20.148735551354324,-1.546155980970454,1.8859633287682698,0.09195405855823446,20.737785563019465,1.1536729137716861,False,False,0,0.05,NORMAL_FLIGHT
23960.0,0.04478282681293229,-0.07446381058758457,9.556069709562307,8.87745424620024,-12.437283793530646,4.838411250264615,51.59705651878741,37.776098000000005,-122.4194,5.337148838394793,0.0795432706807433,0.04820397972196492,3,15.498795859409663,0,9.556464757151506,16.02827019615298,5.3377415500461876,8.019869861771323,-1.9649352471638792,0.5972792001686322,0.09513459384833228,20.737785563019465,-0.1321847766342188,False,False,0,0.05,NORMAL_FLIGHT
23980.0,0.2728280859947689,0.08746263740779214,10.087701662850817,-7.395980091788833,-2.291115146282505,-0.4233189566021276,51.62649811636451,37.776099,-122.4194,5.246545668413657,0.002917442676809595,0.07240942025060933,3,15.47874882910532,0,10.091769404625387,7.75428456214244,5.246546479563665,26.765232373694037,-1.4720798788548706,-1.0023515152171036,0.06497169539930167,20.737785563019465,-0.9283334653048314,False,False,0,0.05,NORMAL_FLIGHT
24000.0,0.025044900529581457,0.03703510736598281,9.710767531193085,0.698258371079483,8.320960273919496,9.068341463729263,51.51484649753122,37.7761,-122.4194,5.191901611404666,0.026978392939993608,-0.047083037650378176,3,15.517787834972005,1,9.710870449712218,12.327236573365516,5.191971704101631,19.044947745658458,5.582580941664617,1.9519502933341926,0.06348064654115476,20.737785563019465,-0.5530555346537369,False,False,0,0.05,NORMAL_FLIGHT
24020.0,-0.0858811082250506,0.08508897283683446,9.656951755904934,0.32512315594390057,-2.3803127888893347,-14.51834745168435,51.46788051413767,37.776101000000004,-122.4194,5.151546822841981,0.001159385932537144,0.05413793726352385,3,15.456990498784222,1,9.657708471160422,14.715774079786307,5.151546953305293,2.6580989275897693,2.3482991696774036,-3.0398668093891246,0.041338970349512505,19.134854097082165,0.5895418008705633,False,False,1,0.9,RAPID_VOLTAGE_COLLAPSE
24040.0,0.024459500606456755,0.04445797116017081,9.854836826898993,4.066402030322965,-2.4530611701332634,-6.64700905151014,51.31734238135109,37.776102,-122.4194,4.7419665171097085,-0.10259433396994283,-0.03798912086875837,3,15.453621855457312,1,9.854967461294542,8.169202158564081,4.743076221899909,9.86294950670601,7.526906639328956,-0.16843216634550018,0.043090782979321514,16.02827019615298,2.4041543249304453,False,False,0,0.05,NORMAL_FLIGHT
24060.0,0.10865960580727758,0.25577316266267863,10.041225062885637,-4.219269387124497,-1.4137966381468416,-1.2107543239055387,51.20267586411944,37.776103,-122.4194,5.13259874041052,0.002464737821054295,0.011586075884199989,3,15.46365284974513,1,10.045069814799463,4.611613722767465,5.132599332209381,9.505117675246044,5.733325861582372,0.5015497143909364,0.037606355237276054,14.715774079786307,3.9438065466796957,False,False,0,0.05,NORMAL_FLIGHT
24080.0,0.009772014065140867,-0.1904632761477594,10.524514059519765,-8.71836301198268,-5.604484868840797,13.655603704321775,51.12002880551064,37.776104000000004,-122.4194,5.075265191529315,-0.13348268175884934,0.017451566154579514,3,15.462042099758188,1,10.526241871667638,17.143384052842652,5.077020227523092,24.05860284340875,4.132352930439964,-0.08053749934715526,0.12308474453732493,17.143384052842652,5.064693108538663,False,False,1,0.803,RAPID_ALTITUDE_DROP
24100.0,0.008118338240776476,-0.13539902769170628,10.058170832297227,0.7841150804909659,-8.523878721140221,-0.46496581126557923,50.93396834391784,37.776105,-122.4194,5.121284945678233,-0.01240772261030396,-0.03523048733491704,3,15.485763336183044,1,10.059085410502803,8.57248727720294,5.121299976218038,23.357823058241767,9.303023079640127,1.1860618212428342,0.10413920777126823,17.143384052842652,5.808781536133765,False,False,1,0.832,RAPID_ALTITUDE_DROP
24120.0,-0.1403983375613511,-0.15453188905416482,10.157951989916503,1.4061524610930207,5.262736553673744,4.500546711851462,50.96879778872496,37.776106000000006,-122.4194,5.098521897362611,0.16361051105963192,0.00629450965419935,3,15.46595295655993,1,10.160097461509574,7.066015955456707,5.101146335600973,5.0506025503385565,-1.7414722403561456,-0.9905189811557413,0.06144856802677991,17.143384052842652,4.990827254127055,False,False,1,0.8,RAPID_ALTITUDE_DROP
24140.0,-0.13258018351018963,0.16603836237252204,9.658210140303645,7.447997047238245,-9.214684531238378,-5.895789959361277,50.85022607686384,37.776107,-122.4194,5.090552517569613,0.08228592227833519,-0.03752951697134206,3,15.44257995915862,1,9.660547052683047,13.234175844034215,5.091217526990918,24.977520441326373,5.928585593056113,-1.168649870065508,0.09565616876502114,17.143384052842652,4.671163044872486,False,False,1,0.787,RAPID_ALTITUDE_DROP
24160.0,-0.28052105435993874,0.18007971767901274,9.502239568209157,-6.351810231625431,1.2363572605437794,4.86842068967491,50.73732554939262,37.776108,-122.4194,5.540173293909919,-0.09231191842365298,-0.03797311250338392,3,15.490517912305489,1,9.5080848533392,8.097875802081406,5.540942304052239,7.62310996719231,5.645026373560924,2.3968976573434553,0.16544608836907987,17.143384052842652,4.6535031472681965,False,False,1,0.786,RAPID_ALTITUDE_DROP
24180.0,0.3499153486373879,0.09024506386370164,9.828699404885738,5.773468833583601,4.4328974637882474,16.77239592974457,50.680169450976365,37.776109000000005,-122.4194,4.984762866009616,-0.00724290696422832,0.10766646515022715,3,15.436636879437538,1,9.83534020328555,18.283784824836832,4.984768128012545,16.36276749731751,2.8578049208128675,-2.6940516433975326,0.07318657747917584,18.283784824836832,4.398593545342777,False,False,1,1.0,RAPID_ALTITUDE_DROP|RAPID_VOLTAGE_COLLAPSE
24200.0,-0.24877264707825703,0.23669873337798558,9.84215097457788,11.837071820135607,-7.256131494505792,9.955266916741142,50.60591721762688,37.77611,-122.4194,5.187267476165866,-0.0834376311754738,0.01754136418264114,3,15.44956112828616,1,9.848139414463088,17.084351112177718,5.187938483404016,0.6399605588768509,3.712611667474164,0.6462124424310822,0.05946707011986202,18.283784824836832,3.2805112629095845,False,False,0,0.05,NORMAL_FLIGHT
24220.0,-0.13858103955918147,-0.23560817347527616,9.486446177590622,-1.8888244376123855,-4.621342012975358,-0.8145598777787942,50.487821118596706,37.776111,-122.4194,4.9058020379472,-0.006251376817721002,0.03470662722002771,3,15.437680936118891,1,9.490383395640947,5.058455055795186,4.90580602095507,17.887800941107024,5.90480495150878,-0.5940096083634216,0.029406941513288647,18.283784824836832,4.80976670128257,False,False,1,0.792,RAPID_ALTITUDE_DROP
24240.0,-0.14368145311383948,0.33344482231022743,9.757411641028797,-6.45471109746612,6.065895941957949,6.754908472654697,50.37432759050161,37.776112000000005,-122.4194,5.1581283167775345,0.10411078165245631,-0.1457304768985536,3,15.473427067862579,1,9.764164672002346,11.139442418916506,5.159178886915875,13.689063818069958,5.674676404754919,1.7873065871843785,0.03114228363003436,18.283784824836832,4.758984863622331,False,False,1,0.79,RAPID_ALTITUDE_DROP
24260.0,0.17898487538888827,0.3046477243424517,9.929795280515739,-2.0348718318668557,2.6644586011351996,5.775169546072117,50.17912016395421,37.776113,-122.4194,5.187863978046491,0.06530079383099038,0.04234583318303899,3,15.472155171351579,1,9.93607971659435,6.677771057408852,5.188274939552386,8.595752229600162,9.76037132736991,-0.06359482554998408,0.029015211410438474,18.283784824836832,5.582053854384128,False,False,1,0.823,RAPID_ALTITUDE_DROP
24280.0,-0.05898993565840556,0.14712439944914935,9.918118018505425,0.07002483685690367,-3.086428534394436,5.065876716972757,50.03129687506171,37.776114,-122.4194,5.072885215427069,0.2484144080745336,0.05304234639752379,3,15.505912878316277,1,9.919384579217818,5.932457457687135,5.078963883218463,0.8347568688265916,7.39116444462482,1.6878853482348966,0.03297103198428809,17.084351112177718,6.488725759146519,False,False,1,0.86,RAPID_ALTITUDE_DROP
24300.0,0.24954841453474677,0.356359781754212,9.961286356015282,2.818939375034573,6.011245016805855,11.119533608604089,49.937157385869654,37.776115000000004,-122.4194,5.3338493884753,0.11924774025075716,-0.039833862268875274,3,15.485009899806254,1,9.970781943848985,12.950888522609922,5.335182220177043,2.569868231558381,4.706974459602975,-1.0451489255011381,0.039444476944211805,12.950888522609922,6.687598317572281,False,False,1,0.868,RAPID_ALTITUDE_DROP
24320.0,-0.13469812484877372,-0.3313246415355548,9.897289419041233,-2.956973649190237,6.032678617271512,11.044777038374665,49.8393520278218,37.776116,-122.4194,4.823144792727916,0.02040003810776915,0.20850296762606915,3,15.494715865137579,1,9.903749666020037,12.927644962973673,4.823187934672794,3.3516138914474247,4.890267902392509,0.4852982665662253,0.006286516998127982,12.950888522609922,6.484690907749027,False,False,1,0.859,RAPID_ALTITUDE_DROP
24340.0,0.055798832444760395,-0.10488962725253037,9.657897402218984,7.77599267073671,1.3452634650785356,-1.2715859687488429,49.780410315322,37.776117,-122.4194,4.902555811666356,0.06771499741332931,-0.22892272641840652,3,15.470804709284101,1,9.65862814148032,7.993292605787998,4.903023435328271,12.25607622698588,2.947085624990109,-1.1955577926738847,0.015620276235499005,12.950888522609922,5.939172751796065,False,False,1,0.838,RAPID_ALTITUDE_DROP
24360.0,-0.16706941065195147,-0.14706069213639048,9.655829812005347,-5.572661575040309,-4.500801139368314,6.418790614777691,49.65438526241084,37.776118000000004,-122.4194,5.042476017204698,-0.020244317418333574,0.07843671357705463,3,15.44464345462371,1,9.658394711004435,9.618349176570169,5.042516655051552,0.01167152379419889,6.301252645558009,-1.3080627330195327,0.02293992734065215,12.950888522609922,5.247349015433684,False,False,1,0.81,RAPID_ALTITUDE_DROP
24380.0,0.42902982555467767,0.14429586475146866,9.450314580601837,-8.696025760864,-2.0672435173589765,-3.8309492115979378,49.4650209367393,37.776119,-122.4194,5.176161370696844,-0.11275042470864963,0.07128048049548621,3,15.465893817872788,1,9.461148638518239,9.72473812786318,5.177389225639329,9.86230362430982,9.468216283577036,1.0625181624538627,0.0426664359364632,12.950888522609922,5.662759383224127,False,False,1,0.827,RAPID_ALTITUDE_DROP
24400.0,-0.23751968380590258,-0.21002814792042912,10.34543251175553,5.533552121436587,1.4319337197769508,-9.230723963155775,49.397857458278075,37.776120000000006,-122.4194,5.035885904258986,0.13057765782875205,0.05415829319994119,3,15.474329660768056,1,10.350289912770679,10.857112790353975,5.0375785220121765,44.45706371262199,3.3581739230612584,0.4217921447634332,0.11705844403086967,12.927644962973673,5.392999275915784,False,False,1,0.816,RAPID_ALTITUDE_DROP
24420.0,0.061964142045405506,0.1514990298674971,9.814035109385788,-11.373105156030999,-0.9429741457374412,-2.6949375570398644,49.34966192558718,37.776121,-122.4194,5.2571518073021135,0.1008991476931648,0.017621270563862302,3,15.475706963052735,1,9.815399973470624,11.726014223341712,5.258119983703784,26.744496965002718,2.409776634544869,0.06886511423394026,0.11432103592939545,11.726014223341712,4.896901022346256,False,False,1,0.796,RAPID_ALTITUDE_DROP
24440.0,0.12675537618641972,0.2741072287993427,9.742544083261546,-1.0206488443635808,4.694785891174257,-0.7627815173958268,49.274574154229995,37.776122,-122.4194,4.8676620258067365,-0.024105421459396426,0.055067932262503755,3,15.45133214731293,1,9.747223548917239,4.8646247821132365,4.867721712343946,3.4088212276692786,3.754388567859124,-1.2187407869902245,0.11012577888594259,11.726014223341712,5.058361610920059,False,False,1,0.802,RAPID_ALTITUDE_DROP
24460.0,0.08275981949029965,0.13904058001679986,9.531362375564264,15.588405646040238,-7.648870400546681,-16.61580989177992,49.14639247068711,37.776123000000005,-122.4194,4.771884302102289,0.027393573693133822,0.08681754795558938,3,15.469705694458138,1,9.532735714627545,24.033076110844192,4.771962929500807,10.724391714484671,6.409084177144209,0.918677357260389,0.12258865350732168,24.033076110844192,5.079927917237299,False,False,1,0.803,RAPID_ALTITUDE_DROP
24480.0,-0.037057531775541656,0.056750204732300226,10.690697370698334,-0.0602177647996575,-7.471317645331194,8.603325594167204,49.07861177328095,37.776124,-122.4194,5.061625667307301,0.12409391873848064,-0.0725887583831994,3,15.44041898035306,1,10.690912221052736,11.39479814721995,5.063146620098213,57.908825321259535,3.389034870308194,-1.4643357052539052,0.22816048374716427,24.033076110844192,3.8640916345835308,False,False,0,0.05,NORMAL_FLIGHT
24500.0,-0.025964139946685234,-0.19757466818014985,9.488001590333132,-5.603838253481248,0.9043555574121621,-27.673254226023978,49.13005729718135,37.776125,-122.4194,4.9845639447772605,0.08463514262060201,0.029919562218008962,3,15.437363562675063,1,9.49009399659633,28.2494223233601,4.985282421983719,60.04091122282027,-2.572276195020251,-0.15277088389984428,0.2372358637168558,28.2494223233601,2.678001610967229,False,False,0,0.05,NORMAL_FLIGHT
24520.0,0.008762294395821919,-0.16937019322507293,9.681345622318178,-0.2869873189339687,-2.457722069034523,27.148169394863217,49.01581491290338,37.776126000000005,-122.4194,5.108572744071644,-0.14631012512496988,-0.018331684202330393,3,15.435062995116963,1,9.682830996094868,27.260701769801088,5.110667484212387,9.636849974926864,5.712119213898603,-0.11502837790500209,0.24339373967272754,28.2494223233601,3.3384701268379757,False,False,0,0.05,NORMAL_FLIGHT
24540.0,-0.029400400325697726,0.24992378105933333,9.934751050885819,-0.2540039430976677,-3.1352430734887045,15.018791337963188,48.83022807829113,37.776127,-122.4194,4.994519541826699,0.024362002148982428,-0.10937684002255087,3,15.457020783903202,1,9.937937649379533,15.344652501319349,4.994578957313368,12.755332664233254,9.2793417306126,1.0978894393119276,0.24289310501725508,28.2494223233601,4.443460759388671,False,False,1,0.778,RAPID_ALTITUDE_DROP
24560.0,0.19277582335898194,0.1558698007810665,9.990063889723285,0.8032497017655826,-8.840283595871986,-2.6100872417231358,48.68091382581351,37.776128,-122.4194,4.931996041875308,-0.016763152548836403,0.07171699746132897,3,15.432121111817933,1,9.99313936826763,9.252479643221903,4.932024529577796,2.7600859444048886,7.465712623880805,-1.2449836042634388,0.20836169391999929,28.2494223233601,4.65478644873599,False,False,1,0.786,RAPID_ALTITUDE_DROP
24580.0,0.44210460031827026,-0.0078039038755088235,10.097379616564705,3.311314910798098,0.09772922399090878,0.09426360563773238,48.59218762582872,37.776129000000005,-122.4194,4.985012485655255,0.11130006991386808,-0.056436042468403336,3,15.446332525909433,1,10.107056569523822,3.3140976248510707,4.986254825788752,5.695860062809555,4.4363099992395405,0.7105707045750087,0.06286862729339875,28.2494223233601,4.8642414745222595,False,False,1,0.795,RAPID_ALTITUDE_DROP
24600.0,-0.11149835700156673,-0.08358190915317812,10.352282552330779,-5.195555841838696,-0.2637755400038283,3.029718735872832,48.39194741028382,37.77613,-122.4194,5.005769778958637,0.10310427387826614,-0.14978586747794673,3,15.472035319522526,1,10.353220361918508,6.02018053381021,5.006831490196926,12.3081896197343,10.012010777245095,1.2851396806546234,0.05990500815091897,27.260701769801088,7.381098868975329,False,False,1,0.895,RAPID_ALTITUDE_DROP
24620.0,-0.27396059591581556,-0.4051615746222754,9.961847296638215,8.437740276183968,3.2673949097587034,-5.89160387988942,48.28041756402941,37.776131,-122.4194,4.9390037400303335,0.1318607828178045,-0.053911066070164895,3,15.432543969720076,1,9.973846393002203,10.79732961163001,4.9407636262099155,18.968698445815235,5.576492312720305,-1.974567490122503,0.028533572492524112,15.344652501319349,7.353973488739669,False,False,1,1.0,RAPID_ALTITUDE_DROP|RAPID_VOLTAGE_COLLAPSE
24640.0,-0.017656409670250964,-0.21417048373688777,9.49319076001,1.2255714218630893,0.3445306656048605,1.9261914758693635,48.17943439654521,37.776132000000004,-122.4194,4.959373590735314,-0.11178943387202077,-0.07988988980931305,3,15.442189897398949,1,9.495622757399632,2.3088829098378807,4.960633355732744,23.911181780128565,5.049158374210094,0.4822963839436589,0.09754097116765835,10.79732961163001,6.507936817459168,False,False,1,0.86,RAPID_ALTITUDE_DROP
24660.0,0.5159418675308637,0.3822838174279447,9.732916462463466,3.633970232009019,-0.6630203912024837,-1.4399997770166109,48.13619048353584,37.776133,-122.4194,4.919281332602618,-0.07841115340562388,0.10284790091901104,3,15.452858338391952,1,9.754076060449338,3.9647112182460233,4.919906212345007,12.92266515248528,2.1621956504684903,0.5334220496501452,0.10794776091678059,10.79732961163001,5.447233422776705,False,False,1,0.818,RAPID_ALTITUDE_DROP
24680.0,-0.16073491359394618,-0.25609111420049335,9.902349711754166,-3.1407469987782126,5.885003183951686,-0.9427271723096599,48.081700226338555,37.776134,-122.4194,5.171333023973881,0.11140824361354387,0.015319314055807765,3,15.455513025674467,1,9.906964630253725,6.736934666958468,5.172532942532885,7.644428490219379,2.7245128598643475,0.1327343641257528,0.09891807537486985,10.79732961163001,5.104873994901666,False,False,1,0.804,RAPID_ALTITUDE_DROP
24700.0,0.3278233610888135,0.03789596424421613,10.430467812451747,6.431910684977668,-6.562336517242749,1.8146106348063866,48.004929465926146,37.776135000000004,-122.4194,5.0388042009011595,-0.059164581534244566,0.138238274568994,3,15.439739050615104,1,10.435686994480694,9.366245105751826,5.039151537980109,26.436118211348436,3.838538020620419,-0.78869875296812,0.11910017453702776,10.79732961163001,3.870179443576731,False,False,0,0.05,NORMAL_FLIGHT
24720.0,0.33554016281528815,0.2014887946390397,9.390658356472711,-1.2852620440653233,2.681946094237881,-13.135277983539943,47.776795515400416,37.776136,-122.4194,5.451350494433753,-0.15214329809143076,-0.06665562312330459,3,15.464611638593313,1,9.398811057959296,13.467748923973225,5.453473186540598,51.84379682606988,11.406697526286536,1.2436293989104286,0.16780771112872933,13.467748923973225,5.036220486289977,False,False,1,0.801,RAPID_ALTITUDE_DROP
24740.0,-0.11071764834159892,-0.2509845336004585,10.170772951567569,1.3877625674676586,-8.355735823976744,0.3956972413364813,47.70284817180282,37.776137000000006,-122.4194,5.032140910255692,0.053259648761406535,0.08741698718964995,3,15.459833058021697,1,10.174471684864006,8.4794329061886,5.0324227496162495,38.783031345235486,3.6973671798797625,-0.23892902858078102,0.15726180263840916,13.467748923973225,4.765862247423911,False,False,1,0.791,RAPID_ALTITUDE_DROP
24760.0,0.11379661583705508,0.03694209495621666,9.863974310863926,-4.665530385935546,-4.191809400004038,1.6344774661747725,47.61812384110583,37.776138,-122.4194,4.889828505934267,-0.05472184402659728,0.2839622914807913,3,15.469970718880631,1,9.86469987346494,6.481508807020415,4.890134691157394,15.488590569953331,4.236216534849646,0.5068830429467042,0.1497572767580973,13.467748923973225,5.180666424300142,False,False,1,0.807,RAPID_ALTITUDE_DROP
24780.0,0.32567932462570764,0.18758310750213103,10.061349160568845,-4.984658132010634,-6.063285663116568,1.288496213559143,47.51092105995974,37.776139,-122.4194,5.534135074972613,0.17897907703084007,0.035603246712714025,3,15.44469112309385,1,10.068366370746956,7.954273833476624,5.537028493520414,10.183324864100829,5.360139057304281,-1.2639797893390536,0.15099994735305894,13.467748923973225,5.707791663788129,False,False,1,0.828,RAPID_ALTITUDE_DROP
24800.0,-0.07582554819749743,0.002499864381450067,9.779401585009222,3.4410265322644134,3.9097126772595914,-2.1583075543615444,47.304409953652474,37.776140000000005,-122.4194,5.082725275542867,0.029618455398846357,0.08616488623231527,3,15.435216360179059,1,9.779695860504162,5.637801727064027,5.082811572303514,14.433525512139678,10.325555315363388,-0.4737381457395884,0.09035902991860423,13.467748923973225,7.005195122736723,False,False,1,0.88,RAPID_ALTITUDE_DROP
24820.0,-0.04071607202047236,0.5736806111333537,9.557270210962102,-2.21803415103693,-0.32705116797697004,11.378577759693718,47.145571258193115,37.776141,-122.4194,5.198024957378563,0.016025928664166553,0.06935176642254062,3,15.430969670715337,1,9.574559056554756,11.597356155393252,5.198049661932826,10.256840197470307,7.94193477296794,-0.21233447318609322,0.05625524396316229,11.597356155393252,6.3122425720730035,False,False,1,0.852,RAPID_ALTITUDE_DROP
24840.0,-0.11633618278972875,-0.33371985177563906,10.0352618338204,-4.269115437521886,-0.06751622296488376,-3.536525548815512,46.96723011971641,37.776142,-122.4194,5.118420596640498,-0.036924389161575706,-0.14220753274258266,3,15.44991243630156,1,10.041483113575783,5.544088565010121,5.118553781550862,23.346202851051334,8.917056923835176,0.9471382793111438,0.04103352588670187,11.597356155393252,7.356180520864086,False,False,1,0.894,RAPID_ALTITUDE_DROP
24860.0,-0.20295134613857338,0.21174570597677578,10.006329308131686,-3.215916710135152,-5.533664938647255,2.273259068231903,46.746479697741066,37.776143000000005,-122.4194,5.124602205859549,0.15908353339269715,0.058581729746745075,3,15.43537834507414,1,10.010626939191882,6.792000789976324,5.127070834199316,1.5428087191950546,11.0375210987673,-0.7267045613709833,0.0452150546301716,11.597356155393252,8.716441433647617,False,False,1,0.949,RAPID_ALTITUDE_DROP
24880.0,-0.12985550901320142,-0.034560347479292874,10.101617089721916,3.494765358587106,-1.498467479664446,12.972975339255457,46.62633394017032,37.776144,-122.4194,5.107130810270495,0.0358554459889821,0.030645632064956893,3,15.430687639964145,1,10.102510811585447,13.518760255738048,5.107256673226952,4.594193619678233,6.007287878537326,-0.23453525549976817,0.048408889415471404,13.518760255738048,8.845871197894226,False,False,1,0.954,RAPID_ALTITUDE_DROP
24900.0,-0.24478805335245132,0.15438403096733502,9.80600860938641,-3.1451893060180547,-3.8173265165455583,-0.7937614002031229,46.46644283409818,37.776145,-122.4194,4.779583087044787,-0.04084995181562065,-0.025974738339830925,3,15.432254865020248,1,9.810278307338798,5.009416599272275,4.779757651233785,14.611625212332413,7.994555303606887,0.07836125280515915,0.0467292048399755,13.518760255738048,8.379671195542926,False,False,1,0.935,RAPID_ALTITUDE_DROP
24920.0,0.0068166936518452145,0.08826143033984918,9.630053393004046,-0.5882746580108204,1.91727507427108,2.1446326746755133,46.47770811311163,37.776146000000004,-122.4194,5.073505809512282,-0.0794083706605447,-0.08840363742048807,3,15.426696375390062,1,9.630460264156989,2.9362322954706377,5.074127204602368,8.990902159090464,-0.5632639506725212,-0.27792448150929516,0.03803734671046902,13.518760255738048,6.678631450814834,False,False,1,0.867,RAPID_ALTITUDE_DROP
24940.0,-0.15399464621172837,-0.14663123942199932,9.342363901492847,0.07513875143548504,-4.955455676658068,-0.9638463631489711,46.34926951613973,37.776147,-122.4194,4.7350277392299525,-0.007347305456421788,0.06939832403270371,3,15.443500182135196,1,9.34478348274335,5.048879737827536,4.735033439604686,14.283839070681914,6.421929848595198,0.8401903372567077,0.09247349370748925,13.518760255738048,6.179606035766838,False,False,1,0.847,RAPID_ALTITUDE_DROP
24960.0,0.046757182358149546,0.04579927849186805,10.055811980441822,-9.586744430051494,6.648971826025379,12.373697935635992,46.29395717393303,37.776148,-122.4194,4.965127432717493,-0.09776468371548057,-0.09724037396106214,3,15.410417671016454,1,10.056024979782505,17.006554492687957,4.966089845794756,35.5620748519577,2.7656171103348726,-1.6541255559371137,0.09812677992137013,17.006554492687957,4.525225238080353,False,False,1,1.0,RAPID_ALTITUDE_DROP|RAPID_VOLTAGE_COLLAPSE
24980.0,-0.3111791292407255,-0.37158029027965744,9.937166844733197,-7.35563202686759,-8.377902248120472,-2.5772456158629526,46.095502222698364,37.776149000000004,-122.4194,4.854876508687343,0.10288774416789442,0.21336456046818972,3,15.443879235304228,1,9.948979307580455,11.442760312015064,4.855966618759251,5.352283610102493,9.922747561733303,1.6730782143887346,0.07875980621541585,17.006554492687957,5.308317174719548,False,False,1,0.812,RAPID_ALTITUDE_DROP
25000.0,0.06617604644289142,0.12064950011427876,9.520265210140813,1.6813894462378127,-4.032599162282807,12.833545772882056,52.06899774339813,37.77615,-122.4194,5.071494037169745,-0.18083420540242343,0.011416908348812836,3,15.450499459450182,0,9.521259645783122,13.556873665348615,5.074717014661192,21.385983089866656,-298.6747760349882,0.3310112072976601,0.08792667260771711,17.006554492687957,-56.02554909299947,False,False,0,0.05,NORMAL_FLIGHT
25020.0,0.16670579232178495,0.05963169319810513,9.648427898011013,-3.6851468057634857,8.386002549830481,-1.035878946470647,52.073842637199846,37.776151000000006,-122.4194,5.066825249467647,-0.013951402833307081,-0.12233070477865036,3,15.42450047626597,0,9.650052210384384,9.218372466847567,5.0668444568867415,6.439628230063121,-0.2422446900858688,-1.299949159210545,0.0873192782578206,17.006554492687957,-55.96134524088213,False,False,0,0.05,NORMAL_FLIGHT
25040.0,-0.3987471285142911,0.1277320337286205,9.669972356414569,5.283624556402092,-2.175693739810172,-8.594597234480169,52.02843493976946,37.776152,-122.4194,5.096229178153037,0.061013354508793444,-0.05139962783283389,3,15.47370837260904,0,9.679033015687091,10.320728333087667,5.096594398781091,1.4490402651353484,2.2703848715192265,2.4603948171534995,0.049593096796235456,17.006554492687957,-56.79165423629733,False,False,0,0.05,NORMAL_FLIGHT
25060.0,0.07481131396951443,0.21162366501743005,9.365104670405275,4.834035521252722,-6.574393322022059,6.7937317057412105,52.007324905529224,37.776153,-122.4194,5.057459314549817,0.03421194201096572,-0.02781343382898173,3,15.434769634823839,0,9.367794126470754,10.618160738234034,5.057575029132328,15.561944460816868,1.0555017120118748,-1.946936889260087,0.04626797597547965,13.556873665348615,-57.13367731596194,False,False,1,0.9,RAPID_VOLTAGE_COLLAPSE
25080.0,0.24553379849465845,0.07352396804194218,9.56469528101846,3.595843331777186,1.0953578126883432,-3.0466783375565605,51.99642736021705,37.776154000000005,-122.4194,4.87863493164272,-0.07172829730156689,0.2412376653923846,3,15.4023399237297,0,9.568128784606563,4.838610017044177,4.879162197025054,10.016732906790438,0.5448772656087897,-1.6214855547069362,0.015187633666117601,13.556873665348615,-59.00925137518684,False,False,1,0.9,RAPID_VOLTAGE_COLLAPSE
25100.0,-0.2419282037382411,0.029617883959655242,9.469850892958094,9.098858936562987,-2.376961211072711,6.205008990991629,51.9847319609448,37.776155,-122.4194,4.947799302129664,0.06602587067065492,-0.08845889468094964,3,15.427091500052356,0,9.472986984561599,11.266823648424756,4.94823982338696,4.757090002248177,0.5847699636124304,1.2375788161327783,0.016522444561521986,11.266823648424756,0.8426578245332905,False,False,0,0.05,NORMAL_FLIGHT
25120.0,0.3345144773675407,-0.17621366733225846,9.68625629643362,-0.4154466387159156,-4.179351278091529,-27.29404384923734,52.07748788959657,37.776156,-122.4194,5.184079232250897,-0.08860393883859076,-0.011621726325138722,3,15.433119055865198,0,9.693632561239522,27.615292912793745,5.184836366196407,11.032278833896125,-4.637796432588459,0.3013777906421211,0.01913476685462758,27.615292912793745,-0.036452523967227535,False,False,0,0.05,NORMAL_FLIGHT
25140.0,0.08380380187320904,-0.1424441527298102,9.588390750501132,3.2444096295191955,-5.479354053993587,0.05205261894946381,52.096399203868145,37.776157000000005,-122.4194,5.21357133545888,-0.002238465649681007,-0.05378283698650225,3,15.439994858865282,0,9.589814940766635,6.368062826972763,5.213571816005507,5.190881023644334,-0.9455657135788442,0.343790150004164,0.01525241149044029,27.615292912793745,-0.6796426409868417,False,False,0,0.05,NORMAL_FLIGHT
25160.0,-0.14100237115168177,0.2373469240354662,9.321898523739977,-2.9220048829801555,13.841868028129715,-4.596052987574804,52.12037473201521,37.776158,-122.4194,4.77064338027469,0.06518415719803557,0.04992584855816643,3,15.425016472059053,0,9.325985594988072,14.874781548275415,4.771088684578011,13.191467288928127,-1.1987764073531082,-0.7489193403114491,0.019169886895747355,27.615292912793745,-1.1304982648598383,False,False,0,0.05,NORMAL_FLIGHT
25180.0,-0.011153815531541203,0.2872670811411957,10.416777069170845,12.261849564343619,-1.257759500920682,-10.632586865312781,52.147357470732466,37.776159,-122.4194,4.69381447349747,0.04629127794931132,-0.05218834137050446,3,15.409083251814577,0,10.420743317648306,16.278415683019396,4.694042734576296,54.73788613301167,-1.3491369358629157,-0.796661012223776,0.18076797610123865,27.615292912793745,-1.5093011051541794,False,False,0,0.05,NORMAL_FLIGHT
25200.0,0.11166538250434449,-0.047622087262410816,10.185762219308769,9.918168262180098,-9.627836801664385,-5.532410018397994,52.17798878959932,37.776160000000004,-122.4194,4.854622123359057,-0.0675039011419468,-0.11390566661397104,3,15.406564619753812,0,10.18648560638766,14.888682405373222,4.8550914241934295,11.712885563032316,-1.5315659433426276,-0.1259316030382429,0.20137158784757847,27.615292912793745,-1.932568286545191,False,False,0,0.05,NORMAL_FLIGHT
25220.0,0.015201078282482301,0.009200549450654825,9.576294173544005,0.059402172588959704,7.4685487950276706,-5.737031442926516,52.173844440405574,37.776161,-122.4194,5.20904151640645,0.11974945165643634,-0.01952945797961987,3,15.414541821199819,0,9.576310658136775,9.417870220965304,5.210417780832745,30.508747412544235,0.2072174596872145,0.39886007230034437,0.21290600887261818,16.278415683019396,-0.9635655080900563,False,False,0,0.05,NORMAL_FLIGHT
25240.0,0.10775119848927384,-0.18092287499875323,9.891726418996084,1.932931149525961,3.0553545255528536,-0.4798579485058113,52.15780712183163,37.776162,-122.4194,5.242976806036607,0.008669457148553406,-0.029939384333224312,3,15.41560787444047,0,9.893967604340475,3.6471465224704454,5.242983973666624,15.882847310184989,0.8018659286971541,0.053302662032539416,0.19642214847305992,16.278415683019396,-0.6140791796348566,False,False,0,0.05,NORMAL_FLIGHT
25260.0,-0.18413471861587327,0.23455136905348897,9.93523952694639,6.796487996824029,-3.8323321550989387,-13.673264612849557,52.16614792480755,37.776163000000004,-122.4194,4.815057623919766,0.07429954109391515,-0.059224437762401355,3,15.403213473180253,0,9.939713496732315,15.742845486473604,4.815630835464304,2.2872946195920285,-0.41704014879577755,-0.6197200630108313,0.10153312504069353,16.278415683019396,-0.45773192792339046,False,False,0,0.05,NORMAL_FLIGHT
25280.0,0.0338721648072156,0.13308336473835575,10.167325756432044,-0.7356975240705348,-4.665595443430709,3.162737802597137,52.223988122253225,37.776164,-122.4194,5.061461870747268,0.15291010066732474,-0.05388103588971175,3,15.410406268043559,0,10.168253121501511,5.684359427117701,5.063771101453394,11.426981238459799,-2.892009872283907,0.35963974316528535,0.06160140883955591,15.742845486473604,-0.7663065152075887,False,False,0,0.05,NORMAL_FLIGHT
25300.0,-0.28274289938099606,0.3882434872927498,9.564418492001977,-3.2831203539985236,3.3673639807911537,13.66214785205788,52.28030003167504,37.776165,-122.4194,5.3668862666280175,0.1117520548774607,0.11846957978810031,3,15.437401276541813,0,9.576469999051058,14.448955096111924,5.368049619805107,29.589156122522642,-2.8155954710907594,1.349750424912699,0.06479384437834143,15.742845486473604,-1.023112420757215,False,False,0,0.05,NORMAL_FLIGHT
25320.0,-0.022245212269740064,-0.1756646154359478,10.137632035194729,4.369948755034413,-1.2345916374472732,2.8092849694782633,52.26828010789062,37.776166,-122.4194,5.083062295448067,0.1120129406331044,-0.03197402142675043,3,15.45632993299431,0,10.139178279702532,5.3397332023817485,5.084296332657553,28.135414032573713,0.6009961892210924,0.946432822624832,0.05649569270841138,15.742845486473604,-0.9443566748504395,False,False,0,0.05,NORMAL_FLIGHT
25340.0,-0.18078152829295796,-0.07560157980364345,9.64562840873792,0.39219623041835044,-9.629889092225506,8.08988609229009,52.30667229262403,37.776167,-122.4194,5.284300657046619,0.019267992984947226,-0.11341276624784327,3,15.437620489905234,0,9.647618615974244,12.583117213073507,5.284335785093241,24.577983186414443,-1.9196092366705386,-0.935472154453798,0.07473641771513655,15.742845486473604,-1.488651707923978,False,False,0,0.05,NORMAL_FLIGHT
25360.0,-0.1471059885179533,0.04628918450511446,9.409241278749416,0.9149722482263021,8.936199823023342,10.945624546137955,52.29694305947204,37.776168000000006,-122.4194,5.19974531401662,0.07939351209105097,-0.04621159637998562,3,15.447778052138943,0,9.410504997192337,14.159785951667645,5.200351397780726,11.855680939095325,0.48646165759933524,0.5078781116854891,0.11871803795936313,14.448955096111924,-1.3079513466449555,False,False,0,0.05,NORMAL_FLIGHT
25380.0,0.2472186350420875,0.12929790754515413,10.02724096779435,-4.171356715339828,-2.169952311079785,12.364895121841768,52.29863658694381,37.776169,-122.4194,4.817960258754418,0.02135965745643161,0.00543356594653926,3,15.440292774567276,0,10.031121394371668,13.228739216309222,4.818007605837043,31.030819858966563,-0.08467637358826607,-0.37426387858339183,0.09643444578627866,14.448955096111924,-0.7464846469058273,False,False,0,0.05,NORMAL_FLIGHT
25400.0,0.21826202411885381,-0.04313352750952647,10.197227527236729,-8.588360741816981,7.477858682412132,18.701386928213054,52.2749604178661,37.77617,-122.4194,4.962003715300584,-0.12093244677784135,-0.1336269636551354,3,15.436622586557963,0,10.199654310544174,21.89566586666064,4.96347716095687,8.426645808625288,1.1838084538855043,-0.18350940046563124,0.11661473243977352,21.89566586666064,0.05339613808942545,False,False,0,0.05,NORMAL_FLIGHT
25420.0,0.1218276241814354,-0.1745922180907401,10.586372692059205,1.1807120493955052,6.392174789828575,-4.992019982759302,52.265878160920785,37.776171000000005,-122.4194,5.0069508956583695,0.030274379250504236,0.16259779600063987,3,15.412353629516243,0,10.588513171725689,8.195989445794565,5.007042421387415,19.442943059075724,0.45411284726561973,-1.2134478520859915,0.21396239920320026,21.89566586666064,0.02401946969833091,False,False,0,0.05,NORMAL_FLIGHT
25440.0,-0.2184625529345158,0.17628150578471424,9.450082420472937,4.524810207470999,-5.005047722414071,-7.184839851611164,52.33294466439827,37.776172,-122.4194,5.020826677604268,0.02563609837384655,0.08675794775062723,3,15.421077347132522,0,9.454250832829011,9.85628397574745,5.020892125517391,56.71311694483387,-3.353325173874211,0.43618588081395515,0.25313977513155,21.89566586666064,-0.26272371774240355,False,False,0,0.05,NORMAL_FLIGHT
25460.0,-0.06328168993896038,0.14422707250911634,10.019675905524236,-1.1290337453802093,5.16594932181574,7.834656483247347,52.33756572176523,37.776173,-122.4194,5.183265790687714,0.05837293615218192,0.14301727436187794,3,15.408996317503057,0,10.020913694492583,9.452173919488864,5.183594472621152,28.33314308317858,-0.23105286834805838,-0.6040514814732667,0.16702927821617983,21.89566586666064,-0.4062266229318823,False,False,0,0.05,NORMAL_FLIGHT
25480.0,0.24261953999583669,-0.183254820112745,9.68705962686194,7.182147597794334,-3.257212749318406,7.082662196573998,52.344329847192846,37.776174000000005,-122.4194,5.081736952455081,-0.012799697521339519,0.03921281254876827,3,15.412176135892897,0,9.69183010502459,10.599848244272353,5.0817530721399775,16.454179473399666,-0.33820627138076986,0.15899091949203026,0.1947639325185561,21.89566586666064,-0.45693260249038303,False,False,0,0.05,NORMAL_FLIGHT
25500.0,0.02834338272798095,0.2710885602210992,10.04500761315721,-3.5195816270777227,-9.333502934019709,7.756752996156893,52.27196895822995,37.776175,-122.4194,4.412759811244377,-0.07614555567638508,-0.20936974501301006,3,15.417071195934696,0,10.048704906763534,12.636017920706133,4.413416737334327,17.843740086947246,3.618044448144886,0.2447530020899258,0.18357540224291774,12.636017920706133,0.029914596361493295,False,False,0,0.05,NORMAL_FLIGHT
25520.0,0.46386590799633887,0.23403974183932075,9.368853134630625,-5.2735222748296,-2.1229908301107123,18.89282454250252,52.25650676284831,37.776176,-122.4194,4.737431945381455,0.06565060831752272,0.15353337166385136,3,15.429128751745939,0,9.383248650634789,19.729570356235428,4.737886811595774,33.27281280643728,0.77310976908187,0.6028777905621396,0.09585334503415334,19.729570356235428,0.09371398072474335,False,False,0,0.05,NORMAL_FLIGHT
25540.0,0.07866356787887438,0.026859299449558578,9.431169067290432,-0.3361515359806563,1.988187508881395,0.11369908798494166,52.244441017661075,37.776177000000004,-122.4194,4.5625238170047915,-0.13132722872522481,-0.08635683597098927,3,15.422473471132054,0,9.431535365712957,2.0196076124393,4.5644134805844025,2.4143357539084143,0.6032872593618066,-0.33276403069422145,0.09897246252128261,19.729570356235428,0.8850364673719469,False,False,0,0.05,NORMAL_FLIGHT
25560.0,0.038409823298006324,0.01591957247520728,9.577237553050056,-0.41296287675645227,-2.3136832399816893,4.261565596461849,52.20298384338891,37.776178,-122.4194,5.035073048131067,0.14588191358564692,-0.0782186744002099,3,15.409919993028858,0,9.577327805545021,4.866683655786388,5.037185933904691,7.289621991603212,2.072858713608383,-0.6276739051598312,0.0705313334759076,19.729570356235428,1.3458187837632352,False,False,0,0.05,NORMAL_FLIGHT
25580.0,-0.06182329284050028,0.11081155422318144,9.833689213700426,3.849843656676113,-1.5352417046255074,-9.803882514834749,52.204067113974084,37.776179,-122.4194,5.048097529893552,-0.02314180612049924,0.01563251439554436,3,15.413416927894373,0,9.834507861186298,10.64398307200614,5.0481505736762555,12.859002782063822,-0.05416352925884382,0.17484674327574723,0.07926120330391861,19.729570356235428,1.4026273321876204,False,False,0,0.05,NORMAL_FLIGHT
25600.0,0.026708180956456464,-0.17234061405125164,9.617675620038494,-3.8748141203199236,5.717830224643064,21.353211239759577,52.1826079994627,37.776180000000004,-122.4194,5.056644991722144,0.024552817205616823,0.13782298466701495,3,15.420125001347804,0,9.619256673281173,22.442535444879375,5.056704600146362,10.762559395256233,1.0729557255693578,0.3354036726715748,0.03162236144413608,22.442535444879375,0.8936095876725147,False,False,0,0.05,NORMAL_FLIGHT
25620.0,-0.030493967276108782,0.006006295832816435,10.007716303174027,6.84047118407449,0.5324699014504592,-3.36544921209111,52.186607792224876,37.776181,-122.4194,4.808214346457077,0.0558558153281572,0.10532871339523997,3,15.423953191412483,0,10.007764563699782,7.642108257232999,4.808538766983337,19.42539452093044,-0.1999896381089883,0.19140950323395245,0.051569319953217174,22.442535444879375,0.6989897062343431,False,False,0,0.05,NORMAL_FLIGHT
25640.0,0.1416217353377181,-0.4304767089218361,10.118068385477375,9.834584812541268,-4.216491556424763,-3.082159281608299,52.19268294271583,37.776182000000006,-122.4194,5.134828801023998,0.05906880448441909,0.09062811201760208,3,15.379374974173576,0,10.128211824702374,11.135419404659748,5.135168540514398,6.02236305012962,-0.30375752454752103,-2.2289108619453657,0.057187143155267336,22.442535444879375,0.5175807494524776,False,False,1,0.9,RAPID_VOLTAGE_COLLAPSE
25660.0,0.19134046335891683,0.1752911291005871,9.989873262373607,-0.1957201348417094,3.5101516183366326,-3.467498910082427,52.144895224824694,37.776183,-122.4194,5.143252499293705,-0.1408984299951735,-0.031182705287455332,3,15.387356672948135,0,9.993243014714835,4.937916508641733,5.145182080263638,6.748440499376951,2.3893858945566393,0.39908493872795603,0.03852921672005754,22.442535444879375,0.5808861856421288,False,False,0,0.05,NORMAL_FLIGHT
25680.0,-0.1571978921015899,-0.3122986444883719,10.29563629189826,6.248552100921593,0.9883778347712258,-6.448958586443378,52.12496013570053,37.776184,-122.4194,4.748970186558968,0.08240865805442638,-0.03276075260921118,3,15.430200237692295,0,10.30157115568703,9.033845302630574,4.749685149538678,15.41640704860976,0.9967544562080377,2.1421782372080145,0.06298847874702354,22.442535444879375,0.7910697827355051,False,False,0,0.05,NORMAL_FLIGHT
25700.0,-0.2662465907115556,0.3006839656857998,9.934747988836603,-5.282485353126301,-12.608024007310215,-7.294370488476493,52.12882884983858,37.776185000000005,-122.4194,4.706792359710225,0.030315382837627337,0.03459436679800666,3,15.405986210402281,0,9.942862550391562,15.494346120377633,4.7068899859528415,17.935430264773444,-0.1934357069021786,-1.2107013645007214,0.020707684545117788,15.494346120377633,0.5377914962411978,False,False,0,0.05,NORMAL_FLIGHT
25720.0,-0.36724107462065936,-0.06602401879329006,9.444930986897951,5.37610770590958,2.1417645688572433,-5.237042828895252,52.18804382139641,37.776186,-122.4194,4.999973662754613,-0.0635261384558609,-0.01300708412835327,3,15.397871644720956,0,9.452298478423714,7.804889949617214,5.000377205622281,24.528203598392384,-2.960748577891792,-0.4057282840662424,0.1010148860040289,15.494346120377633,-0.014360291715362905,False,False,0,0.05,NORMAL_FLIGHT
25740.0,0.10159826538250874,-0.04233339638623538,10.219012954061503,5.236382042797313,1.959143538580508,-13.657959280509447,52.200879780036196,37.776187,-122.4194,5.358356454722672,-0.07496669509459139,0.08893179073293532,3,15.400232761917168,0,10.219605671416835,14.757973845042077,5.358880844098096,38.365359649656035,-0.6417979319891742,0.11805585981061739,0.1102059977010548,15.494346120377633,-0.08196837320369355,False,False,0,0.05,NORMAL_FLIGHT
25760.0,-0.22067332123477473,-0.12554678121690113,9.628453129318201,4.317186400949393,0.10060564790429993,-7.853179202632383,52.16778302104033,37.776188000000005,-122.4194,5.339948548439729,-0.03340530820568455,0.08301176644952267,3,15.39937822005155,0,9.63179985114185,8.962178502216434,5.340053034811535,29.39029101374926,1.6548379497933752,-0.04272709328088098,0.13428722525207953,15.494346120377633,-0.22887796215634637,False,False,0,0.05,NORMAL_FLIGHT
25780.0,-0.4305781185904966,-0.05760777478441528,10.083125549905672,-0.07781544435146989,4.458502905347876,19.48963111447619,52.18773325900252,37.776189,-122.4194,5.11268087208961,-0.1298741686610492,0.05913413211727056,3,15.414960656580964,0,10.092479230946433,19.99324947022703,5.11433016137171,23.03396899022916,-0.9975118981095932,0.7791218264706856,0.1020549895011748,19.99324947022703,-0.6277312330198725,False,False,0,0.05,NORMAL_FLIGHT
25800.0,0.07771572090619283,0.2837062690296073,10.282120264966533,-14.771244706210156,-3.361967921632511,7.356551436413686,52.27311070346861,37.77619,-122.4194,4.8540006656839845,0.17222673909870256,-0.2525961281769379,3,15.380791147858254,0,10.286327144496141,16.840764457512844,4.857055127556319,9.692395677485433,-4.2688722233044984,-1.7084754361355259,0.13853766672258788,19.99324947022703,-1.4428185363003365,False,False,1,0.9,RAPID_VOLTAGE_COLLAPSE
25820.0,0.49859990348655814,-0.4975617313070159,9.94700640321912,-3.2086357182606466,1.6824989441045044,9.25904176727718,52.31894602709806,37.776191000000004,-122.4194,5.177368531897717,0.14861513251433442,0.012798836367726406,3,15.4025966054552,0,9.971915860350018,9.942635481480457,5.179501073722929,15.720564207306165,-2.2917661814723544,1.0902728798472872,0.06673780878238493,19.99324947022703,-1.309022057016449,False,False,0,0.05,NORMAL_FLIGHT
25840.0,-0.0012141823079786648,0.25539307721763754,9.361152356050606,-3.12958008842301,-7.834796855836764,11.772087874169149,52.34632235361984,37.776192,-122.4194,4.909515147038192,0.04517002009759393,-0.010885388073270117,3,15.406172979901664,0,9.364635632597842,14.483106235170816,4.909722936145487,30.36401138760878,-1.3688163260891173,0.17881872232319296,0.13633574527037445,19.99324947022703,-1.4544257358364376,False,False,0,0.05,NORMAL_FLIGHT
25860.0,0.16769815489032838,0.06760469622034164,9.534536350047063,-4.891274690302387,2.035451916994159,18.341345643623907,52.382601862393955,37.776193,-122.4194,4.846498592665238,-0.022339841634209087,0.016802560175953146,3,15.40832555843136,0,9.536250650883368,19.09116530286377,4.846550079925965,8.580750914276258,-1.8139754387057394,0.10762892648479294,0.1495144343042478,19.99324947022703,-2.1481884135362606,False,False,0,0.05,NORMAL_FLIGHT
25880.0,0.016365871709513004,-0.24140432957144312,10.206823340065542,0.611215022735331,9.765298477699481,-17.71422551443844,52.45459956446539,37.776194000000004,-122.4194,4.571206633675601,-0.019710798793739534,-0.0754324638546407,3,15.404007054811649,0,10.209690817424363,20.236808635230975,4.57124912943376,33.672008327049774,-3.599885103571765,-0.21592518098554336,0.16645397946917306,20.236808635230975,-2.668663054628695,False,False,0,0.05,NORMAL_FLIGHT
25900.0,-0.019777930638228535,-0.2150624786098476,9.759263194307156,-2.0948172276061734,-4.974281762337705,-12.298831152865406,52.50838090416627,37.776195,-122.4194,5.0204764396695305,0.07580657061739682,-0.13247859103992252,3,15.409017474281118,0,9.761652582017271,13.431045603187181,5.021048726852351,22.401911770354577,-2.689066985044164,0.250520973473467,0.11327997065347996,20.236808635230975,-2.352702006976628,False,False,0,0.05,NORMAL_FLIGHT
25920.0,0.18381529659755372,0.3352786054416406,9.83387206048265,-4.12306004882511,-3.799010659938876,-8.037236608946852,52.53671892322215,37.776196000000006,-122.4194,4.874026530172525,0.17578268995019508,0.046313847997504015,3,15.386395001441064,0,9.841302734316804,9.799452967831543,4.877195318101558,3.9825076149766048,-1.416900952794009,-1.1311236420026738,0.10342903064448039,20.236808635230975,-2.177728961240959,False,False,0,0.05,NORMAL_FLIGHT
25940.0,-0.05805490883773027,-0.18910137598854626,10.037647324849083,-5.294000741239099,-3.5500772144577613,-4.697297964895977,52.59015103420166,37.776197,-122.4194,5.0192860759057005,-0.057039673959674325,-0.035630131773206196,3,15.378162444603126,0,10.039596282764107,7.917960611664356,5.019610167750706,9.914677422365159,-2.6716055489753643,-0.41162784189694435,0.06695193284969224,20.236808635230975,-2.4382868058182083,False,False,0,0.05,NORMAL_FLIGHT
25960.0,0.053478462814380595,-0.2306701021191919,10.018896858624098,-3.5775649274261436,0.6499911290079764,-3.0056939058524894,52.536068479388454,37.776198,-122.4194,4.540128460752587,-0.11175860426233242,0.057469299370759945,3,15.44528816290203,0,10.021694612476699,4.717589970887411,4.541503762605766,0.8950835143703983,2.7041277406603115,3.3562859149451896,0.031206174998437686,20.236808635230975,-1.5346661699449982,False,False,0,0.05,NORMAL_FLIGHT
25980.0,0.06433956123920273,0.22746290847294587,9.89363994371564,5.607496059249641,-5.315181364268591,-4.469775528060408,52.46095521677144,37.776199000000005,-122.4194,5.033965334516737,0.15476407735952713,-0.06709143776847712,3,15.389272355132928,0,9.896463524398856,8.92603261593952,5.036343803669201,6.261554403892156,3.755663130850806,-2.8007903884550878,0.014039362544861838,13.431045603187181,-0.06355652306048398,False,False,1,0.9,RAPID_VOLTAGE_COLLAPSE
26000.0,-0.13361809072860975,0.06771057525718285,9.74739948863386,-3.3051252731374707,2.1062368934549007,2.1930891313205407,52.468810149303636,37.7762,-122.4194,4.513775767205674,-0.17871385875844514,0.14159106404926766,3,15.390758134198714,0,9.748550420815972,4.491071905503059,4.517312289395709,7.395655179144178,-0.39274662660986337,0.07428895328933649,0.015059563831309401,9.799452967831543,0.39570754862637614,False,False,0,0.05,NORMAL_FLIGHT
26020.0,0.19840846990730457,-0.18758511530727978,9.716199466280294,-2.5746935321663624,4.234199727345826,0.352953907452159,52.472244184786156,37.776201,-122.4194,5.217588050653711,-0.10085308082526463,0.10010648425707634,3,15.407153600353558,0,9.720035296487419,4.968105330648748,5.218562676660723,1.425756216427665,-0.17170177412602072,0.8197733077421887,0.022137080496741745,8.92603261593952,0.6447473843599738,False,False,0,0.05,NORMAL_FLIGHT
26040.0,-0.03499195133908173,0.0433249950809238,10.067369647587403,-2.2834880751162316,2.6717360672689217,-7.228347951782497,52.445048682110496,37.776202000000005,-122.4194,5.104378246827017,-0.02468578925108528,0.029682710854588037,3,15.424668159030478,0,10.067523683261014,8.037506175075816,5.1044379391733035,17.374419338679736,1.3597751337830033,0.8757279338460044,0.024448061934374057,8.92603261593952,1.4510235209116473,False,False,0,0.05,NORMAL_FLIGHT
26060.0,-0.15114903189856896,-0.20515053672805547,9.97607085932034,1.6949675690470984,-8.842077128190361,-21.7554877698757,52.486341315601884,37.776203,-122.4194,4.944267045715082,-0.15604334678050313,-0.02132884133859472,3,15.381005385635293,0,9.979324754849104,23.54477630189337,4.946728832816552,4.4099464205954675,-2.064631674569384,-2.183138669759277,0.022035243406347427,23.54477630189337,0.49727163786570827,False,False,1,0.9,RAPID_VOLTAGE_COLLAPSE
26080.0,0.10730196871408071,0.22016427968452104,9.732809999814664,2.281247442642664,4.97583832579303,-9.928687053786982,52.393198136279324,37.776204,-122.4194,5.112543972016415,0.11121490628065983,0.0852408877798197,3,15.37106921739759,0,9.735891151560356,11.33763130248253,5.113753476770307,12.171680164437415,4.657158966127994,-0.49680841188513014,0.0260611910690189,23.54477630189337,0.677570804921146,False,False,0,0.05,NORMAL_FLIGHT
26100.0,-0.17969359635820747,0.2122741929746267,10.134633693897943,-15.22328269621581,4.6868370712684,-5.492386533125753,52.36645952347643,37.776205000000004,-122.4194,4.80438514746729,0.08569052705051,0.039254781523740595,3,15.365352030532943,0,10.138449103835686,16.848771100907644,4.805149270483747,20.12789761376652,1.336930640144729,-0.28585934323235307,0.0366361854703611,23.54477630189337,1.0235062582720644,False,False,0,0.05,NORMAL_FLIGHT
26120.0,0.00563623147382565,0.10640123976438863,9.771289765461065,5.1081760691380405,4.150806861731522,-2.4707943680771947,52.34221174623255,37.776206,-122.4194,5.014475103122979,-0.057479322721531716,0.023858418793060485,3,15.421206796766226,0,9.771870684343545,7.0304683461369795,5.01480452583954,18.328920974607055,1.2123888621939471,2.7927383116641558,0.0317772568241143,23.54477630189337,1.300324385536058,False,False,0,0.05,NORMAL_FLIGHT
26140.0,-0.0018237993288407089,0.07233221224940332,9.554501347699683,7.18184017121877,1.864211243279125,-11.296674593105369,52.260396656977576,37.776207,-122.4194,5.1589548076920675,0.12796141191777477,0.10428654095596086,3,15.36773210739434,0,9.55477531281442,13.515508450184637,5.160541524951532,10.85476857645622,4.090754462748691,-2.6737344685942688,0.0513097754407941,23.54477630189337,1.8465202513291956,False,False,1,0.9,RAPID_VOLTAGE_COLLAPSE
26160.0,0.21717911316631563,0.35223762497347477,9.582308790328996,-5.250932686808348,1.100946571025664,-4.9080646649642015,52.335133207341045,37.776208000000004,-122.4194,4.381142150181722,0.14492924284038264,0.14265361544066402,3,15.387092703180645,0,9.59123974597961,7.271415005974811,4.383538641956885,1.8232216582594774,-3.7368275181734134,0.9680297893152279,0.05363274561531466,16.848771100907644,1.5120810826083897,False,False,0,0.05,NORMAL_FLIGHT
26180.0,0.09493964657599056,-6.273452235494242e-05,9.51637774910707,-4.861491223674173,5.161946990631984,-11.309873884855863,52.267173143907875,37.776209,-122.4194,4.9105551280644955,-0.011317064829006355,-0.12524111844855446,3,15.36724770005749,0,9.516851317748309,13.348896618945712,4.910568168930848,3.7194214115650936,3.398003171658459,-0.992250156157759,0.06569855285348701,16.848771100907644,1.2602499237144826,False,False,0,0.05,NORMAL_FLIGHT
26200.0,-0.005005391749028784,-0.23637482508416024,9.728276995018895,-2.2512669388913573,9.617567438017273,-1.2581935154833301,52.23775614104249,37.77621,-122.4194,4.995471173972725,-0.04506681775680075,-0.10503841073498064,3,15.356975853126578,0,9.731149541739352,9.957351915914176,4.99567445577223,10.71491119955219,1.470850143269331,-0.5135923465456216,0.012567944797629007,13.515508450184637,1.287033824339403,False,False,0,0.05,NORMAL_FLIGHT
26220.0,0.16355325984005742,0.08989478256646138,10.180117283500858,-3.780020097283024,-4.765202316824249,-10.730913283626153,52.28315512893275,37.776211,-122.4194,4.960741276450847,0.22596020277424783,-0.0780260725478798,3,15.379245039211263,0,10.181827863727115,12.334837046221363,4.9658848179474475,22.53391609938813,-2.269949394512949,1.1134593042342544,0.07461009269837025,13.515508450184637,0.5905661729980238,False,False,0,0.05,NORMAL_FLIGHT
26240.0,0.2780415098034627,0.4172094099074228,9.568471445690848,1.1196343697330318,5.3906269789738595,-8.489046563704646,52.315457396104186,37.776212,-122.4194,5.291420365245481,0.07211618220841551,-0.15024245976435519,3,15.365486387733707,0,9.581597809336927,10.118119978981964,5.291911774157893,30.01150271950941,-1.615113358571918,-0.6879325738777808,0.07260290567088247,13.348896618945712,-0.550607391266098,False,False,0,0.05,NORMAL_FLIGHT
26260.0,0.11156206127037245,-0.20295189863717045,9.866542728305431,-9.732626431794321,-0.43108549003726376,-13.08684130989139,52.260048661279946,37.776213000000006,-122.4194,4.775219775015423,0.025632465296885332,-0.006274852556915117,3,15.369559127339459,0,9.869260406745386,16.314878713335933,4.775288569602422,14.383129870422984,2.7704367412120234,0.20363698028758037,0.07008886972993784,16.314878713335933,0.7508454606109893,False,False,0,0.05,NORMAL_FLIGHT
26280.0,0.0020705239686761214,-0.07229255333879715,9.612993196311777,-5.589638040183699,-0.6483652601430034,-1.5350069556978385,52.29417312174298,37.776214,-122.4194,4.875768151310954,0.13635459466396124,0.060011645524450624,3,15.422663372583667,0,9.613265246141617,5.832724687902705,4.877674409062602,12.799758030188446,-1.706223023151665,2.6552122622104157,0.05944860454904374,16.314878713335933,-0.2699997783510355,False,False,0,0.05,NORMAL_FLIGHT
26300.0,-0.2623672464700319,0.08328920762029053,9.731907287618569,7.695986000874537,-7.682653451910192,-8.664477699523983,52.30866234567589,37.776215,-122.4194,4.6168261947383105,0.03019306350030214,-0.0021418294952336623,3,15.39018876750616,0,9.735799562384678,13.904119475657309,4.616924921796472,6.126715812153005,-0.7244611966456205,-1.623730253875344,0.05930349920506793,16.314878713335933,-0.7090620463340258,False,False,1,0.9,RAPID_VOLTAGE_COLLAPSE
26320.0,-0.21302273261507454,-0.010780969801147832,9.356987636404424,-4.641099836740089,-1.4239470475769753,9.067842666754293,52.42531412378146,37.776216000000005,-122.4194,5.302057330254629,-0.05056205859191885,-0.05341216416128957,3,15.399469810601186,0,9.359418386937616,10.285582313019603,5.3022984124882955,18.81905877235308,-5.832588905278513,0.46405215475129324,0.03606471765442171,16.314878713335933,-1.4215899484871386,False,False,0,0.05,NORMAL_FLIGHT
26340.0,-0.06104494087093353,-0.19646071607546292,9.74383853125304,6.217141390514625,-4.986324789842077,4.05850266692899,52.44551114458488,37.776217,-122.4194,4.95074197147824,0.008015976048755348,0.11264577571291581,3,15.396483186254486,0,9.746010087256128,8.94358573933931,4.950748460993374,19.329585015925588,-1.0098510401707728,-0.14933121733502475,0.0373384555938062,16.314878713335933,-1.3005374848069096,False,False,0,0.05,NORMAL_FLIGHT
26360.0,-0.12190244043185663,0.2243715712460942,9.751888386058512,1.7766909779506843,-2.3192721475297287,-0.69851868183643,52.43844905353145,37.776218,-122.4194,4.912318222392659,0.10386542873197352,0.014055640320674965,3,15.377122351323314,0,9.75523089942568,3.003927841062935,4.913416158370533,0.4610406084776031,0.3531045526713683,-0.9680417465586011,0.028278932911052126,13.904119475657309,-1.7840039225150406,False,False,0,0.05,NORMAL_FLIGHT
26380.0,-0.0373942605970892,0.4640081444034519,9.972086383210709,-9.046338572941291,-5.490931918890749,-7.9748549734378855,52.39562395567548,37.776219000000005,-122.4194,4.989503463537857,-0.19921855663492138,0.03429829673663184,3,15.369494777384734,0,9.982945894024207,13.25084475652574,4.993479032294416,11.385749729926342,2.141254892798372,-0.3813786969289801,0.050310544435570495,13.904119475657309,-1.0145083393250331,False,False,0,0.05,NORMAL_FLIGHT
26400.0,0.011329984979421434,0.03922629180478147,9.876984273976612,3.1766459760810313,-2.2445419365650316,3.8052030531630288,52.358411787327704,37.77622,-122.4194,5.1272471656860645,-0.028803073943922106,0.115423480489976,3,15.382417411596903,0,9.87706866529284,5.4413801960671835,5.127328067824839,5.293861436568292,1.8606084173889315,0.646131710608433,0.05570887744368889,13.25084475652574,-0.49749441651812276,False,False,0,0.05,NORMAL_FLIGHT
26420.0,0.10593855087134617,-0.18081365794720006,9.450482362514387,-0.5883365109642668,-2.0305517851170163,6.9070088934863705,52.317123332554296,37.776221,-122.4194,5.069472680703225,0.1383057398581605,-0.012324193885113376,3,15.379957309545725,0,9.452805585626761,7.2232992639704,5.071358963638253,21.21315398330399,2.0644227386704017,-0.12300510255887076,0.039489317792959035,13.25084475652574,1.0819079122716602,False,False,0,0.05,NORMAL_FLIGHT
26440.0,-0.014099755611818244,-0.30979210501069504,10.135259473213063,-2.2773352812487024,0.48377459219400154,1.4268841220163029,52.385678273249894,37.776222000000004,-122.4194,5.529576842711418,-0.05118684010935176,0.2060214072624681,3,15.364361760591162,0,10.14000268938773,2.7306211998251997,5.5298137538303,34.35985518804845,-3.4277470347799266,-0.7797774477281472,0.06722539265324946,13.25084475652574,0.5983287133498294,False,False,0,0.05,NORMAL_FLIGHT
26460.0,0.09730032876524039,0.051595196244236176,9.8730909120666,1.2247854658600197,-8.073749311456655,16.037018554669306,52.38657676900071,37.776223,-122.4194,5.090787177680755,0.15461085604314098,-0.044781500387176605,3,15.3774844003312,0,9.87370515947207,17.99642996553584,5.09313445780152,13.314876495782979,-0.0449247875408787,0.6561319870018956,0.06491572846453422,17.99642996553584,0.51872284530738,False,False,0,0.05,NORMAL_FLIGHT
26480.0,0.012894882962024049,0.22077546866325154,9.869518055153247,2.3731674278339607,-7.227590738726617,4.596373180748159,52.41483912519945,37.776224,-122.4194,4.906950914166184,0.14147438193598127,0.19979482045129,3,15.35991042437533,0,9.871995478451456,8.888005284863402,4.908989944457058,0.08548405103070422,-1.4131178099368924,-0.8786987977934757,0.06085160758389802,17.99642996553584,-0.1921516952396729,False,False,0,0.05,NORMAL_FLIGHT
26500.0,-0.3950933132707743,0.09503354929907633,9.807245293984458,3.537959109873098,1.8095713536526328,9.136072175680342,52.490551505198496,37.776225000000004,-122.4194,4.887728652495211,-0.006552911548895132,-0.09747351819124206,3,15.36975743468383,0,9.81566046468927,9.962907103166966,4.887733045193079,2.8167506881093374,-3.7856189999523338,0.49235051542497743,0.0605633000918605,17.99642996553584,-1.321397178707926,False,False,0,0.05,NORMAL_FLIGHT
26520.0,-0.18786707876375086,-0.00048076818377076885,9.654672765833334,5.891264237740011,-3.9871905853504948,1.335654155359782,52.372628298088124,37.776226,-122.4194,4.9214482095166385,-0.05685393048890008,0.05174849028804415,3,15.365630498593697,0,9.6565004264353,7.238000767167124,4.921776594723349,7.9580019126984425,5.8961603555186315,-0.20634680450664078,0.030360411560238512,17.99642996553584,-0.55504965533828,False,False,0,0.05,NORMAL_FLIGHT
26540.0,-0.028817511144323096,-0.11785433035786125,9.875340701924618,2.040679563891782,5.372648951149656,6.756644532569766,52.43657198632314,37.776227000000006,-122.4194,4.699632615074032,-0.028735887414963454,-0.06425321688062371,3,15.34610829101932,0,9.876085969209749,8.87028608187357,4.69972046699515,10.979277138722399,-3.1971844117506976,-0.9761103787188752,0.008869256360559007,17.99642996553584,-0.5089371307324342,False,False,0,0.05,NORMAL_FLIGHT
26560.0,-0.2419389485682215,-0.21843272654361795,9.952676530778575,-6.878170443931809,1.1263486100752336,-7.967812326691753,52.43934183191231,37.776228,-122.4194,5.007972841498317,0.2664614492001435,0.11195661169810925,3,15.323612153396587,0,9.95801272529666,10.586024897031773,5.015056698093708,4.096337804345573,-0.13849227945854636,-1.124806881136653,0.012605712294169003,10.586024897031773,-0.5276506291159677,False,False,0,0.05,NORMAL_FLIGHT
26580.0,0.1199857459992409,0.16695026526497644,9.285931292596334,-2.368227288255955,3.0338107510320365,-4.583983632127938,52.46109425049433,37.776229,-122.4194,5.156693621241783,0.18744244469332438,-0.04782326078584285,3,15.35100362744743,0,9.2882069820356,5.985433493201188,5.160099201897993,33.490287163053,-1.0876209291009076,1.3695737025421373,0.07015877353064429,10.586024897031773,-0.46255125294877075,False,False,0,0.05,NORMAL_FLIGHT
26600.0,0.3061501664687395,0.18275432427711713,9.648371748796173,14.715241676343107,7.053461602104473,3.4936355348237975,52.41967408940692,37.776230000000005,-122.4194,4.877327279875352,0.01253909718067383,0.02908711906440859,3,15.405016560525343,0,9.654957507438287,16.688173878999788,4.877343398200952,18.33752627013432,2.071008054370438,2.7006466538956886,0.06754847794673365,16.688173878999788,0.7087741579157836,False,False,0,0.05,NORMAL_FLIGHT
26620.0,0.24375237033946334,-0.30914595733814665,9.733515908878923,3.622455301908638,-1.5485540590328628,3.4209948155738163,52.38191786948449,37.776231,-122.4194,4.8385239887431775,-0.060815355162040945,-0.06505419960415697,3,15.361890406380276,0,9.74147413841374,5.217605544333155,4.838906167417041,4.325831548772641,1.8878109961214307,-2.1563077072533687,0.06770725936367812,16.688173878999788,-0.09289571396365659,False,False,1,0.9,RAPID_VOLTAGE_COLLAPSE
26640.0,-0.042688574186041606,0.3179677956361368,9.886851181708284,11.846436504057484,-2.8724335270813786,5.076118229432475,52.40636016397514,37.776232,-122.4194,5.303189029258847,0.011704103558126316,0.09372251736666143,3,15.382752980026332,0,9.892054999982271,13.204389743238554,5.303201944683182,7.529043078426589,-1.222114724532375,1.0431286823028074,0.0691343007951099,16.688173878999788,0.30211822348000794,False,False,0,0.05,NORMAL_FLIGHT
26660.0,0.29814522736999044,0.11481424417880026,10.167993301778138,6.977170410995926,4.358512927994067,11.003928922787292,52.52559005399171,37.776233000000005,-122.4194,4.714703368675767,0.02438269266167647,-0.06557512606391394,3,15.32389428873393,0,10.173011386618759,13.73914093476456,4.714766417364074,14.047819331824396,-5.9614945008288345,-2.942934564620092,0.10536919899356909,16.688173878999788,-0.8624822207940497,False,False,1,0.9,RAPID_VOLTAGE_COLLAPSE
26680.0,0.02973349144042231,0.2799189290291587,9.578477755620966,1.2090103577787428,2.54756781964843,-14.24971171815412,52.57575571963246,37.776234,-122.4194,4.58643632470454,-0.12433587376093541,0.16834148447426686,3,15.345367045023904,0,9.582613151028676,14.526048736370926,4.588121355203367,29.51991177950415,-2.5082832820373824,1.0736378144986958,0.05473552537390255,16.688173878999788,-1.1466146913813446,False,False,0,0.05,NORMAL_FLIGHT
26700.0,-0.06741719422360787,-0.26842554969702304,9.660611445954649,1.5070353489055872,-0.9366515491065043,-9.744525476102961,52.63903186570339,37.776235,-122.4194,4.769419611270523,0.008004126921526019,-0.09959971069613904,3,15.337592548823338,0,9.664575048263483,9.904758877515102,4.7694263276016375,4.098094861740353,-3.1638073035463066,-0.38872481002831805,0.05401412463460852,14.526048736370926,-2.1935777629646935,False,False,0,0.05,NORMAL_FLIGHT
26720.0,-0.12268053270818796,-0.2731648310830878,9.656239766806035,-0.18290019938422897,6.9572898347797105,2.2957264107425313,52.62943180219031,37.776236000000004,-122.4194,4.691913456575141,0.132240432481173,-0.1345627918328147,3,15.359785915756238,0,9.660881738852437,7.328553341625117,4.693776668736349,0.1846654705523143,0.48000317565382034,1.1096683466449875,0.058104534100561364,14.526048736370926,-2.4751393270582156,False,False,0,0.05,NORMAL_FLIGHT
26740.0,-0.06049393729762567,-0.029793861953459386,9.569541722968639,-8.689023079232497,-1.0612215491996528,-7.243636318034607,52.599421590961036,37.776237,-122.4194,5.077245212820916,-0.17993566812164735,0.09515520780790863,3,15.411420600356077,0,9.569779306666245,11.362023603032632,5.080432638641644,4.555121609309598,1.5005105614637415,2.5817342299919943,0.06317756317302622,14.526048736370926,-1.9306142698589923,False,False,0,0.05,NORMAL_FLIGHT
26760.0,-0.07763536370824575,0.10055688537903884,9.705844051466322,0.09023626234112139,0.16386818777890716,33.77768241289362,52.56038134338208,37.776238,-122.4194,4.927859099910085,0.08265839651372482,-0.05916436402635217,3,15.371335844397326,0,9.706675418920705,33.7782004338939,4.928552294445181,6.844805612723004,1.952012378947643,-2.0042377979375914,0.0034154726258118296,33.7782004338939,-0.34791289390369684,False,False,1,0.9,RAPID_VOLTAGE_COLLAPSE
26780.0,0.03408324447509754,0.35927216458539274,10.041240665996392,6.0533727627109855,0.10611325417129203,5.15719619170136,52.535967657147246,37.776239000000004,-122.4194,4.956062590995232,0.13747979700547797,-0.0007237313449535615,3,15.395192890985722,0,10.04772373566568,7.953065722521162,4.957969049968649,17.05241583724879,1.2206843117418487,1.1928523294198357,0.03405520264623865,33.7782004338939,0.39788062485214937,False,False,0,0.05,NORMAL_FLIGHT
26800.0,0.03211479620997292,0.14121578276302632,9.493849351390697,-2.9981999741060186,-4.672969474492356,-0.7833084893015723,52.43332853548872,37.77624,-122.4194,5.230586835394955,-0.05605573450943682,-0.03222411538357208,3,15.355341480553841,0,9.494953857936252,5.607086496896459,5.230887198934651,27.638493886471416,5.131956082926337,-1.9925705215940503,0.045352014422583055,33.7782004338939,2.057033302146678,False,False,1,0.9,RAPID_VOLTAGE_COLLAPSE
26820.0,0.000609204030682894,-0.04853625536240667,9.938344318545871,2.0597649953090476,0.38792694743195477,-5.154692730838591,52.397082568344146,37.776241,-122.4194,4.861733027767444,0.16941757581910566,-0.13126082671526904,3,15.38687717737205,0,9.938462855652636,5.56452839886765,4.86468399264343,22.175449885819187,1.81229835722867,1.5767848409104168,0.05588779640399337,33.7782004338939,2.323492338461648,False,False,0,0.05,NORMAL_FLIGHT
26840.0,0.08738763394926997,-0.20527384153317843,9.2994293309945,4.257955229465987,6.983800886992456,-4.801622831930445,52.36906491054115,37.776242,-122.4194,5.155017882349128,-0.06903370624483454,-0.0076993664138338,3,15.400194498815999,0,9.302105128988053,9.484684464198537,5.155480095969451,31.81788633322915,1.4008828901499015,0.6658660721974741,0.09454120564549537,33.7782004338939,2.30356680419888,False,False,0,0.05,NORMAL_FLIGHT
26860.0,0.23812925495726828,0.24600011454383003,9.641598601067338,-4.548402196562377,2.224841576880879,0.30140661315177375,52.36029700182141,37.776243,-122.4194,5.302264559840641,0.04410826618604038,0.12649158949723022,3,15.355691558141526,0,9.647675636262122,5.072349409333202,5.30244801970637,17.278525363703423,0.4383954359870046,-2.225147033723651,0.09498101048583274,9.484684464198537,2.0008434156067523,False,False,1,0.9,RAPID_VOLTAGE_COLLAPSE
26880.0,0.18991082708826476,-0.19294108515014297,9.711153209934604,-2.2565143217183232,0.1553171319946572,1.119819326212577,52.366884507308775,37.776244000000005,-122.4194,4.9088675003972675,-0.03067726846636304,0.10031370033055656,3,15.346243220032582,0,9.714926096034258,2.5238810627622965,4.908963356071939,3.3625229886068198,-0.3293752743683598,-0.47241690544721493,0.056972119361868453,9.484684464198537,1.6908314983847106,False,False,0,0.05,NORMAL_FLIGHT
26900.0,-0.2969795936899807,0.32569371095446437,10.31245790187422,-5.089557452385796,-0.808836405828345,-4.56699144693513,52.38500705074005,37.776245,-122.4194,5.147404571111263,-0.030699635716260356,0.02317927626259248,3,15.32982187030472,0,10.32187295263566,6.885871206238738,5.147496118146203,30.3473428300701,-0.9061271715637531,-0.8210674863931011,0.1421848010787425,9.484684464198537,0.48321484748669263,False,False,0,0.05,NORMAL_FLIGHT
26920.0,-0.5107842269803909,-0.05687692992130187,9.727559308574195,-4.110828033447034,1.6543351420317562,-2.731522465199018,52.384260782117906,37.776246,-122.4194,4.951636417494204,-0.06172990697580455,0.11122682930351072,3,15.349146458660377,0,9.741126506391224,5.205472779740776,4.952021182554662,29.037322312221825,0.03731343110722207,0.9662294177828379,0.1348320702116217,9.484684464198537,0.12821786226240306,False,False,0,0.05,NORMAL_FLIGHT
26940.0,0.18686398224785475,0.3181164145235701,9.149626957964726,-6.438026418265306,3.7488331424459256,13.442845752345963,52.355188627800764,37.776247000000005,-122.4194,5.184819625768158,0.06985754808620198,-0.10595185846941767,3,15.356115172123326,0,9.157062283885903,15.369191130750796,5.185290216446451,29.203211125266026,1.4536077158570748,0.3484356731474847,0.1711981749208232,15.369191130750796,0.13876282740383772,False,False,0,0.05,NORMAL_FLIGHT
26960.0,-0.2733757396830842,0.13578625801185568,9.210333327941626,-4.502242306890134,3.0461941544487647,13.845049626510342,52.25702069563749,37.776248,-122.4194,4.685702162484746,0.08488054577314491,-0.03254543289050063,3,15.394245885753687,0,9.215389965416787,14.873966645689487,4.686470896374474,2.916384076544176,4.908396608163557,1.90653568151804,0.22345531508798688,15.369191130750796,1.0327630618391481,False,False,0,0.05,NORMAL_FLIGHT
26980.0,-0.04495308037853671,-0.027399097888491653,9.820208875904004,7.097278403989195,-1.6593243091098957,2.52033979934877,52.2282552652174,37.776249,-122.4194,4.670897550974931,-0.0064422199577188685,0.03958049407302082,3,15.326876908712176,0,9.82034998645081,7.712122315596132,4.670901993609114,30.248001051701134,1.4382715210047081,-3.368448852075545,0.23015079118242168,15.369191130750796,1.3862924209137617,False,False,1,0.9,RAPID_VOLTAGE_COLLAPSE
27000.0,-0.2340226052118719,-0.10387927436522533,9.994131256736972,-4.577385145451462,1.6239079705505728,-13.412597272367377,52.17963273333305,37.776250000000005,-122.4194,4.921746457018492,-0.13599682136722743,-0.01304148268171117,3,15.353119200855431,0,9.997410517743068,14.264897386849096,4.923625018479379,8.853026564612954,2.431126594217403,1.312114607162762,0.14239544163989015,15.369191130750796,2.053743174069993,False,False,0,0.05,NORMAL_FLIGHT
27020.0,-0.36039608751600394,-0.06818157546921597,9.922636757288176,0.6322960953034502,2.399698705741393,5.385031566390435,52.20293607074698,37.776251,-122.4194,4.8222150381880455,0.04031701666343898,-0.024682333047655727,3,15.314789375341093,0,9.929413592162264,5.929326875918912,4.822383574163255,3.3998462790401973,-1.1651668706964102,-1.9164912757169361,0.16406478934650215,15.369191130750796,1.8132471137092665,False,False,1,0.9,RAPID_VOLTAGE_COLLAPSE
27040.0,0.10829254564095761,0.0856633384750475,9.860271031740298,-2.514343768354779,-5.035974937634892,15.542824416110259,52.24840044058167,37.776252,-122.4194,4.896658178114023,0.04220143594106939,-0.12006437323210953,3,15.341689855979508,0,9.861237767257059,16.530649079451916,4.89684002949723,3.4087912452602787,-2.2732184917344966,1.345024031920783,0.09886067747087994,16.530649079451916,1.0678818721909522,False,False,0,0.05,NORMAL_FLIGHT
27060.0,0.1518310320605294,0.015431299243543348,10.1586778792517,5.894329685184695,0.8411527059184719,13.697811019623787,52.29532899393466,37.776253000000004,-122.4194,4.956094683510572,-0.021671501138642742,-0.20813413886427115,3,15.355602594491913,0,10.159824163915964,14.935885880711941,4.956142064739807,14.929319832945254,-2.3464276676495643,0.6956369256202244,0.017829771644433057,16.530649079451916,-0.383082982971672,False,False,0,0.05,NORMAL_FLIGHT
27080.0,-0.11530208014534389,-0.11876228161374103,9.648122633778861,6.555811483018083,-10.80651943151181,7.344258528096671,52.33317663074105,37.776254,-122.4194,5.14400270636725,0.18672312871808086,0.08178664249496362,3,15.358775925184837,0,9.64954244540413,14.61840140891044,5.14739053986696,25.5140859255917,-1.8923818403195014,0.15866653464620128,0.03504889996769468,16.530649079451916,-1.0492136552365139,False,False,0,0.05,NORMAL_FLIGHT
27100.0,-0.518208458428982,-0.03312628206352645,10.078473166808049,4.320349910694735,2.412668549105925,14.224229552858215,52.326500343968426,37.776255,-122.4194,4.918467884286813,-0.15639292649006542,0.024322157325222585,3,15.359454298511299,0,10.091841196284282,15.0603817764056,4.920953675479676,22.114937544007596,0.3338143386311998,0.03391866632309615,0.04051157741262897,16.530649079451916,-1.4686761063537546,False,False,0,0.05,NORMAL_FLIGHT
27120.0,-0.10924888965049656,0.01571540594382996,9.320395534492075,1.5306727655137766,3.301715272813408,0.5338427247902175,52.30040256569463,37.776256000000004,-122.4194,4.835227737875383,-0.2217283710253568,0.09019983782100931,3,15.354771492363591,0,9.321049040384546,3.678215724046967,4.840308951672099,38.53960779498679,1.3048889136896946,-0.2341403073853776,0.11725800107201037,16.530649079451916,-0.9746649494765336,False,False,0,0.05,NORMAL_FLIGHT
27140.0,0.0783608010805093,-0.42574681888296245,9.538515650118581,-1.1552976842044929,3.737730628932297,6.28102969833705,52.263047428011284,37.776257,-122.4194,4.92969732464822,-0.07308348996976709,-0.04372359421583744,3,15.357581425295173,0,9.548333968629922,7.399775473957227,4.930239031644407,11.36424641226883,1.8677568841674486,0.14049664657909133,0.12987157167894475,15.0603817764056,-0.14646987429614455,False,False,0,0.05,NORMAL_FLIGHT
27160.0,-0.2957823137548258,0.09163362295773975,9.267887581520455,-5.959373520956249,-1.9752342608478375,-6.807755663251802,52.18767248218119,37.776258000000006,-122.4194,4.846170944038676,0.07104245340914495,-0.0712777884827594,3,15.346037343860695,0,9.273059048754494,9.260735409136716,4.84669163956519,13.763745993771437,3.7687472915045817,-0.5772040717238802,0.10725908122666326,15.0603817764056,1.0765651175346846,False,False,0,0.05,NORMAL_FLIGHT
27180.0,0.03667198395583113,-0.19594424494336138,9.727546409799062,9.717644405610987,1.545234175120174,2.9226545615571213,52.23726516720659,37.776259,-122.4194,4.813198899587457,-0.1055844637433841,0.0006547966636634446,3,15.323314809948256,0,9.72958879584992,10.264612566290678,4.8143568340925755,22.826487354771352,-2.479634251269758,-1.136126695621975,0.1114533437213824,15.0603817764056,0.9591146353446334,False,False,0,0.05,NORMAL_FLIGHT
27200.0,-0.0030619698345991115,-0.23066648064114903,9.796121634820098,-3.798365088762767,7.119769227705834,13.295342439705244,52.22852961531009,37.77626,-122.4194,4.677396637284606,-0.09809709185260754,0.08541996486128164,3,15.306388571581827,0,9.798837455797551,15.552646777714271,4.678425198922313,3.462432997381537,0.43677759482498857,-0.8463119183214296,0.05550936453940286,15.552646777714271,0.9797072865833911,False,False,0,0.05,NORMAL_FLIGHT
27220.0,0.11585829992021768,-0.3374688694221421,9.844230447667956,3.318231735164207,7.068848241456294,-5.89423411486891,52.166212600629045,37.776261000000005,-122.4194,5.013895623244216,0.09510213361781547,-0.023145221498765425,3,15.331637529208079,0,9.850694467411031,9.783724909760856,5.014797477127682,2.592850580674,3.115850734052117,1.2624478813125783,0.055173979631623085,15.552646777714271,1.3418996506558756,False,False,0,0.05,NORMAL_FLIGHT
27240.0,0.023916073682830653,-0.3587784995735781,9.82856500586614,5.297827863116986,-0.14586349613280314,-8.614434294642864,52.12488803184353,37.776262,-122.4194,4.8862588586805895,0.04625479227977497,0.08017851843284858,3,15.33902855176895,0,9.835140266659808,10.114184813589372,4.886477784646461,0.7777100375611745,2.066228439275619,0.36955112804353263,0.05846561830862958,15.552646777714271,1.3815939616775097,False,False,0,0.05,NORMAL_FLIGHT
27260.0,-0.19461378817631111,-0.27108950062245785,9.531734000756483,-2.7764024845266473,0.6965981536477992,0.9748893902369684,52.0815393590219,37.776263,-122.4194,5.193255747846934,0.037706090962839986,-0.10063080055930869,3,15.36594907116112,0,9.537573963281924,3.0239161805426864,5.193392630240941,14.878315168894218,2.167433641081473,1.346025969608533,0.016328525696394494,15.552646777714271,1.061331231592888,False,False,0,0.05,NORMAL_FLIGHT
27280.0,0.23931430033289827,-0.1418041915260981,9.752927746676036,5.19006263657981,5.554555723672165,-2.2666220372399954,52.08369058327266,37.776264000000005,-122.4194,4.710520781588212,0.07814289194655283,-0.01614471331698672,3,15.338007976501878,0,9.756893941975669,7.932680185076351,4.711168893739237,10.96599893468726,-0.10756121253798767,-1.397054732962122,0.016193964086364785,15.552646777714271,1.535745839339242,False,False,0,0.05,NORMAL_FLIGHT
27300.0,-0.03170591460539401,0.3906518275053137,9.360765999418277,3.8210660166942767,-7.504010076310874,6.491477210704204,52.137063975826194,37.776265,-122.4194,4.891583288990424,-0.04251929532728843,-0.007011414407803108,3,15.335238204108062,0,9.368967617150753,10.632496842529653,4.891768081543268,19.39631624124578,-2.6686696276765787,-0.13848861969076864,0.04390734989921027,10.632496842529653,0.9146563948389286,False,False,0,0.05,NORMAL_FLIGHT
27320.0,-0.005460907901986372,-0.10517593517904078,10.218968692539676,8.639819176908826,-1.6153787133851227,-4.5325952594704235,52.11966449834642,37.776266,-122.4194,5.36258144413175,-0.03789840740581913,0.122638994392192,3,15.346029702116626,0,10.219511384501802,9.889405623368527,5.3627153601724995,42.52718836755243,0.8699738739888829,0.5395749004281747,0.10446103594417738,10.632496842529653,0.4654810228262818,False,False,0,0.05,NORMAL_FLIGHT
27340.0,-0.18665359181463922,0.03555002125360627,9.7189121781306,-2.346732332133556,6.677852277683782,17.18439615602714,52.00703782260723,37.776267000000004,-122.4194,4.81207809658043,0.0809779272561425,0.02076273980159083,3,15.33206849461816,0,9.720769377655438,18.585056764199773,4.8127593989614565,24.937100342318175,5.631333786959303,-0.6980603749233261,0.10184340216759014,18.585056764199773,1.1785020923630185,False,False,0,0.05,NORMAL_FLIGHT
27360.0,-0.08865645023830207,0.08009627730126574,9.663334164286892,-6.429320086398574,4.87600270842383,-12.896760979610558,51.99757880584929,37.776268,-122.4194,4.952693349580775,-0.13448867807811996,0.1746077518294195,3,15.352829149133516,0,9.664072772412293,15.213086568843622,4.954519009905284,2.8348302621572508,0.4729508378972014,1.0380327257678346,0.0934584431530685,18.585056764199773,0.8396055317261641,False,False,0,0.05,NORMAL_FLIGHT
27380.0,-0.1769605428053802,0.026213037243169746,10.286682098533225,-2.527448777222556,1.8463188882495232,12.537347862197345,51.98976911084443,37.776269,-122.4194,4.756831203434927,-0.21427198463985464,-0.13476847999474825,3,15.375354556309649,0,10.288237494989868,12.922150833987935,4.761654710431414,31.208236128878752,0.3904847502429476,1.1262703588066358,0.15280642147198226,18.585056764199773,0.9392147242823512,False,False,0,0.05,NORMAL_FLIGHT
27400.0,-0.0345892119846846,-0.01548869214519873,9.437326039935233,1.0442677126716586,-7.529162026653102,-7.648492283081031,51.978523099297654,37.776270000000004,-122.4194,4.730314497443803,-0.04332841736278544,0.012991890441127968,3,15.378733169013579,0,9.437402137093116,10.783237458373696,4.730512931646862,42.54176789483761,0.5623005773387035,0.16893063519649587,0.13720436703354003,18.585056764199773,1.5854087652854076,False,False,0,0.05,NORMAL_FLIGHT
27420.0,0.3423416960284687,-0.23905875271984894,9.47232386579041,0.29106363542528235,-0.24955116520581008,-17.95982734584023,51.94715004097387,37.776271,-122.4194,5.3094621966175355,0.09308732890656916,0.017939803918044582,3,15.336007846061648,0,9.481522364183622,17.963919174732254,5.310278153554074,2.2060113545252946,1.5686529161893503,-2.136266147596544,0.11568566140215174,18.585056764199773,1.7251445737255011,False,False,1,0.9,RAPID_VOLTAGE_COLLAPSE
27440.0,-0.27438022858627126,0.2901855096558424,9.481133902539431,-1.9671894813727522,-2.949576981249665,2.378751563488674,51.95802199501016,37.776272000000006,-122.4194,5.03420789852743,0.025555969898680326,0.062009319758686725,3,15.339954455598061,0,9.48954120164594,4.269461069589615,5.034272765076742,0.4009418731159009,-0.5435977018144911,0.1973304768206674,0.12610511771645413,17.963919174732254,0.49015827597074235,False,False,0,0.05,NORMAL_FLIGHT
27460.0,-0.32271227957534826,0.36143932872757706,9.789638585490156,-9.545987294886215,1.6551945140860673,-2.5460798601388355,51.96132905076761,37.776273,-122.4194,5.026735767647525,0.08572915041230154,-0.08133599364488912,3,15.363943305499015,0,9.80162258191252,10.017388131034668,5.027466754238894,15.604069013329003,-0.1653527878726635,1.199442495047709,0.12933323995584717,17.963919174732254,0.3624975508167694,False,False,0,0.05,NORMAL_FLIGHT
27480.0,0.2942340654987217,-0.3365317388245372,9.93948948889128,2.3524149806455323,-4.046733423974401,-11.096093679030307,51.96008753506128,37.776274,-122.4194,4.660736752976756,-0.20162943104231654,0.1684446339410836,3,15.328516517421015,0,9.949536602089387,12.042973161960191,4.665096087757545,7.395701008843325,0.06207578531665092,-1.7713394039000185,0.052601910544051486,17.963919174732254,0.29681575783151004,False,False,1,0.9,RAPID_VOLTAGE_COLLAPSE
27500.0,-0.04186473543037322,-0.20480571817727591,10.03190264043535,9.861722395411,-5.128616974873037,-16.81376891715264,51.98071960313342,37.776275000000005,-122.4194,5.07174827762166,0.03154968083234918,0.0012963941471759196,3,15.344249175504817,0,10.034080357733064,20.155870258525553,5.071846406775239,4.227187782183872,-1.0316034036073063,0.786632904190121,0.06577311923167606,20.155870258525553,-0.021965038357691924,False,False,0,0.05,NORMAL_FLIGHT
27520.0,-0.1338145477319833,-0.05596206847540122,10.581598595248492,2.321256190615018,-10.324326388418207,-0.0836078727145676,51.95922796197603,37.776276,-122.4194,5.231484389198765,0.06538645046423779,-0.10870675129349182,3,15.307111704860011,0,10.582592636837989,10.582388008074403,5.231892994159446,27.42561395524623,1.0745820578694776,-1.8568735322403107,0.1597438800248443,20.155870258525553,-0.12077921002166647,False,False,1,0.9,RAPID_VOLTAGE_COLLAPSE
27540.0,0.2079809374792153,-0.19290755898203826,9.135170263739772,3.045677595267568,6.109023424883508,9.758368916238178,51.934898678491,37.776277,-122.4194,5.229895412165706,-0.13507974226106848,-0.0016024990413618543,3,15.32274769927562,0,9.139573575620611,11.908907721764146,5.231639566996298,72.15095306086887,1.2164641742515414,0.7817997207804517,0.2685699048465899,20.155870258525553,0.23123316519154002,False,False,0,0.05,NORMAL_FLIGHT
27560.0,-0.12112310794737283,0.10119311069117305,9.992620676737326,2.862226530775509,-1.9988525572152873,5.849534930864443,52.00390484297027,37.776278000000005,-122.4194,5.133666645921232,0.0862057590546545,-0.03131615228801136,3,15.35123634936142,0,9.993867061457669,6.812107688987644,5.134390388774342,42.714674291852894,-3.450308223963461,1.4244325042899852,0.26636286352403205,20.155870258525553,-0.42575792202661944,False,False,0,0.05,NORMAL_FLIGHT
27580.0,0.3652019427093873,-0.14565444048132262,9.642860828228331,1.9852333494119994,0.7857289185126726,0.5670664883926549,52.031872613456045,37.776279,-122.4194,4.774102884480919,-0.011151889650579288,0.2783235142247329,3,15.312899719140155,0,9.650873153635946,2.209091620386682,4.774115909385926,17.149695391086173,-1.398388524288663,-1.9168315110632328,0.2827682711394133,20.155870258525553,-0.7178507839476822,False,False,1,0.9,RAPID_VOLTAGE_COLLAPSE
27600.0,0.13558517426785383,0.4330112135613205,9.634075455333369,4.658329834340474,-0.011190582370905467,4.788475732177351,52.073219916503184,37.77628,-122.4194,5.062624683438599,0.3071336701606002,0.10499435995250135,3,15.323852183028709,0,9.6447546329395,6.680543534196283,5.071932548517191,0.3059260348222459,-2.0673651523569703,0.5476231944276932,0.28312786975083254,11.908907721764146,-0.925003133697615,False,False,0,0.05,NORMAL_FLIGHT
27620.0,-0.09758228162914054,0.23810971886871923,9.624068361523838,1.9768684059283292,-5.337169664802497,-0.27214132377857003,52.134525145769885,37.776281000000004,-122.4194,5.133516992095322,-0.21772360688967357,0.004966135570821739,3,15.294078588478653,0,9.627508004005596,5.698021553605564,5.138131983233639,0.8623314466952081,-3.065261463335034,-1.4886797275027952,0.09295783028731927,11.908907721764146,-1.7529718379385173,False,False,0,0.05,NORMAL_FLIGHT
27640.0,0.4314616426531007,0.04251480612644298,9.537369098757608,-1.5633858482663798,-6.295324557240967,-14.297242430303712,52.16082235480113,37.776282,-122.4194,4.641111282982219,0.13691143676747508,-0.011191668519920464,3,15.364827722068283,0,9.547218232750176,15.699886232149504,4.643130267668849,4.014488562771046,-1.3148604515620832,3.5374566794814655,0.030041169789320837,15.699886232149504,-2.259236763101242,False,False,0,0.05,NORMAL_FLIGHT
27660.0,-0.12114298460066769,0.20539725266394646,10.315357450381036,-3.9799445500437702,-5.026575629986177,-14.208939852234433,52.20724178875793,37.776283,-122.4194,4.775744081703643,-0.03941580965260738,0.09510568624814651,3,15.349122492361822,0,10.318113344175446,15.58846987070283,4.7759067348492,38.54475557126351,-2.320971697840335,-0.78526148532303,0.09987106933168223,15.699886232149504,-2.033369457876617,False,False,0,0.05,NORMAL_FLIGHT
27680.0,0.1484190744018614,0.2211800848714618,10.062689198104172,-1.244868276403376,-3.615842194146965,-2.0316852898467888,52.12827453065442,37.776284000000004,-122.4194,5.177631464348688,-0.16171517144400438,0.09988621603282145,3,15.326773497075932,0,10.066213923279816,4.330329885303067,5.180156308190778,12.594971044781467,3.9483629051755287,-1.1174497642945092,0.11218924338409665,15.699886232149504,-0.9640191719837787,False,False,0,0.05,NORMAL_FLIGHT
27700.0,0.059858516081298385,-0.11278949761164865,9.816958793567213,1.5706474822533298,1.8330312350690248,-1.6065328636607445,52.13848222425422,37.776285,-122.4194,5.175209155334386,-0.0526955143564992,-0.2911549919320649,3,15.332311337981917,0,9.817789184297837,2.899635298493483,5.175477429058129,12.42123694909898,-0.5103846799897838,0.2768920452992596,0.10121944339945925,15.699886232149504,-0.6526230775103414,False,False,0,0.05,NORMAL_FLIGHT
27720.0,0.2603482578797596,-0.16324344890839296,10.215304725746101,-1.5804148056148668,-3.9785883176030574,8.509826785067652,52.12934630116351,37.776286,-122.4194,4.690283393275721,0.027747924133746594,0.06429931547333338,3,15.329228617466532,0,10.21992564937941,9.525965980971645,4.6903654715311625,20.106823254078687,0.45679615453551037,-0.1541360257692581,0.09799269983280079,15.699886232149504,0.051788446063767424,False,False,0,0.05,NORMAL_FLIGHT
27740.0,0.31230223934537055,0.01562861259392949,9.356241310410338,1.5716934156571525,8.732453157973108,7.5730422377474715,52.213230505708495,37.776287,-122.4194,5.159004291853835,0.10374666695650432,0.002796654397862666,3,15.348146465175674,0,9.361465077692738,11.66520154492505,5.160047350002795,42.92302858433361,-4.194210227249329,0.9458923854571033,0.14637536866846257,15.58846987070283,-0.5240815090736817,False,False,0,0.05,NORMAL_FLIGHT
27760.0,0.006400829813153325,0.17232722489958882,9.410788460600722,2.1957506685020878,5.135755179465756,6.0513301575894936,52.25961278229866,37.776288,-122.4194,5.019060679830724,0.17219642881321756,-0.1311143821786976,3,15.309233804055024,0,9.412368304164453,8.235040919011198,5.022013711442739,2.5451613235857096,-2.319113829508268,-1.9456330560324808,0.146776662447579,11.66520154492505,-0.5237099354072683,False,False,1,0.9,RAPID_VOLTAGE_COLLAPSE
27780.0,-0.15068357406923671,0.02781207973068353,9.156609680341594,4.165897156350909,4.041797748328541,-2.8028271307718073,52.228090522759004,37.776289000000006,-122.4194,5.15620179092143,0.14218930887043427,0.0880214139624177,3,15.333404732088411,0,9.157891672726787,6.445670491165119,5.158161950565183,12.72383157188326,1.576112976982813,1.2085464016693415,0.17977937273900885,11.66520154492505,-0.9981599210458114,False,False,0,0.05,NORMAL_FLIGHT
27800.0,0.0919944285878233,-0.3153992964381995,9.600175637963014,6.413974844194902,-0.5982945123657507,-13.806521701101396,52.246730230685465,37.77629,-122.4194,4.873095735313211,-0.09653820207044944,0.22461880135582654,3,15.339457284454284,0,9.605795748964448,15.235388774444706,4.874051873953211,22.395203811883047,-0.9319853963230429,0.30262761829362717,0.16503482307786013,15.235388774444706,-1.0824800643124632,False,False,0,0.05,NORMAL_FLIGHT
27820.0,-0.13554307395042123,-0.16056488879016848,9.858509558011427,0.3900370923942875,7.571403678602419,4.120711370660239,52.25511429735793,37.776291,-122.4194,5.12903669929618,0.11301646922661168,0.05567959468277808,3,15.341365048674163,0,9.860748638608065,8.628936481287031,5.130281686715019,12.747644482180842,-0.41920333362313045,0.0953882109939741,0.07079296146997036,15.235388774444706,-1.2576799619441914,False,False,0,0.05,NORMAL_FLIGHT
27840.0,0.40267744950532464,-0.014794572718875607,9.8408575733797,-6.538882825738304,-1.0900281556056202,5.251693132621684,52.27783086901554,37.776292000000005,-122.4194,5.168765754897125,0.039128495712087374,0.11004284422568643,3,15.271020686375394,0,9.84910380629967,8.45727088060765,5.168913857685571,0.582241615419754,-1.1358285828805492,-3.5172181149384585,0.08953454669537539,15.235388774444706,-0.6460036330704355,False,False,1,0.9,RAPID_VOLTAGE_COLLAPSE
27860.0,0.02730706621654749,-0.015133120865166053,9.854802573317965,-1.7255204840959504,-0.15630707077123038,-23.88531462477686,52.2268887455468,37.776293,-122.4194,4.929733012908858,-0.0654603020928988,0.18041190919644037,3,15.303372189274118,0,9.854852025590585,23.948071061486083,4.9301676066553295,0.28741096454574233,2.5471061734368305,1.6175751449361897,0.09222930764387371,23.948071061486083,0.3272403675185842,False,False,0,0.05,NORMAL_FLIGHT
27880.0,-0.07306431026242174,0.39450843535796165,9.386682950680177,0.22031283703299678,0.849872698746347,-8.343381865826627,52.244889568808716,37.776294,-122.4194,5.003550509234657,-0.021191059347748106,-0.08302621507200518,3,15.294123841200776,0,9.395253701502298,8.389448272040333,5.0035953832677835,22.97991620441433,-0.9000411630957217,-0.4624174036671036,0.04323281285833962,23.948071061486083,-0.16799046049712274,False,False,0,0.05,NORMAL_FLIGHT
27900.0,0.036936061172981684,-0.27719758847979964,10.050946422784207,-9.178843780885451,3.50911520271672,-6.91054377393896,52.2334820013443,37.776295000000005,-122.4194,4.8702956740990695,-0.0709842659444724,-0.18575714451669173,3,15.316648594125622,0,10.054835989182154,12.013354149086076,4.870812942329009,32.979114383992766,0.5703783732208478,1.126237646242334,0.05945687492147428,23.948071061486083,0.1324822934116554,False,False,0,0.05,NORMAL_FLIGHT
27920.0,-0.2694252579059393,0.10111784836717493,9.8818882554717,6.943322600512411,3.184540395014927,1.1835020112343628,52.247604489547086,37.776296,-122.4194,5.330327789737176,0.003709234193645584,0.06568660633095018,3,15.272485798811317,0,9.886077598445484,7.729922591647606,5.3303290803160275,8.437919536833505,-0.7061244101393527,-2.2081397657152557,0.06031706400506077,23.948071061486083,0.07509807810841096,False,False,1,0.9,RAPID_VOLTAGE_COLLAPSE
27940.0,-0.1943228077021303,0.2978226216656579,10.0299162844398,0.7118895625523314,-2.3756263922230163,-8.033604327656938,52.211385231290976,37.776297,-122.4194,4.975945612134847,-0.07296578822941202,-0.024761153644145106,3,15.271043520170082,0,10.03621842829458,8.407686126280273,4.976480557700992,7.5070414924548245,1.810962912805536,-0.07211393206176808,0.07116269817275714,23.948071061486083,0.664456377245628,False,False,0,0.05,NORMAL_FLIGHT
27960.0,0.24008278158888507,0.4542899490845592,9.242171346722985,1.9067641729014246,-2.6649685971297687,-0.3813456882464037,52.182132072721146,37.776298000000004,-122.4194,4.815595134964564,-0.10279940732174392,-0.1374173452371543,3,15.354507452613914,0,9.25644371786714,3.29897435102069,4.816692249048104,38.988735521371964,1.4626579284914953,4.173196622191622,0.13996734014368523,12.013354149086076,0.44756672825656096,False,False,0,0.05,NORMAL_FLIGHT
27980.0,-0.13137885579427916,-0.08087948463679226,9.903447257639337,6.827632312631328,3.1995147857604223,-2.1053494035299196,52.24082417373948,37.776299,-122.4194,4.85683481722505,0.04791191277827721,-0.00781699361357932,3,15.322608915329049,0,9.904648882198149,7.82853459925488,4.857071133223762,32.41025821655041,-2.934605050916872,-1.5949268642432735,0.10768337292515441,12.013354149086076,0.04065395069233091,False,False,1,0.9,RAPID_VOLTAGE_COLLAPSE
28000.0,-0.20938219653638793,0.09828589054403997,9.453670428024742,-3.1507141507117344,3.5761829194561634,-1.5914947153772794,52.18824679582247,37.7763,-122.4194,5.025354120228423,0.06287305482596371,0.07275473737906202,3,15.311824887215153,0,9.45649964744968,5.024832272024509,5.025747412546708,22.40746173742343,2.6288688958505446,-0.5392014056948113,0.11131631284495265,8.407686126280273,0.45235205521827027,False,False,0,0.05,NORMAL_FLIGHT
28020.0,0.10733055050545724,0.1139520714397294,9.690803024234592,2.8702096544201505,-1.9667556241143642,-7.163942937007461,52.13935907577037,37.776301000000004,-122.4194,5.150666234355643,-0.018759700009161193,-0.014897166476435995,3,15.315827730095348,0,9.692067280831862,7.964189196020597,5.150700397429049,11.778381669109095,2.4443860026050146,0.20014214400978503,0.10156770020119973,8.407686126280273,1.0824541377671437,False,False,0,0.05,NORMAL_FLIGHT
28040.0,0.2371408309325994,0.03909634631065817,9.970309469590916,-0.5493206155096784,-7.93594034839227,-6.389850540666776,52.13678001290959,37.776302,-122.4194,4.732834630969895,0.13676513039359725,-0.07868276307350375,3,15.310630670400947,0,9.973205864585596,10.203484320756505,4.734810275502022,14.056929187686684,0.1289531430391122,-0.2598529847200659,0.09079766176410481,10.203484320756505,0.746052183813859,False,False,0,0.05,NORMAL_FLIGHT
28060.0,0.14379066213301336,-0.019769040247861212,9.837328081876775,-0.9204343350795969,-1.0365804800412228,-10.802670597806927,52.09818549415029,37.776303000000006,-122.4194,5.36953200058849,-0.026043058649511314,-0.02235070602965103,3,15.326800439844387,0,9.838398770122623,10.89125293533844,5.369595156643343,6.740354723148645,1.9297259379648324,0.8084884721720087,0.042103346820034214,10.89125293533844,0.8394657857085264,False,False,0,0.05,NORMAL_FLIGHT
28080.0,0.1992095371611633,0.08719507790000919,9.554538006066204,-3.8609619390218963,3.1176289941292934,3.80067440573832,52.05393406253715,37.776304,-122.4194,5.061735058811124,-0.03027745451255383,-0.0019476465301345503,3,15.29335411765947,0,9.55701229101802,6.250741042312159,5.061825612350687,14.069323955230129,2.212571580657041,-1.6723161092458305,0.04338436042321247,10.89125293533844,1.868901112023309,False,False,1,0.9,RAPID_VOLTAGE_COLLAPSE
28100.0,-0.15135901771389215,-0.5064492170439371,9.811881946855326,8.328016068432637,9.027084232098904,5.711026285913682,52.05918786109757,37.776305,-122.4194,5.093291194593882,0.06604889823456973,-0.1929482262626082,3,15.308884872809616,0,9.82610948955451,13.544737819827962,5.0937194317988865,13.454859926824447,-0.2626899280208761,0.7765377575072563,0.02507145191339931,13.544737819827962,1.2905893472490249,False,False,0,0.05,NORMAL_FLIGHT
28120.0,-0.28436213334836874,0.13641389801252626,9.350539405426908,-1.8775002003778547,-5.98978981170331,-7.706179501253389,51.98393456825238,37.776306000000005,-122.4194,4.980562091235313,-0.013242558494333676,-0.014277495317069325,3,15.308850576434292,0,9.35585686866226,9.939204771828658,4.980579696180531,23.512631044612498,3.7626646422594945,-0.0017148187661852887,0.0620168783536951,13.544737819827962,1.5542450751799208,False,False,0,0.05,NORMAL_FLIGHT
28140.0,0.30026673039109736,0.025235580732393438,10.15508021876949,3.4973212344785103,-2.132856264152868,15.206400960170445,51.9335364565067,37.776307,-122.4194,5.003851793470225,0.008479772902614344,-0.13443404721448918,3,15.282514566693765,0,10.15954975348603,15.748490779187161,5.003858978584795,40.18464424118848,2.5199055872839438,-1.3168004870263594,0.09347422039411013,15.748490779187161,2.032435564028887,False,False,0,0.05,NORMAL_FLIGHT
28160.0,-0.06453596776842715,-0.04449497935565308,9.748414794151126,-9.375036937359681,-1.947017807626883,-3.1460144744204888,52.03624123565288,37.776308,-122.4194,4.970343372414519,-0.2520438470619065,0.06590259520210962,3,15.328140961831586,0,9.748729952827096,10.078670695748412,4.976729783758277,20.54099003294665,-5.135238957308985,2.281319756891076,0.09100179067452735,15.748490779187161,0.6194425849741236,False,False,0,0.05,NORMAL_FLIGHT
28180.0,-0.05016660329100947,0.4093724391439116,10.145564983276598,5.899942648448933,6.779026697157507,15.301856237965607,52.05921498860133,37.776309000000005,-122.4194,5.203559193807192,0.0016707384737974893,-0.15610425755867782,3,15.292837340639691,0,10.153944618319754,17.745741194526865,5.203559462024279,20.26073327463287,-1.1486876474226193,-1.765181059594756,0.11080011111182003,17.745741194526865,-0.052809260641808464,False,False,1,0.9,RAPID_VOLTAGE_COLLAPSE
28200.0,0.2656388283698116,-0.13498680375811045,9.652040493871187,5.261055779785293,-0.1747075022931639,-6.421271738316033,52.02188682098784,37.77631,-122.4194,4.998414282509326,-0.182719593747126,0.10126922045509362,3,15.32124888362129,0,9.65663870711003,8.303129612782518,5.001752871697314,24.865295560486178,1.8664083806747556,1.4205771490799712,0.11847010112909769,17.745741194526865,0.37301040109731787,False,False,0,0.05,NORMAL_FLIGHT
28220.0,0.11124600188013199,-0.08061519781300616,9.652927203478026,0.48717055148651517,-4.536632796861328,-20.265777765994354,52.042797574901144,37.776311,-122.4194,5.153410043698542,-0.12209505709988706,-0.04091650692139415,3,15.302348279539936,0,9.653904809904583,20.773062382337002,5.154856184362589,0.13669486027234612,-1.0455376956652884,-0.9450302040677094,0.06782163198022098,20.773062382337002,-0.5886300664876387,False,False,0,0.05,NORMAL_FLIGHT
28240.0,0.09117755441632153,0.3983106604409468,9.580743964008647,-1.1347123306896219,2.7934764146090956,4.021978249123513,52.07116409875048,37.776312000000004,-122.4194,4.913230495329485,-0.1335322538755505,-0.054297570677201215,3,15.331871296448082,0,9.58945356277084,5.026668040443789,4.915044736628621,3.222562356687142,-1.418326192466779,1.4761508454072647,0.051585945550782296,20.773062382337002,-1.3762764224377833,False,False,0,0.05,NORMAL_FLIGHT
28260.0,0.4330004689802168,-0.16641226096997133,10.072852179507922,2.000000028067832,-2.023192600204732,2.485451051189872,52.12088481975499,37.776313,-122.4194,5.0391281056624635,-0.10425831535338262,0.029445459730197205,3,15.277521592816864,0,10.083527828937436,3.7776679761005143,5.040206529657063,24.70371330832979,-2.486036050225593,-2.7174851815608747,0.0720278288860112,20.773062382337002,-0.8464358410211048,False,False,1,0.9,RAPID_VOLTAGE_COLLAPSE
28280.0,-0.1287036460760286,-0.11002305658730778,9.597170652801458,11.443953304401447,-6.121936366789772,0.34393795307583075,52.11452701828215,37.776314,-122.4194,4.839215931152116,-0.0548853859632253,-0.0866034445223392,3,15.27580357334448,0,9.598664190421896,12.983083818103845,4.8395271704897755,24.24318192577699,0.31789007364189104,-0.0859009736192462,0.043059253830860234,20.773062382337002,-0.5531202968082027,False,False,0,0.05,NORMAL_FLIGHT
28300.0,0.18556802561624744,-0.029405084686169997,10.003378629724553,-8.816183494517425,-4.4638665363807535,-6.422324784439893,52.163351903420796,37.776315000000004,-122.4194,5.243305646509907,-0.04864926155454853,0.02787457541300641,3,15.278534412341996,0,10.005142885574719,11.785476295018894,5.243531334260574,20.323934757641116,-2.4412442569321513,0.13654194987582358,0.056930165986805954,20.773062382337002,-1.4146508243295841,False,False,0,0.05,NORMAL_FLIGHT
28320.0,0.011402624979416902,0.16814689642590985,9.695264280699213,3.910136937870638,8.670209772113095,-0.34572225485819014,52.06142957717669,37.776316,-122.4194,4.833250551856177,0.06642752042571255,-0.07321087746883707,3,15.298463809959763,0,9.696728977920136,9.517417309483179,4.833707015582135,15.420695382729122,5.096116312205368,0.9964698808883732,0.05446554564902029,12.983083818103845,-0.1863200227554529,False,False,0,0.05,NORMAL_FLIGHT
28340.0,0.053718455772651386,0.04156050147066268,9.217211010032514,-4.558086510769513,1.9210461082473111,-5.112594578695273,52.008614170652905,37.776317,-122.4194,4.935004111147735,0.022238781413469702,-0.05567345123247694,3,15.325776841652432,0,9.217461242187985,7.113732783551503,4.935054218592112,23.963386786607543,2.6407703261892124,1.365651584633465,0.12031690116552758,12.983083818103845,0.6254992809757454,False,False,0,0.05,NORMAL_FLIGHT
28360.0,0.30569368528250634,-0.25852506943045256,9.63890577966406,-0.09959198149865602,0.5388002772627147,-3.0234956633175063,52.01680774073972,37.776318,-122.4194,4.937007917509051,-0.1901074428817986,0.040535416932913536,3,15.325958920887567,0,9.647216617760112,3.072743127509518,4.940666758382528,21.48776877860632,-0.4096785043408602,0.009103961756729007,0.07915130501060183,12.983083818103845,1.040770790152692,False,False,0,0.05,NORMAL_FLIGHT
28380.0,0.10156715125792476,-0.10643371262543791,9.456267535691145,-1.2394005953933152,-1.2494686790602307,8.416322557650751,52.03328941738012,37.776319,-122.4194,4.929209722465246,0.008329463754680777,-0.11385807337343828,3,15.247047251302888,0,9.457411893745782,8.598358634660146,4.929216760096105,9.490236200716495,-0.8240838320197952,-3.9455834792339495,0.08556977483690192,11.785476295018894,0.8123760090203547,False,False,1,0.9,RAPID_VOLTAGE_COLLAPSE
28400.0,0.1076592158099266,-0.12147088664244228,9.820170817104701,-2.1415912889887783,1.4607442105939943,1.8421722953009347,51.987700302996686,37.776320000000005,-122.4194,5.144499153888588,0.03182552465834273,-0.1264337301762357,3,15.297390341323501,0,9.821512132058144,3.1802178641456003,5.144597594407183,18.20501191561812,2.279455719171608,2.5171545010306495,0.055555487866322154,9.517417309483179,1.7565160042411065,False,False,0,0.05,NORMAL_FLIGHT
28420.0,0.21450146746196044,-0.015444209044609115,9.452877679297654,-0.05232564526364669,1.4011797300124715,6.099513873319773,52.00067130255984,37.776321,-122.4194,4.936668447052671,-0.03285665162529581,0.024822550741034184,3,15.227286700676144,0,9.455323676263026,6.258603046988238,4.936777786743238,18.309422789755914,-0.6485499781575754,-3.5051820323678484,0.05168085015100889,8.598358634660146,0.6075827461685179,False,False,1,0.9,RAPID_VOLTAGE_COLLAPSE
28440.0,-0.07299054590857706,0.08516873172596583,10.087792530214385,-5.670855726388952,1.4608441410366304,-2.318685066257899,51.96947929012548,37.776322,-122.4194,5.278784906108214,-0.006088597690670255,-0.002689985248938459,3,15.306595983549538,0,10.088416102902624,6.2983307876299115,5.278788417428544,31.654621331979893,1.5596006217180047,3.965464143669717,0.07173810189455578,8.598358634660146,0.3913488052742764,False,False,0,0.05,NORMAL_FLIGHT
28460.0,-0.1678419334678013,0.08364115117759442,9.782677241894092,5.145902180639835,0.574225451388765,-3.4201734580477505,51.95563133541412,37.776323000000005,-122.4194,4.836304982773966,0.01903101253970567,0.0168692744809392,3,15.312208310759136,0,9.784474476223703,6.2054516841943705,4.8363424264461035,15.197081333946016,0.6923977355679511,0.2806163604798684,0.07229699369959305,8.598358634660146,0.6117640532560387,False,False,0,0.05,NORMAL_FLIGHT
28480.0,-0.2089618388042067,-0.35520235080968043,9.756721201572379,-8.970717555993001,4.343991691527746,-11.534825308886436,52.00687002544737,37.776324,-122.4194,5.033875493988542,0.07645995976355802,0.03276392367214207,3,15.288189611754781,0,9.765420746967798,15.244547621756121,5.03445613889181,0.9526864627952492,-2.561934501662577,-1.2009349502177358,0.05061128831322908,15.244547621756121,0.26419391932748226,False,False,0,0.05,NORMAL_FLIGHT
28500.0,-0.39327131787520037,0.21278819751217123,10.006767641336275,2.69882256414171,0.11552173000365515,-3.7003661256819695,52.0523169002918,37.776325,-122.4194,4.84484280213748,-0.15748799874627348,0.0057375553806981285,3,15.289823703585913,0,10.016752955631807,4.5814515131034685,4.847401803767917,12.56661043320042,-2.2723437422214943,0.08170459155660836,0.06199178167703082,15.244547621756121,-0.6461659729511382,False,False,0,0.05,NORMAL_FLIGHT
28520.0,0.41124142598806446,0.0505137691993247,10.09917208022276,-1.6326792626728557,-4.889694177763194,-33.21114555589139,52.00246388392364,37.776326000000005,-122.4194,5.084194556506294,-0.0244317038639649,0.06080926239670689,3,15.288766424682217,0,10.107667775371246,33.60885210567921,5.084253258499415,4.545740986971936,2.4926508184080376,-0.05286394518480009,0.02747747015853968,33.60885210567921,-0.017925813638015597,False,False,0,0.05,NORMAL_FLIGHT
28540.0,-0.22064167314433664,0.27690640951878126,9.803970374469104,-5.854624469037269,-3.062114454504341,-5.902219663056348,51.94960131082263,37.776327,-122.4194,4.996810054604646,0.1508336098057729,0.00974362869786585,3,15.270754383235982,0,9.810361614692313,8.85942264241318,4.999086066437057,14.865308033946611,2.643128655050475,-0.9006020723117736,0.024050741077001992,33.60885210567921,0.19877979302847848,False,False,0,0.05,NORMAL_FLIGHT
28560.0,-0.044250724717154404,0.08883966545813438,9.578639910135212,1.0119168529934761,-9.89509346744856,-0.8187417719083905,51.929042641044965,37.776328,-122.4194,4.968987591060304,0.14166613082979562,-0.20073038996753031,3,15.29422691210463,0,9.579154093177111,9.980340101218149,4.971006635756542,11.560376075760104,1.0279334888831926,1.1736264434324184,0.04402730467005624,33.60885210567921,0.26588694369152677,False,False,0,0.05,NORMAL_FLIGHT
28580.0,-0.05536265997778414,0.22026459154715244,9.277809115166361,-7.78475543353239,10.134085580211963,5.63673654270156,51.92770532598632,37.776329000000004,-122.4194,5.237694993300705,0.085093692777578,-0.17478845946618557,3,15.28011421115253,0,9.280588531546545,13.966921871292874,5.238386180819222,14.928278081528301,0.06686575293244346,-0.7056350476050355,0.11296646435021249,33.60885210567921,0.7916469946105309,False,False,0,0.05,NORMAL_FLIGHT
28600.0,0.06148133956182015,0.09330906229002539,9.604185072889447,0.1985691085981734,4.313772959763433,-2.6867787752495675,51.894810401557585,37.77633,-122.4194,4.869131625788979,0.0536824683955676,0.19279491802420828,3,15.30249778015878,0,9.604835107930391,5.085946030622741,4.869427543014832,16.2123288191923,1.6447462214365771,1.1191784503124858,0.09379563832369266,33.60885210567921,1.5750649873421452,False,False,0,0.05,NORMAL_FLIGHT
28620.0,0.16314744250785937,0.26924515124054965,9.624836326005612,-7.114384539057772,-4.1503524756461845,3.4767354224499942,51.94684252369757,37.776331,-122.4194,5.1173030315236,0.16546347484020885,7.1867058863026175e-06,3,15.280768982069997,0,9.629983610674559,8.940222717550453,5.119977390374573,1.25742513720839,-2.601606106999199,-1.086439904439107,0.03645617833551785,13.966921871292874,0.5562136022606978,False,False,0,0.05,NORMAL_FLIGHT
28640.0,0.17209469767194907,0.10445012720355572,9.842117235897689,2.3063604215891558,-1.4092242469854996,-21.797886613902456,51.96421201578299,37.776332000000004,-122.4194,4.846208017465042,0.19178480016066657,0.0950241651717097,3,15.26497063341801,0,9.844175846620884,21.96481441317255,4.8500013977436245,10.70961179731622,-0.8684746042710856,-0.7899174325993741,0.04056296272059422,21.96481441317255,-0.14610704960361431,False,False,0,0.05,NORMAL_FLIGHT
28660.0,-0.1166154877137877,-0.019583049288580814,9.706455935658592,-4.621786668151878,-3.1843823710321666,-0.5683685220694974,51.98451627127672,37.776333,-122.4194,5.022537040032074,-0.012907998804685242,-0.034570390562707595,3,15.250623376917858,0,9.707176185620414,5.64129824311092,5.022553626884166,6.849983050023489,-1.015212774686347,-0.7173628250075836,0.043290824959292956,21.96481441317255,-0.5547363023175222,False,False,0,0.05,NORMAL_FLIGHT
28680.0,-0.0334243427572823,0.4544869440893764,10.01637989161543,-2.254970085146547,7.712736056870585,-16.795027929134033,51.92118932982947,37.776334000000006,-122.4194,4.760884934355311,-0.09694324432883202,-0.005801509439393042,3,15.243208948621447,0,10.026741330172747,18.61838206472973,4.7618718326717255,15.978257227616677,3.166347072362541,-0.37072141482052956,0.030493481649723132,21.96481441317255,0.06515996156849724,False,False,0,0.05,NORMAL_FLIGHT
28700.0,0.05651599009765993,0.1778074244559784,9.626105018618794,1.4697469397158112,-7.099385821354645,-12.083035156593327,51.979553865698655,37.776335,-122.4194,4.867496570738652,-0.02702923176244952,-0.04533646542708436,3,15.305890006789046,0,9.627912928916958,14.091173609842642,4.867571616886823,19.941420062789472,-2.918226793459411,3.134052908379914,0.028779766743296804,21.96481441317255,-0.8474346414107004,False,False,0,0.05,NORMAL_FLIGHT
28720.0,-0.04973822523670942,0.11474888420088264,9.792887649944118,-3.8627105592111795,0.5723802940938963,-1.8716554786386093,51.83854542458662,37.776336,-122.4194,4.983571390885427,0.30966955137720537,0.2465927331461365,3,15.269633607640168,0,9.79368621724747,4.330270926400158,4.993183257111826,8.288664416525648,7.050422055601757,-1.8128199574438675,0.022908300431297206,21.96481441317255,1.082970991109491,False,False,1,0.9,RAPID_VOLTAGE_COLLAPSE
28740.0,0.32146911520399857,-0.2552608833076672,10.165196232959067,-0.2898199983415126,-0.5426392128242392,12.762639878735545,51.88024819717909,37.776337000000005,-122.4194,5.362929833464616,-0.15693563427251944,0.025324242236414243,3,15.284710453286376,0,10.173480965979259,12.777457870054748,5.365225549030472,18.989737436589404,-2.0851386296236285,0.7538422823103907,0.05188046483046499,18.61838206472973,0.8396381860389823,False,False,0,0.05,NORMAL_FLIGHT
28760.0,0.09819499032765028,-0.25766152349270754,9.912547564186491,-7.569152506224269,4.134193153545572,3.7120676347005874,51.92696378406263,37.776338,-122.4194,5.020160774091955,-0.04705391395294173,-0.05348579055061975,3,15.312753142107026,0,9.916381947518639,9.389519094069506,5.020381287168319,12.854950923030994,-2.3357793441768138,1.4021344410324765,0.04404141664642826,18.61838206472973,0.575524872140889,False,False,0,0.05,NORMAL_FLIGHT
28780.0,0.1469755572099635,0.05854309642837068,9.791988737493432,3.154378017980778,-0.5200461386234749,0.1823099713711716,51.90534372469873,37.776339,-122.4194,5.330933663173341,-0.14126911524926314,-0.1651539713430191,3,15.264982032433572,0,9.793266694201419,3.2021532743263377,5.3328051421440525,6.155762665860998,1.0810029681948663,-2.388555483672672,0.04104000706598319,14.091173609842642,0.15845605130735407,False,False,1,0.9,RAPID_VOLTAGE_COLLAPSE
28800.0,0.13257625373348256,0.02910423955364816,9.629416667419447,8.824569027753856,-8.791044383277175,-0.19530389467102202,51.968989235561104,37.776340000000005,-122.4194,5.044064658338184,0.012476386287738533,0.19737334427358522,3,15.2628381441593,0,9.630373246899076,12.457673277366665,5.044080088352196,8.144672365117156,-3.1822755431186067,-0.10719441371360716,0.04075455027787998,12.777457870054748,0.1056463013755149,False,False,0,0.05,NORMAL_FLIGHT
28820.0,0.234694771497065,-0.12282451300166325,9.620030580985507,13.961044339549806,-1.2555891732122042,-7.136288932044673,51.96583435791339,37.776341,-122.4194,4.922583151105012,-0.12026910288948676,-0.016327838522830335,3,15.27189403358721,0,9.62367683766753,15.729395504735288,4.924052146012753,0.33482046157731205,0.15774388238583015,0.45279447139554563,0.05229439160302163,15.729395504735288,-1.2728893332676705,False,False,0,0.05,NORMAL_FLIGHT
28840.0,0.036204311740741395,0.028196539922412,9.554816024114416,0.4558407333321959,-4.860811089716625,-5.439834133726836,51.968955943079756,37.776342,-122.4194,5.3078713045201384,-0.010875102283361788,0.07442291195615973,3,15.27427549743011,0,9.554926219062386,7.309382369703787,5.307882445306978,3.437530930257182,-0.15607925831844227,0.11907319214499168,0.021792489378102516,15.729395504735288,-0.8870774590066333,False,False,0,0.05,NORMAL_FLIGHT
28860.0,-0.2593663895911693,0.3177253856087192,9.64769794026513,3.9410207039859335,0.3978977327828032,4.273760454707972,51.98593238244997,37.776343000000004,-122.4194,5.087403524414683,-0.1950095160018759,0.0855997290306546,3,15.310587445214221,0,9.656412164531183,5.827091488832586,5.091139688867143,5.074297273439843,-0.8488219685105491,1.8155973892055144,0.007667155322061928,15.729395504735288,-0.5896859838733803,False,False,0,0.05,NORMAL_FLIGHT
28880.0,0.07993759035052833,0.13908049491005975,10.036699751623296,-8.903128364537446,7.170885182601633,-13.853605184444945,52.14526112804052,37.776344,-122.4194,4.871455681223457,0.061762066508465045,-0.04628305234303706,3,15.30330240487838,0,10.037981635102279,17.961338078883955,4.871847186333301,19.078473528554785,-7.966437279527483,-0.3642520167920438,0.03696218132977743,17.961338078883955,-2.39917403341785,False,False,0,0.05,NORMAL_FLIGHT
28900.0,-0.1302713787583658,-0.22820170195054768,9.74343351861232,7.513671631527941,-8.69712622116139,5.930540502830212,52.21248282344467,37.776345,-122.4194,5.094114291880059,0.12223452564679749,0.0672452775386156,3,15.283553076102027,0,9.746976114699102,12.933158026907055,5.095580604602067,14.550276020158837,-3.361084770207512,-0.9874664388176413,0.03558279117150761,17.961338078883955,-2.4349358788356312,False,False,0,0.05,NORMAL_FLIGHT
28920.0,-0.10572333634995137,-0.022301765428588742,9.40506807918563,3.8811425236205306,-4.001113676999519,-3.8850706711885277,52.247539383480316,37.776346000000004,-122.4194,4.941481050018478,-0.0383943622063459,-0.060413828675161756,3,15.299273417951223,0,9.405688723677107,6.794553117391711,4.941630206191166,17.064369551099734,-1.7528280017824471,0.7860170924598009,0.056020594014227945,17.961338078883955,-2.8170502556692867,False,False,0,0.05,NORMAL_FLIGHT
28940.0,0.11727280375101866,-0.16099329617051217,10.340450787917936,-2.4196672247561652,-2.763464768917485,8.255570748695654,52.20189915915026,37.776347,-122.4194,4.602193160765741,-0.013513000707570208,-0.09904263620394159,3,15.265870337107323,0,10.342368889633754,9.035816255011314,4.6022129992197325,46.83400829783233,2.282011216502866,-1.6701540421950156,0.1306332737461802,17.961338078883955,-2.329432160705025,False,False,1,0.9,RAPID_VOLTAGE_COLLAPSE
28960.0,0.24765661428672714,-0.07753998328171224,9.905989557343549,6.185904001445046,-1.9081554770660567,9.610934572320833,52.20907865042423,37.776348000000006,-122.4194,5.1871946318531235,-0.016340723073131225,0.11644646925122125,3,15.274567583489842,0,9.909388243368342,11.587774980261864,5.18722037009769,21.649032313270578,-0.3589745636986663,0.4348623191259726,0.12047844592942451,17.961338078883955,-2.2314626797426484,False,False,0,0.05,NORMAL_FLIGHT
28980.0,0.00425431534721233,-0.08272313312592855,9.38791697984605,-1.2723803832267075,3.7006283205262216,-16.7308401250574,52.16842244573191,37.776349,-122.4194,5.218986811128386,0.018091067522502526,-0.015818937982219936,3,15.261703594042693,0,9.388282400760804,17.182392531208556,5.219018166423273,26.055292130376895,2.0328102346159227,-0.6431994723574697,0.15633495033361586,17.182392531208556,-0.23161317691396732,False,False,0,0.05,NORMAL_FLIGHT
29000.0,0.06176660251979276,-0.09552911652080104,9.677445321827753,-2.2901259150727826,-0.8677220878069375,-5.815807632272181,52.20952798809605,37.77635,-122.4194,5.367588405998455,-0.003816958696642825,0.05185128336026554,3,15.241076074069268,0,9.678113911411454,6.310407018897539,5.367589763141622,14.491575532532508,-2.0552771182067886,-1.031375998671269,0.15768153835964965,17.182392531208556,0.029548353486177348,False,False,0,0.05,NORMAL_FLIGHT
29020.0,0.3404429889270476,-0.251027074394679,9.843265914848526,2.3766746271374566,2.079013628602226,-8.555276879406238,52.216551336882794,37.776351000000005,-122.4194,5.084428738439053,0.07681169524306941,0.04109209938817711,3,15.290110511344126,0,9.85234996796234,9.1194102021181,5.085008911771055,8.711802827544268,-0.35116743933727435,2.4517218637429394,0.12185590917787417,17.182392531208556,0.3098804659752119,False,False,0,0.05,NORMAL_FLIGHT
29040.0,0.04815063589771366,-0.025530936303638025,10.321377627989214,-5.316772499151593,-3.1288652186588815,-18.12727965073143,52.1603252529021,37.776352,-122.4194,4.950255315183494,0.12330391334509457,0.0637931960055289,3,15.275816565975445,0,10.321521518264744,19.1482671513662,4.951790740787482,23.458577515120194,2.8113041990348364,-0.7146972684340724,0.11664480372321241,19.1482671513662,0.41573906248160597,False,False,0,0.05,NORMAL_FLIGHT
29060.0,0.520336622836079,-0.112121527369462,9.47756626252234,5.10812382199974,1.1496217270896876,-10.325332762094106,52.164381482073026,37.776353,-122.4194,5.166997885475717,-0.0814071222492183,-0.1556536934201625,3,15.264693635551515,0,9.492501445797403,11.577005473966565,5.167639138723159,41.45100362336702,-0.2028114585463925,-0.55614652119651,0.1348414296851132,19.1482671513662,0.44697168351206074,False,False,0,0.05,NORMAL_FLIGHT
29080.0,0.11310192912630884,-0.5858897380004536,10.102812215806784,-5.279949059634217,3.8889881543885747,24.4125584526534,52.12191060858721,37.776354000000005,-122.4194,5.169964073063781,-0.030932849277429682,-0.05852905313163699,3,15.263432383884192,0,10.120418642493062,25.277956822922338,5.170056610708887,31.395859834782947,2.1235436742909286,-0.0630625833661469,0.11089436921855883,25.277956822922338,0.4651183714470619,False,False,0,0.05,NORMAL_FLIGHT
29100.0,-0.35215255183116356,0.4105944049003326,10.229845928091704,-5.250273949115931,-3.6614977486854423,6.095098962124402,52.12947141965409,37.776355,-122.4194,5.327656236627284,0.09016194489247448,-0.0324475157496425,3,15.2325070182397,0,10.244137196347532,8.838674881591919,5.328419104385501,6.185927692723503,-0.37804055334405007,-1.5462682822246165,0.1141609258780246,25.277956822922338,0.8005656844196096,False,False,1,0.9,RAPID_VOLTAGE_COLLAPSE
29120.0,0.1506683242209065,0.21775393084333441,9.62140370847763,-4.548448942041672,3.9067905990325738,19.17287968605754,52.086517553835826,37.776356,-122.4194,4.991074475386712,-0.14216690480590324,-0.08314786729014906,3,15.242231383782169,0,9.625046859097795,20.088571776487427,4.993098822142301,30.95451686248687,2.147693290913111,0.48621827712347354,0.14197794276808295,25.277956822922338,1.3003378304696867,False,False,0,0.05,NORMAL_FLIGHT
29140.0,0.07623167697655556,-0.07526014498499922,9.726745914341931,3.797500187580611,0.2618638436378424,8.290984400183357,52.08789193550386,37.776357000000004,-122.4194,4.9668842054864815,-0.197072128184557,0.04290068480163878,3,15.267653528634897,0,9.727335783253567,9.123047882772694,4.97079230449415,5.114446207788603,-0.06871908340180255,1.2711072426363934,0.10539924744407775,25.277956822922338,0.7243331739823589,False,False,0,0.05,NORMAL_FLIGHT
29160.0,0.2579505508165491,0.003763809948119685,9.499107225787869,-3.0838768075985383,5.2273012024112635,-7.418431610084754,52.12541542860062,37.776358,-122.4194,4.856891116048295,0.02263159528984786,0.11868930775958975,3,15.249497786674521,0,9.502609680500782,9.584784899969277,4.856943843844008,11.236305137639224,-1.8761746548378255,-0.9077870980187974,0.10365384215359968,25.277956822922338,0.38966053472407225,False,False,0,0.05,NORMAL_FLIGHT
29180.0,0.1346362702539917,-0.23433086946351236,9.74896165767591,-6.739978921835844,-1.0070995003848675,-3.81771196674043,52.122762829004365,37.776359,-122.4194,5.10749241734504,0.049634641107049224,0.1345184655346298,3,15.254875353983055,0,9.752706869607353,7.811305264260257,5.1077335865171065,12.504859455328532,0.13262997981264846,0.26887836542668353,0.0798584225659665,20.088571776487427,-0.00852220417158378,False,False,0,0.05,NORMAL_FLIGHT
29200.0,-0.027691196796754764,0.3391445755621731,9.799023007697121,-3.02839999967899,1.9062232758104942,5.884361802403073,52.10321841564574,37.776360000000004,-122.4194,4.690347666353833,-0.07223001879535923,-0.03392047652098836,3,15.256286068299216,0,9.804929257821845,6.8869882791302715,4.6909037942475456,2.611119410724605,0.9772206679311779,0.07053571580808438,0.014397390579928794,20.088571776487427,0.2625300400834618,False,False,0,0.05,NORMAL_FLIGHT
29220.0,-0.24485964725787315,0.3794577389546223,10.007894999424712,-0.16021185340243435,-0.20303115839265,4.375062034730363,52.11338222669862,37.776361,-122.4194,5.155217474572513,-0.057865105412045516,0.029196586245790714,3,15.24387938900185,0,10.018078994598614,4.382699772627357,5.155542219840911,10.657486838838448,-0.508190552643839,-0.6203339648683581,0.03399672864833405,9.584784899969277,-0.26864672862792816,False,False,0,0.05,NORMAL_FLIGHT
29240.0,-0.04180465145720506,0.031338745649304924,10.137055041306134,-5.904862418321928,-0.48106131020289483,-5.773420157083338,52.14824135773826,37.776362,-122.4194,5.117567024373158,-0.07601923217408989,0.04456435044900993,3,15.237319972769106,0,10.137189682369193,8.272315303087824,5.118131609543846,5.95553438852896,-1.7429565519819334,-0.32797081163717934,0.06066699275942661,9.584784899969277,-0.6034942223439543,False,False,0,0.05,NORMAL_FLIGHT
29260.0,-0.17010409084186004,0.20470612883706896,9.585571180613506,-5.758405545171717,1.2946521411284493,-15.09993170579207,52.092882194244176,37.776363,-122.4194,5.117014040491674,-0.08669252393444345,0.06212560942035294,3,15.223580761338471,0,9.589265605848698,16.212442632397423,5.117748360782802,27.396203826024745,2.767958174704077,-0.6869605715317029,0.047415965264676466,16.212442632397423,0.3253323435644262,False,False,0,0.05,NORMAL_FLIGHT
29280.0,-0.11610468996094454,0.035057355786784775,9.219802480732202,10.556481670497922,2.684037346124519,32.87761187388739,52.10591500197943,37.776364,-122.4194,5.027645047300368,0.06934958206046,-0.0878135073072644,3,15.252047123164143,0,9.220600148631398,34.6349638987098,5.028123316524355,18.433272860865024,-0.651640386762864,1.4233180912835763,0.1327046646523891,34.6349638987098,0.1684782702493237,False,False,0,0.05,NORMAL_FLIGHT
29300.0,0.11771568088412193,-0.2673450877751861,9.803626566217128,-4.302827019069435,-6.2478245596200255,-1.4114967234280567,52.171792042930306,37.776365000000006,-122.4194,5.306595649506217,-0.11804984869976387,0.18205802682649663,3,15.266499234483973,0,9.807977580894125,7.716343375205206,5.3079085480193,29.36887161313635,-3.293852047543666,0.7226055659915076,0.13278412810838874,34.6349638987098,-0.6857362728456451,False,False,0,0.05,NORMAL_FLIGHT
29320.0,0.33398090087028126,-0.08236467379273146,9.898061258990593,-1.615211843865034,7.16816804408939,-3.2573889318261995,52.20047489109414,37.776366,-122.4194,5.174398693085372,-0.026552286143334877,0.09265201843464448,3,15.220403955474762,0,9.904036746113453,8.037544716021804,5.174466818803948,4.802958260966417,-1.4341424081916188,-2.3047639504605755,0.12036266392391905,34.6349638987098,-0.870926643955201,False,False,1,0.9,RAPID_VOLTAGE_COLLAPSE
29340.0,0.07893430596459622,0.026385593354391414,9.884825306305514,-1.8361850039964291,-9.298315202748991,1.1333446390530184,52.2033625984275,37.776367,-122.4194,4.87858456172486,-0.09053361675148525,0.0952649343692441,3,15.251945256604557,0,9.885175676758237,9.545402613271197,4.879424521566273,0.9430534677608016,-0.14438536666823154,1.5770650564897792,0.08198469503203729,34.6349638987098,-0.5512124068924606,False,False,0,0.05,NORMAL_FLIGHT
29360.0,-0.2391766124070369,-0.09090954374868884,9.711998025747286,-2.106784038852209,-3.42406054869448,-2.427285893110286,52.23534947376245,37.776368000000005,-122.4194,4.882164190060471,-0.14552889759012155,0.12034600569003968,3,15.25719865294778,0,9.715368014089137,4.696216182670956,4.884332691242746,8.490383133455026,-1.5993437667471966,0.262669817161143,0.07935517088780575,34.6349638987098,-1.4246727951827154,False,False,0,0.05,NORMAL_FLIGHT
29380.0,0.08892053364402815,-0.0437306554870072,9.847425629899181,3.1067336998455115,-0.4713453538245033,1.227289077054837,52.25797429656758,37.776369,-122.4194,4.824065237317073,0.08701781747467709,0.05341359422659844,3,15.23093375460676,0,9.847924185732145,3.37345508388445,4.824849999165682,6.6278085821504185,-1.1312411402567335,-1.3132449170510263,0.005612643833330346,9.545402613271197,-1.5205929458814893,False,False,0,0.05,NORMAL_FLIGHT
29400.0,0.23932629732913024,-0.01827991150182289,10.264633442505675,4.7407147523602475,2.0617798454297405,12.869472861164192,52.29565435202557,37.77637,-122.4194,5.1102566665551175,-0.05198252221735389,-0.10273134230509724,3,15.278317773699698,0,10.267439356566157,13.86898136917445,5.110521047866557,20.975758541700618,-1.8840027728995068,2.3692009546468995,0.04229282141325794,13.86898136917445,-1.2386230909526574,False,False,0,0.05,NORMAL_FLIGHT
29420.0,-0.12195658086387645,-0.016175699573092263,9.924520250688753,-1.5297721576579604,7.880862638706892,-1.2454847968642377,52.19445777147642,37.776371000000005,-122.4194,4.799972215752009,0.018844008042075686,-0.013897273155510674,3,15.24131020487536,0,9.925282729837162,8.124003395108325,4.800009205056834,17.107831336449753,5.059829027457496,-1.8503784412168933,0.04217114931613687,13.86898136917445,0.0601711961771656,False,False,1,0.9,RAPID_VOLTAGE_COLLAPSE
29440.0,-0.02680343333458354,0.010451698099496642,9.697989472499074,-6.182391432961745,-9.291457441125537,-11.627104393277614,52.11678496479326,37.776372,-122.4194,5.21667842871667,-0.15080758798010102,-0.16510533950619155,3,15.246148893274393,0,9.698032144241148,16.116535042706342,5.218857801974509,11.362529279800704,3.883640334158045,0.24193441995166154,0.053205106620913496,16.116535042706342,0.8657763363424209,False,False,0,0.05,NORMAL_FLIGHT
29460.0,0.0029376389458394187,-0.2121210132793202,9.659940654871201,6.372201139244517,-2.538470641948553,-1.6164379447861092,52.16702642226742,37.776373,-122.4194,5.264594661669109,-0.0741939453756476,0.04150725096990843,3,15.244098271818956,0,9.662269785595447,7.047102396614381,5.2651174434389665,1.7881179322850826,-2.5120728737078935,-0.10253107277184981,0.05842680136879519,16.116535042706342,0.6832305149502815,False,False,0,0.05,NORMAL_FLIGHT
29480.0,-0.15697966261644802,-0.14340322982558726,9.75904429269668,-0.4767054559834131,-10.634167438996327,-4.644017814099108,52.09176246345935,37.776374000000004,-122.4194,4.82419674620991,0.07560878806950055,-0.016921365816554675,3,15.211057748166487,0,9.761360182249973,11.613770562140614,4.824789211455317,4.954519832726323,3.7631979404036286,-1.652026182623434,0.061321980173439386,16.116535042706342,1.662118331082354,False,False,1,0.9,RAPID_VOLTAGE_COLLAPSE
29500.0,0.1296560867687718,-0.25691685313999385,10.301021988549193,8.651609074285844,0.15810986955123885,14.238989372468513,52.11183939524531,37.776375,-122.4194,4.962890293081429,0.25872714558453097,-0.004052238352693171,3,15.265797852839384,0,10.305041046926378,16.66205739560352,4.969629744460264,27.184043233820265,-1.0038465892982629,2.7370052336448403,0.06921087484234183,16.66205739560352,1.8381495678026027,False,False,0,0.05,NORMAL_FLIGHT
29520.0,-0.024189629721556315,0.19556310993724008,9.755009787142141,-11.227929487825815,1.3584179225001534,11.711190647375707,52.0942369124437,37.776376,-122.4194,5.003324196272483,-0.19762160643903118,0.12040011300856512,3,15.225662010824712,0,9.756999847053056,16.280776585130646,5.007225510433621,27.40205999366614,0.8801241400806958,-2.006792100733623,0.07025655110744528,16.66205739560352,1.0022085903272426,False,False,1,0.9,RAPID_VOLTAGE_COLLAPSE
29540.0,0.08390648878140555,-0.4211293883680649,9.804061696643789,0.9770161064166014,7.953978710856263,1.0752500043079882,52.044427450163894,37.776377000000004,-122.4194,5.176796632093933,-0.020110779528942635,-0.045699403855645936,3,15.239191550672375,0,9.813460959936855,8.08557359602375,5.176835695046961,2.8230556441899424,2.490473113990177,0.6764769923831793,0.06491583694839283,16.66205739560352,0.723575146293669,False,False,0,0.05,NORMAL_FLIGHT
29560.0,-0.17749843556042003,0.2307180686633851,9.665305928719109,9.59303166938104,0.6031738044672706,-12.787358548192564,52.061909938021266,37.776378,-122.4194,5.3218686751219755,0.04122805981435,-0.02521231587720764,3,15.255024755793444,0,9.669688475724898,15.997081417814204,5.3220283678462845,7.188624210597805,-0.8741243928685805,0.7916602560534614,0.0641940388206239,16.66205739560352,1.0511648424615316,False,False,0,0.05,NORMAL_FLIGHT
29580.0,-0.08749166006468209,0.2772698794525687,10.13969500723259,-1.766320677190791,5.220125647211899,-12.258922634399458,52.071961613207094,37.776379000000006,-122.4194,4.662901521426284,-0.061610015323928374,0.002197329596321629,3,15.271439179078168,0,10.143862588596615,13.440639295195096,4.6633085242676975,23.708705643585848,-0.5025837592913973,0.8207211642361933,0.07434011451119914,16.66205739560352,0.19800850252252644,False,False,0,0.05,NORMAL_FLIGHT
29600.0,0.1444762715655543,-0.06043611739652428,10.397951176423403,-1.1274671166731802,2.919185407695295,0.15123261584553638,52.17747874581192,37.77638,-122.4194,4.936363856494664,0.0849521986994124,-0.18399922494136325,3,15.219772039704734,0,10.399130472525878,3.133001252437663,4.9370947934762945,12.763394196463107,-5.275856630241194,-2.5833569686716906,0.09338693018939583,16.280776585130646,-0.6563935056660597,False,False,1,0.9,RAPID_VOLTAGE_COLLAPSE
29620.0,-0.0745666304183534,-0.5206274175654597,9.945183914829418,1.4775584579516936,-2.1762409850258417,3.363229693212808,52.14623818558512,37.776381,-122.4194,4.946796660887931,-0.08667326706603132,-0.02660636557620032,3,15.231590588418177,0,9.959081091650706,4.269721043684137,4.947555907657425,22.002469043758577,1.5620280113399332,0.5909274356721284,0.0813836959063362,15.997081417814204,-0.5200127314142122,False,False,0,0.05,NORMAL_FLIGHT
29640.0,0.345392770246681,-0.0722621123934581,9.834831871135629,-2.7939790944247864,-7.0448037339601965,-3.7462281932605492,52.21824369158858,37.776382000000005,-122.4194,4.719866029022691,0.015384766021664132,-0.24857949122861833,3,15.267318207517603,0,9.841160292980263,8.45398157710806,4.719891102869638,5.896039933522168,-3.6002753001731946,1.7863809549712784,0.07899457269290461,15.997081417814204,-1.7381624142468866,False,False,0,0.05,NORMAL_FLIGHT
29660.0,-0.07992723712292048,-0.012836832257763857,9.821034849952271,-1.5603596602636642,1.3750114914590539,-4.801695842072341,52.235864837307794,37.776383,-122.4194,4.902977996139188,-0.05220719044983599,-0.05855215618957393,3,15.248093687290362,0,9.821368472441788,5.232748974563695,4.90325594083765,0.9895910269237085,-0.8810572859605514,-0.9612260113620152,0.05834909664616665,13.440639295195096,-1.7395489928652808,False,False,0,0.05,NORMAL_FLIGHT
29680.0,0.04493694515037719,-0.2021196439857827,9.094707963364277,-1.6890754709570153,-7.460510085726819,-5.927992331786469,52.202813743230664,37.776384,-122.4194,5.085553788870122,0.12194310829547726,0.08551890533928275,3,15.251392411673278,0,9.097064615490316,9.677462465519534,5.087015575084473,36.21519284757362,1.6525547038565236,0.1649362191457726,0.21943936298512673,9.677462465519534,-1.3085213002356966,False,False,0,0.05,NORMAL_FLIGHT
29700.0,0.186518166374618,-0.10304367876164855,10.033545259285445,-3.1371036721318664,6.47603536334822,-0.2339396024394622,52.24277606610652,37.776385000000005,-122.4194,4.944264219432089,-0.06763645030356057,0.044726655825106904,3,15.216095924564117,0,10.035807765010743,7.199665354350123,4.94472682369472,46.93715747602134,-1.9981161437929273,-1.764824355458039,0.14128130938874076,9.677462465519534,-0.6529732029460433,False,False,1,0.9,RAPID_VOLTAGE_COLLAPSE
29720.0,-0.28367314658660636,0.3060390397726703,9.850249924798753,6.144282751002797,-0.8103105101841196,-23.82762352073065,52.27106299132922,37.776386,-122.4194,4.691075766278518,-0.03518737962865159,-0.05948203104540761,3,15.228683943468504,0,9.859084842365297,24.620407313707503,4.691207733265572,8.836146132272304,-1.4143462611347246,0.6294009452193272,0.1328723175767679,24.620407313707503,-1.248248057440975,False,False,0,0.05,NORMAL_FLIGHT
29740.0,-0.3521617623961552,0.1329854324603482,9.938502615198217,2.3053901614821757,5.975887057557082,-11.0132662876971,52.272855156072126,37.776387,-122.4194,5.574816539601983,0.09456890374971552,0.004079821822381236,3,15.23206100020682,0,9.945629053229485,12.740411462941946,5.575618595974464,4.327210543209414,-0.0896082371454554,0.16885283691578934,0.1408145863851626,24.620407313707503,-0.546114644835427,False,False,0,0.05,NORMAL_FLIGHT
29760.0,-0.305131262914019,-0.18491282287562,9.596561341774889,1.2531411605165101,-2.401072170661997,-6.2705084544735055,52.28616992389416,37.776388000000004,-122.4194,5.053235573040836,-0.10280386590928636,-0.10749895671304055,3,15.217409388494962,0,9.603191522932342,6.830430924512148,5.054281194343192,17.12187651485717,-0.6657383911015557,-0.7325805855928458,0.14274471681232603,24.620407313707503,-0.5030508658636279,False,False,0,0.05,NORMAL_FLIGHT
29780.0,0.2525168206854364,-0.31951983391908645,9.694662936306873,4.042855034450584,1.3442539320049596,12.075031949519206,52.25632057234188,37.776389,-122.4194,5.022338826021335,0.006875005676357227,-0.00023434031495201646,3,15.200225465915738,0,9.70321323673756,12.804612139584815,5.022343531566157,5.001085690260876,1.492467577613965,-0.8591961289612371,0.031021980343590327,24.620407313707503,-0.5350682911121396,False,False,0,0.05,NORMAL_FLIGHT
29800.0,-0.11037162917848936,-0.06540346352195422,9.686692519049048,-1.3217791660173344,1.046744286673444,-8.138136419289294,52.215031216079154,37.77639,-122.4194,4.7804147273865905,-0.18225343436866018,0.29303202854925103,3,15.222656462041337,0,9.687542075685089,8.310958918462042,4.783887674282683,0.783558052623512,2.0644678131361616,1.1215498062799867,0.01933484460472887,24.620407313707503,0.2774485002736782,False,False,0,0.05,NORMAL_FLIGHT
29820.0,0.5116398571336505,-0.042691355870087655,10.116486895221913,-3.8710190917645027,-0.22522059005461975,1.8046814183120645,52.25300332477028,37.776391000000004,-122.4194,5.052141232394255,-0.10879334586290748,0.18458013203719315,3,15.259101771995692,0,10.129506651188422,4.276960152326728,5.053312480360005,22.09822877516663,-1.898605434556444,1.8222654977177122,0.04739400344774986,12.804612139584815,0.1805966655893343,False,False,0,0.05,NORMAL_FLIGHT
29840.0,-0.11284951973147772,0.09923983747266327,9.696372049019072,-3.013121523072787,-2.1632975669829606,2.2654275093099603,52.241806353554615,37.776392,-122.4194,4.967157243191701,0.03821312758908035,0.005262213001726112,3,15.232349052102606,0,9.697536515654042,4.346368538913515,4.96730423083909,21.598506776718995,0.5598485607833936,-1.3376359946542848,0.04335313046711744,12.804612139584815,0.3104880251751041,False,False,0,0.05,NORMAL_FLIGHT
29860.0,0.036910260639407395,-0.1070633425135318,10.43479809663294,0.00891520552304451,1.962280092352601,12.979165056607622,52.23780220364216,37.776393000000006,-122.4194,4.622295317456919,-0.09906975095362325,0.016014416491537443,3,15.257800975850257,0,10.435412605361854,13.126665540357047,4.623356877566144,36.89380448539063,0.20020749562270623,1.2725961873825575,0.11487502398054003,13.126665540357047,0.4836772025199565,False,False,0,0.05,NORMAL_FLIGHT
29880.0,0.30842199051357516,0.1022999150723723,9.939258725704512,-5.29605854186451,-4.630816317416041,12.625774069641501,52.251793283439376,37.776394,-122.4194,4.785948911997116,-0.054457293182379164,-0.09795653146345511,3,15.233045150650774,0,9.944569041107284,14.453472479031966,4.786258725249517,24.542178212728505,-0.6995539898607461,-1.2377912599741414,0.09907989661601341,14.453472479031966,0.04527288902501425,False,False,0,0.05,NORMAL_FLIGHT
29900.0,0.4012185776318246,0.38703080801204587,9.42729520200128,-2.501305082933378,-6.047176644795293,-0.5750296879491636,52.26505770067857,37.776395,-122.4194,5.158985203534789,0.04930864020479377,-0.08017891079510504,3,15.213320152561819,0,9.443763233958363,6.569286995807758,5.159220839651056,25.040290357446082,-0.6632208619596014,-0.9862499044477779,0.1464806006216559,14.453472479031966,-0.5002648459941383,False,False,0,0.05,NORMAL_FLIGHT
29920.0,0.4123007153272796,0.16310020448885254,9.771436112024414,-2.5805832093571732,6.214134466634138,-4.754847411894429,52.19359137712986,37.776396000000005,-122.4194,5.3888035300000885,-0.057918614114693026,0.03621843221046941,3,15.253316262205606,0,9.781490543262745,8.239141386104844,5.389114774320768,16.88636546521911,3.5733161774352595,1.9998054821893874,0.13601530408524967,14.453472479031966,0.5941194764042024,False,False,0,0.05,NORMAL_FLIGHT
29940.0,0.2416732461186285,-0.009617701466154517,9.614497463353075,10.62278114914507,3.6358399444605025,-6.6383310282569035,52.25790398145261,37.776397,-122.4194,5.073433081008609,0.0822842073216358,-0.0524892565636485,3,15.231159979541722,0,9.617539182706443,13.043398724453866,5.074100306285545,8.197568027815105,-3.2156302161371997,-1.107814133194207,0.1438157162409869,14.453472479031966,-0.1609762789799163,False,False,0,0.05,NORMAL_FLIGHT
29960.0,0.2048125051622925,-0.03663009421065894,9.151685259053993,-13.869074699669584,0.32945804301119974,-2.410632224657809,52.26396308904764,37.776398,-122.4194,5.220616655658674,0.021566278748606435,0.09041495948515821,3,15.245299808164306,0,9.154050087631097,14.080870830658109,5.2206612004342725,23.174454753767293,-0.3029553797517792,0.7069914311292003,0.09364225176182017,14.453472479031966,-0.2616088540548134,False,False,0,0.05,NORMAL_FLIGHT
29980.0,0.11850538984023662,-0.07133462683597425,10.289841282034137,-0.8980986070281662,8.325711912718907,-4.3403335432359995,52.253830425906536,37.776399000000005,-122.4194,4.968848938283358,0.043568311192450304,0.1569685680977757,3,15.203846042880741,0,10.29077090240867,9.431996354328971,4.969039944417816,56.83604073887869,0.5066331570553473,-2.0726882641782574,0.17928694359996714,14.080870830658109,-0.020371424671594696,False,False,1,0.9,RAPID_VOLTAGE_COLLAPSE
30000.0,0.15567221523332755,0.23612818249042894,10.020942762666001,8.628468964073853,-1.3388275936242242,5.536274093582319,52.27537272616502,37.7764,-122.4194,4.982690767863879,0.12409655987385322,0.03326207847810388,3,15.245137306882837,0,10.024933127447285,10.33892000301318,4.984235873664935,13.291888748069258,-1.077115012924068,2.0645632001047964,0.18472332341295405,14.080870830658109,-0.10315025486448803,False,False,0,0.05,NORMAL_FLIGHT
30020.0,-0.11023714326570669,-0.12546268919026057,9.969962195369794,0.6092223206622698,6.613516099944897,4.203098174852043,52.28719983584576,37.776401,-122.4194,5.218195805523893,0.03198230626140657,0.01017372058399267,3,15.244889541388824,0,9.971360954816404,7.859757076886541,5.218293814332511,2.678608631544055,-0.591355484037237,-0.012388274700647628,0.19266768553003594,14.080870830658109,-0.9360845871589873,False,False,0,0.05,NORMAL_FLIGHT
30040.0,-0.16363977668446145,0.009044541799996513,9.859621098089912,3.767087367105464,0.8778704246291091,5.918011911450157,52.325552970320246,37.776402000000004,-122.4194,5.332555457835894,0.1538847290469344,-0.16807796249106519,3,15.228456673552465,0,9.860983114180321,7.069969497664753,5.334775367410443,5.518892031804157,-1.9176567237241926,-0.8216433918179611,0.1808832834896515,14.080870830658109,-0.6764898886763859,False,False,0,0.05,NORMAL_FLIGHT
30060.0,-0.0006748914821904104,0.01023958037621707,9.395394729392269,0.4991315754988396,-5.123753750381951,12.592837114361684,52.35245215392779,37.776403,-122.4194,5.260219338693124,0.09112622830378236,0.074761024527205,3,15.205672463736532,0,9.395400333438529,13.604467332940976,5.261008599180009,23.279139037089625,-1.3449591803773586,-1.1392104907966605,0.10729203949855955,13.604467332940976,-0.8848906488015018,False,False,0,0.05,NORMAL_FLIGHT
30080.0,-0.03403692450498569,-0.1003568385623064,9.66491485813337,-3.3366669060824017,9.240200958854249,18.62869121400177,52.38834446537761,37.776404,-122.4194,4.7867273849230365,-0.05234524298344567,-0.11436713015390583,3,15.220040303665868,0,9.665495808402339,21.06045574409023,4.787013586990863,13.504773748190502,-1.7946155724906987,0.7183919964668384,0.06603289402477558,21.06045574409023,-1.345140394710711,False,False,0,0.05,NORMAL_FLIGHT
30100.0,-0.09064560986545504,-0.27449310957682016,10.062534232435205,-11.209579672544566,4.953554233120426,1.2466339340755688,52.45589416066399,37.776405000000004,-122.4194,4.986608221936951,0.12931480750212715,-0.04180091286334198,3,15.23233587797228,0,10.066685565404503,12.318541802550266,4.98828466294061,20.059487850108226,-3.3774847643190498,0.6147787153206075,0.07141894672563218,21.06045574409023,-1.8052143449897073,False,False,0,0.05,NORMAL_FLIGHT
30120.0,0.13927748949134308,0.06459490072353363,9.49463399106525,1.0272784351815143,-0.6051051550478215,10.994637713956532,52.500075388112535,37.776406,-122.4194,5.055504936895259,0.026386602090294527,0.0959575892385135,3,15.223951030213637,0,9.495875175283746,11.059091811410635,5.055573797279811,28.540519506037842,-2.2090613724273567,-0.4192423879321616,0.07399097108976421,21.06045574409023,-2.1287555226677313,False,False,0,0.05,NORMAL_FLIGHT
30140.0,0.19106104171410215,-0.012200794371076712,9.050469205124756,-3.8780330230119557,3.6358562976697457,-3.516601838342152,52.49205107709611,37.776407,-122.4194,4.948064407298494,-0.03946797086605034,0.10297581643090321,3,15.230430859364457,0,9.052493911290727,6.373780639016956,4.94822181187328,22.169063199650996,0.4012155508213766,0.32399145754098413,0.13838736503069862,21.06045574409023,-1.6649810677586174,False,False,0,0.05,NORMAL_FLIGHT
30160.0,0.017681377258369473,0.10004809388731398,9.741868197665722,-4.001677030826519,-2.018517169989534,11.850069835830157,52.43590601929226,37.776408,-122.4194,5.0775715086831195,0.027838569532088266,-0.04665075273501172,3,15.237803697542752,0,9.742397971386872,12.669332489860658,5.077647822736839,34.49520300480726,2.807252890192302,0.36864190891474635,0.13821546758046438,21.06045574409023,-0.8345386536446853,False,False,0,0.05,NORMAL_FLIGHT
30180.0,0.2955060162110524,-0.10672006128783339,9.767472733791738,-2.494936279895559,4.1457451752977095,10.615091571758441,52.519295915942486,37.776409,-122.4194,5.164115362333789,0.11123268243902629,-0.04089155349199863,3,15.20373942110965,0,9.77252457568991,11.665850983792842,5.165313173964811,1.5063302151519409,-4.1694948325112335,-1.7032138216550585,0.14376585256745,12.669332489860658,-1.3095145056487922,False,False,1,0.9,RAPID_VOLTAGE_COLLAPSE
30200.0,-0.228337822826701,0.24416425976260958,9.850669024924413,8.724307033117467,-11.955392826419796,10.084159699429913,52.50740974727513,37.776410000000006,-122.4194,5.2005619503910285,0.045504509424222184,-0.06993188732566719,3,15.19275641654528,0,9.8563398168734,17.909082268104058,5.200761027026033,4.1907620591744354,0.5943084333676296,-0.5491502282185756,0.1062662721833786,17.909082268104058,-0.5151558661114564,False,False,0,0.05,NORMAL_FLIGHT
30220.0,-0.038731891855943626,-0.17535475624236896,10.028555593054362,12.024187711269864,-5.099006668472969,0.9406984119152385,52.48375437660711,37.776411,-122.4194,5.337174030444305,0.18223928325513977,-0.11978537453259108,3,15.21425672772443,0,10.030163345278355,13.09449779957845,5.34028442946726,8.691176420247793,1.1827685334012017,1.0750155589575705,0.13983670740070173,17.909082268104058,0.1632101150542553,False,False,0,0.05,NORMAL_FLIGHT
30240.0,-0.143364464120561,0.34240805680357855,10.001281743669363,1.0860396876420044,4.896298721434814,-6.683581639908888,52.39691803571888,37.776412,-122.4194,4.9341117790550335,0.10865305578988219,-0.06347954821042419,3,15.207562215361872,0,10.008168322085249,8.356044932262208,4.935307947306035,1.0997511596553267,4.3418170444113,-0.3347256181279512,0.01750070733455738,17.909082268104058,0.95133041377224,False,False,0,0.05,NORMAL_FLIGHT
30260.0,-0.37330732341461204,-0.34952730196565235,9.887630941573176,-2.3238361195586386,-1.2482776910945967,-13.945284378654765,52.41384169098449,37.776413000000005,-122.4194,4.727193367032137,0.052316003340216244,-0.16131300189146888,3,15.229023581589786,0,9.900847101601439,14.192581439125245,4.727482849627075,5.366061024190483,-0.8461827632803676,1.0730683113957085,0.011468455241255926,17.909082268104058,0.2206432830777061,False,False,0,0.05,NORMAL_FLIGHT
30280.0,-0.01653613716853985,0.08695401291137823,10.168659416426014,-5.886132087256052,1.0377114744437095,-0.40037207521099283,52.421286021182176,37.776414,-122.4194,5.071646918802891,-0.10260680827411578,0.0683062581508265,3,15.19096626032088,0,10.169044634156313,5.990299980086656,5.072684755246186,13.409876627743689,-0.37221650988428223,-1.902866063445252,0.014942757405504388,17.909082268104058,0.9800989476030963,False,False,1,0.9,RAPID_VOLTAGE_COLLAPSE
30300.0,-0.02434950167665671,0.0950861365053247,9.354309065756006,2.3427008077303455,-6.7339283105771734,15.330125422491829,52.34553027436971,37.776415,-122.4194,5.37676220623696,-0.017973251401012087,0.03945236051618758,3,15.232013440385005,0,9.354824015943453,16.907003963915766,5.376792246329038,40.71103091064296,3.7877873406234386,2.0523590032062167,0.0994930925125699,16.907003963915766,1.6187947290542581,False,False,0,0.05,NORMAL_FLIGHT
30320.0,0.30268994864842624,-0.1591114135881765,9.961374544343217,8.91452800032572,9.239334978510515,-3.098449013640731,52.36819397647636,37.776416000000005,-122.4194,4.904604828009188,0.007166413975085133,0.05605292848705127,3,15.23782761987978,0,9.96724236986519,13.20736561937506,4.904610063646273,30.620917696086813,-1.1331851053327568,0.29070897473877366,0.0959573907743357,16.907003963915766,1.1556040013074664,False,False,0,0.05,NORMAL_FLIGHT
30340.0,0.12616233691095552,0.08487878757220252,9.997961509001083,-1.2367019351257837,5.952648218588383,7.851265854600546,52.34328438044129,37.776417,-122.4194,5.137369395412744,0.0696631501217747,-0.09544040505751428,3,15.209911051761484,0,9.999117745046398,9.930046727494476,5.137841692715765,1.59376875906041,1.2454798017536461,-1.395828405914834,0.09539388916559789,16.907003963915766,0.5363365527759356,False,False,0,0.05,NORMAL_FLIGHT
30360.0,-0.204837364865841,0.25590373395203175,9.438131314175928,-11.89498020376612,-1.0034260918766489,8.439514005189311,52.477800130805726,37.776418,-122.4194,5.139149158494528,0.06373330412721927,-0.11950705635150563,3,15.210269249775259,0,9.443821671904018,14.619261767053535,5.1395443384905235,27.764803657118975,-6.725787518221793,0.017909900688728442,0.13199665447036582,16.907003963915766,-0.6395843982123495,False,False,0,0.05,NORMAL_FLIGHT
30380.0,0.3708185132668377,-0.4433637678708129,9.359138817395284,3.350248359077619,-2.0234792843166316,-2.836862209271728,52.449332071201184,37.776419000000004,-122.4194,5.0382884094689215,0.01695404102182862,0.0053514274313560236,3,15.192853172026423,0,9.376969510653067,4.833882464019465,5.038316934899575,3.3426080625475585,1.4234029802270953,-0.8708038874417845,0.10609401680361615,16.907003963915766,-0.28046050019007396,False,False,0,0.05,NORMAL_FLIGHT
30400.0,0.2442067391050706,0.10054896149816293,9.58621736205732,4.926998557250247,5.148021807098465,13.163448375195195,52.427572404591295,37.77642,-122.4194,5.001384944208743,0.012034991537717114,0.006410256495022532,3,15.196500458858939,0,9.589854552478464,14.968427320060593,5.001399424279089,10.644252091269824,1.0879833304944242,0.18236434162579584,0.08499311247664344,14.968427320060593,-0.8204213022158768,False,False,0,0.05,NORMAL_FLIGHT
30420.0,0.11641954069372316,-0.49865416406601554,9.611537567245414,-7.929228201929237,9.912352250844638,-29.086607444805036,52.383833593378576,37.776421,-122.4194,4.815314158855721,0.07204568950760697,-0.014726982751294533,3,15.1983365180129,0,9.62516825262632,31.73575459432598,4.815853094712609,1.7656850073928254,2.186940560635975,0.09180295769803948,0.058480392402887216,31.73575459432598,-0.1563961690221305,False,False,0,0.05,NORMAL_FLIGHT
30440.0,-0.045296819769966384,-0.19313296070464162,10.03602583905073,0.8824209183147641,4.768801279056769,-12.22750278738175,52.44772741943067,37.776422000000004,-122.4194,4.543667585515885,-0.08585862256299859,-0.028948326918784947,3,15.234511627769965,0,10.037986191686345,13.154161194528575,4.544478719362229,20.640896953001242,-3.194691302604724,1.8087554878532863,0.06640331280104139,31.73575459432598,-1.0444303898938045,False,False,0,0.05,NORMAL_FLIGHT
30460.0,-0.19188784734469597,0.32583327298018905,9.625638364892673,2.256130080680494,10.85901333698301,-9.156322963584598,52.42908862970744,37.776423,-122.4194,4.777629858667194,0.16955158192498565,0.17107757776943866,3,15.203364985484384,0,9.633062970801824,14.382160609838596,4.780637489431884,20.246161044226074,0.9319394861616814,-1.557332114279042,0.057391467628581196,31.73575459432598,0.48711501098289034,False,False,1,0.9,RAPID_VOLTAGE_COLLAPSE
30480.0,-0.07444135521421061,-0.11635640667841081,9.55309544451564,-0.36553651004469256,-4.6117566453095895,-8.197150228673898,52.39284292201916,37.776424000000006,-122.4194,4.9219391701776605,-0.20471668851634714,0.04260250117929784,3,15.177508516855195,0,9.554094038723226,9.412501695467649,4.92619468936077,3.948446603929856,1.81228538441367,-1.2928234314594889,0.03925489246225498,31.73575459432598,0.5648914918202053,False,False,0,0.05,NORMAL_FLIGHT
30500.0,0.21774972394083722,-0.23477599288179452,9.626509878991632,-3.9538545954267685,-4.0969341524939535,3.362629511858955,52.428190672515186,37.776425,-122.4194,5.219484537484542,0.14554094821720293,0.1970678391466491,3,15.208208637617629,0,9.631834049620737,6.612496718008526,5.221513286840146,3.8870005448755407,-1.7673875248011228,1.5350060381217112,0.037546602945271075,31.73575459432598,-0.006182679238904143,False,False,0,0.05,NORMAL_FLIGHT
30520.0,0.3769172611869218,-0.03958754579693638,10.145589700246264,5.079686117817781,-5.944705590266743,2.9003780305390188,52.35917302574453,37.776426,-122.4194,4.979374387529725,-0.0045185528425162064,0.12689650254316331,3,15.218776928055227,0,10.15266586475227,8.339959731949115,4.979376437718564,26.04159075657666,3.4508823385326792,0.5284145218799274,0.07440238550869487,14.382160609838596,0.24660567634043673,False,False,0,0.05,NORMAL_FLIGHT
30540.0,0.3086487056544378,0.4135812676327104,9.813913012313087,-2.016898729843413,2.208803248247397,3.939905721750079,52.39042855305698,37.776427000000005,-122.4194,4.89619485621637,0.10025798142715941,0.1703270926017345,3,15.200892472963744,0,9.827471806201581,4.946670534025006,4.897221225642098,16.25970292753447,-1.5627763656222982,-0.8942227545741588,0.05841888981469245,14.382160609838596,0.5729886637369219,False,False,0,0.05,NORMAL_FLIGHT
30560.0,-0.09776988435725482,-0.36633644944120525,9.756224692392927,-7.425930813499661,0.878017749021851,5.96081494132487,52.47949853888702,37.776428,-122.4194,4.821802911609314,0.03638404342926128,-0.1074462766356002,3,15.229934543932108,0,9.763589585441098,9.562775662913092,4.821940181816892,3.194111038024161,-4.453499291502183,1.4521035484182043,0.053553371284777336,9.562775662913092,-0.504099091795851,False,False,0,0.05,NORMAL_FLIGHT
30580.0,-0.22392348665780226,-0.2102619823278689,9.776998350389684,-10.247372428348404,-0.7597556173599294,-9.501045691456493,52.507828930528774,37.776429,-122.4194,5.131361165701896,0.03460344109108019,0.05931709909980298,3,15.215250023270281,0,9.781822354378148,13.99484689142861,5.131477838888994,0.911638446852514,-1.4165195820876164,-0.7342260330913675,0.03752748023523753,13.99484689142861,-1.1498600850961083,False,False,0,0.05,NORMAL_FLIGHT
30600.0,0.02817724938224079,0.2994863366359253,10.197618100297957,6.304247599996549,4.046293140616493,-12.181760668073188,52.53972384634177,37.776430000000005,-122.4194,5.271671433286121,0.055425447602652105,-0.04317654889933731,3,15.177866850114599,0,10.202053761019831,14.300745398617417,5.271962792050689,21.011570332084162,-1.5947457906499096,-1.869158657784098,0.04563748770175443,14.300745398617417,-1.1153317382658656,False,False,1,0.9,RAPID_VOLTAGE_COLLAPSE
30620.0,-0.35368787311257033,0.37154046870754653,9.585248482019027,3.083319882355591,6.16164302607332,3.9631968200786294,52.58322685718714,37.776431,-122.4194,5.212687144373492,0.08090542890877786,-0.1663386711359533,3,15.186970343251822,0,9.598964834476808,7.948561839249201,5.213314967805378,30.154446327151163,-2.1751505422685113,0.455174656861157,0.049606201218597615,14.300745398617417,-2.2405383144261037,False,False,0,0.05,NORMAL_FLIGHT
30640.0,0.0646335428369563,-0.020686244858056785,10.204652487282031,0.43986773564584475,-7.6283120464342105,-6.302320736464391,52.66871225862092,37.776432,-122.4194,5.121229939951694,-0.032883082658724,0.1496003169555526,3,15.201673099915636,0,10.20487813752704,9.904740025255816,5.121335508925652,30.295665152511564,-4.274270071688946,0.7351378331907021,0.07671414132810472,14.300745398617417,-2.7828370556394333,False,False,0,0.05,NORMAL_FLIGHT
30660.0,-0.029520517259733738,-0.2478105405053285,9.873148889676452,-2.2013731842540176,-2.984860139505577,-15.704750453679706,52.72920695662187,37.776433000000004,-122.4194,4.704877450723412,0.10347991305262363,-0.029369252570562915,3,15.162974364314007,0,9.87630247221318,16.136747527340038,4.706015290958053,16.428783265692992,-3.0247349000475765,-1.9349367800814754,0.07098905962838843,16.136747527340038,-2.497084177348512,False,False,1,0.9,RAPID_VOLTAGE_COLLAPSE
30680.0,-0.09320730037364845,0.41916870036183185,9.761874185407397,-2.644992071015635,4.1007179706153,9.713442845414814,52.75119044273553,37.776434,-122.4194,4.929665151431245,-0.10844706235787836,-0.10551016302666845,3,15.202174858611345,0,9.771314016647366,10.870273356333,4.930857863553734,5.249422778290658,-1.0991743056827374,1.9600247148669148,0.0718044293613295,16.136747527340038,-2.433615122067536,False,False,0,0.05,NORMAL_FLIGHT
30700.0,-0.3189406134533591,0.31888847834983935,10.560270149380285,-5.378683242208057,-2.3386934192929103,13.951019065022976,52.796385012767324,37.776435,-122.4194,5.389460845777935,-0.00053305733261247,-0.041456386324869345,3,15.159365650104233,0,10.569896811437024,15.133758729479213,5.389460872139582,39.929139739482885,-2.2597285015898194,-2.140460425355606,0.14877344254939734,16.136747527340038,-2.566611664255518,False,False,1,0.9,RAPID_VOLTAGE_COLLAPSE
30720.0,0.10272002131394331,0.1357893975524466,9.493308153060422,-2.157278222799424,-3.9910303817907704,15.571608896986593,52.75208826649407,37.776436000000004,-122.4194,5.224390098383045,0.08359699242722769,-0.07962241227738193,3,15.21421554254801,0,9.494834903895374,16.21903747081354,5.2250588855270985,53.75309537708252,2.2148373136626986,2.742494622188829,0.17204431572652404,16.21903747081354,-1.6886140930692761,False,False,0,0.05,NORMAL_FLIGHT
30740.0,-0.10654016793238229,-0.162480469787484,9.703894272129899,-10.600436075600872,5.092687138251973,1.870077214747203,52.79090294603144,37.776437,-122.4194,4.692499356353055,0.09950175796158894,-0.06936979676166673,3,15.211041921919946,0,9.70583920921426,11.908060130438296,4.693554176656671,10.550215265944285,-1.9407339768683585,-0.1586810314031517,0.16660047525568805,16.21903747081354,-1.2219068741051586,False,False,0,0.05,NORMAL_FLIGHT
30760.0,-0.2339833671420576,-0.009805868167607347,9.4402706282508,-3.680318267342571,-6.4475003486199,6.259320959729026,52.74062514747225,37.776438,-122.4194,4.988881895360146,0.04607888482614011,-0.022160339018264946,3,15.202141650229809,0,9.443174990741431,9.710515031206752,4.989094690370094,13.133210923641414,2.513889927959312,-0.44501358450688144,0.20570885560225682,16.21903747081354,-0.11418190850378096,False,False,0,0.05,NORMAL_FLIGHT
30780.0,-0.5744524426563299,-0.03207201620896615,10.09573859116085,-1.5546875817554693,-1.507899038955525,13.698682233619108,52.72227402654067,37.776439,-122.4194,5.0726196865322075,-0.03933924379557356,0.1730815193044743,3,15.177678030511855,0,10.112119556460556,13.868839458520654,5.0727722263370465,33.44722828595623,0.9175560465791932,-1.2231809858977094,0.22455953357109323,16.21903747081354,0.28916416194860517,False,False,0,0.05,NORMAL_FLIGHT
30800.0,-0.005502981010127251,0.06617026092311555,10.316756680095505,3.0494002359520946,1.643220129024043,-6.414157900234342,52.568145917783504,37.77644,-122.4194,4.847568307394756,0.08967077783687036,-0.06663172165446257,3,15.193749229078565,0,10.31697034901845,7.289748676092551,4.848397605730776,10.242539627894676,7.706405437858166,0.8035599283354955,0.14823225427673692,16.21903747081354,2.2823909498382022,False,False,0,0.05,NORMAL_FLIGHT
30820.0,0.3544503193339488,0.2902002876262672,10.310976834421393,-0.19963231686681887,-2.8690995695505936,11.10677684054092,52.58821740075188,37.776441000000005,-122.4194,4.53815919571823,-0.06693662391187534,0.16592706642191907,3,15.179227197623396,0,10.321147926262316,11.473102334918362,4.538652817445135,0.20887886219336238,-1.0035741484188065,-0.7261015727584308,0.15268290469699566,13.868839458520654,1.6387086574219012,False,False,0,0.05,NORMAL_FLIGHT
30840.0,0.332251842909574,0.17588340822748064,10.177184625943802,3.974615569377795,3.915778280065874,2.7539623414320866,52.55602380019646,37.776442,-122.4194,5.019764809003286,0.1751409073748911,0.08488367959795216,3,15.16802801661208,0,10.184125547682207,6.222153730100385,5.022819235762312,6.851118929005473,1.6096800277708212,-0.5599590505657837,0.1329065629238943,13.868839458520654,2.348791458349737,False,False,0,0.05,NORMAL_FLIGHT
30860.0,-0.09141925131725437,-0.21547521539695166,9.75071385966121,6.7456755255671474,-2.844384875986845,9.13711652342591,52.61158106095668,37.776443,-122.4194,4.842448348475912,-0.00846708974996642,0.03962715635860861,3,15.181019036713046,0,9.753522841566067,11.708183547486822,4.842455750883628,21.530135305807008,-2.7778630380108638,0.6495510050482878,0.054048175993323434,13.868839458520654,1.290440865155702,False,False,0,0.05,NORMAL_FLIGHT
30880.0,-0.12044241207235612,0.27529929000390757,9.700427706753047,5.2908504691205085,7.043097467229597,1.8609302087593527,52.63109069148695,37.776444000000005,-122.4194,4.843231652183063,-0.15396256942059605,0.0748120032251875,3,15.200908782465712,0,9.705080822313878,9.003409457608923,4.845678209445039,2.4221009626094414,-0.975481526513633,0.9944872876332944,0.09236541470794107,11.708183547486822,0.9118333505371368,False,False,0,0.05,NORMAL_FLIGHT
30900.0,0.09375485121500476,0.06262642800263106,9.30864906825178,2.352549236892784,-0.6287314874788631,12.962567097480019,52.687295486222034,37.776445,-122.4194,4.929063928013848,-0.11946834680165519,0.0013655663837457525,3,15.186969330379897,0,9.30933185129177,13.189311466184419,4.930511524409494,19.787448551105413,-2.8102397367540277,-0.6969726042907354,0.16403599394699392,13.189311466184419,-1.191495684385302,False,False,0,0.05,NORMAL_FLIGHT
30920.0,-0.1996770878376583,0.13741315917178326,10.420762060554539,0.059313395903921026,3.3563506835267676,2.2352376254153685,52.63311565898841,37.776446,-122.4194,4.973264817069038,0.004364363687958753,0.12860501038634262,3,15.214256819793345,0,10.423580730172034,4.032975977093936,4.973266732075319,55.71244394401322,2.7089913616812566,1.3643744706723915,0.1900272551988924,13.189311466184419,-0.4489825823652893,False,False,0,0.05,NORMAL_FLIGHT
30940.0,0.0603583799638932,0.2933081718557206,9.950693423444541,-4.903940042067796,3.7301197649140816,-14.839790594674175,52.68503496084639,37.776447000000005,-122.4194,4.9981834411808626,0.013982527132605319,0.05669802632671009,3,15.199707806887654,0,9.955198261465798,16.068036790180024,4.9982029993548265,23.41912343531183,-2.595965092898922,-0.7274506452845664,0.16513985170183157,16.068036790180024,-1.290111606499238,False,False,0,0.05,NORMAL_FLIGHT
30960.0,0.15321605567693808,-0.22231604990271026,9.662412928539156,3.6997202568965815,-3.1377000137203637,14.51926632314722,52.79032777806456,37.776448,-122.4194,4.8232020202156,0.19696566849510955,-0.1664665985025513,3,15.196715587163554,0,9.666184520655612,15.308239151446147,4.82722209996366,14.450687040509269,-5.264640860908543,-0.14961098620496216,0.1699764465186753,16.068036790180024,-1.7874671710787737,False,False,0,0.05,NORMAL_FLIGHT
30980.0,0.24538664477686153,-0.007165115741292587,10.208417066696091,8.398736911107646,-10.267432743279443,-9.47530740972112,52.82853569306115,37.776449,-122.4194,4.955958094073185,-0.10384993376142265,0.029625193188996507,3,15.150512814683925,0,10.211368417206895,16.301546164351553,4.957046039623978,27.259194827564137,-1.9103957498295188,-2.3101386239814836,0.19420752854192896,16.301546164351553,-1.974450015741951,False,False,1,0.9,RAPID_VOLTAGE_COLLAPSE
31000.0,-0.02003081529599056,-0.10629091027184301,9.518170644972,1.710530198252091,1.8037787733191744,12.530582102439142,52.868053143495764,37.776450000000004,-122.4194,4.648515325919449,0.0039462199303930716,0.07839731429926151,3,15.176137749857125,0,9.518785186039999,12.774780594913453,4.648517000932636,34.62916155834481,-1.9758725217307926,1.281246758659993,0.13974761190519414,16.301546164351553,-1.8075765727373039,False,False,0,0.05,NORMAL_FLIGHT
31020.0,-0.040734750035393175,-0.3135718850730912,9.931986610266803,9.586295742130615,0.36144173562434756,-0.9024288144032204,52.87653302731551,37.776451,-122.4194,5.0622078130736154,-0.10594214070820568,-0.028900121860121725,3,15.15970304703894,0,9.93701890274381,9.635459716531843,5.06331627295011,20.911685835190585,-0.42399419098728686,-0.8217351409092188,0.07310504449732207,16.301546164351553,-2.4341736832710126,False,False,0,0.05,NORMAL_FLIGHT
31040.0,-0.1755965173513122,0.06934199552098398,9.75821125971275,-7.627858540305419,2.7791301378756366,11.760109851977065,52.85029958828724,37.776452,-122.4194,4.428744917331769,-0.04926548532134034,0.012625587271393266,3,15.17648001244254,0,9.760037368700667,14.290135547458148,4.429018924190314,8.849076702157177,1.3116719514133734,0.8388482701799482,0.07120975444267998,16.301546164351553,-1.6526462744085535,False,False,0,0.05,NORMAL_FLIGHT
31060.0,-0.165376070807972,0.5023113103168847,10.001603141964091,-5.770816923897707,-1.1326373619141903,11.34768614866765,52.88835920692232,37.776453000000004,-122.4194,4.942101983913276,0.1683972030069338,-0.0612857994674407,3,15.165424122343948,0,10.015574437176038,12.781047542803828,4.944970135135307,12.776853423768575,-1.9029809317537172,-0.5527945049295546,0.06898442161788536,16.301546164351553,-0.9803142885775884,False,False,0,0.05,NORMAL_FLIGHT
31080.0,-0.04529577838030535,-0.36801554890115057,9.790927938244163,4.276007538741313,-2.1521384940035793,4.301429743153713,52.81305506140222,37.776454,-122.4194,5.18383723073539,-0.11363362231559909,-0.13776256560635605,3,15.170887120548647,0,9.797946572811172,6.435700304087501,5.18508254851154,10.881393218243307,3.7652072760050004,0.27314991023494883,0.03643927170686988,14.290135547458148,0.15480631658931543,False,False,0,0.05,NORMAL_FLIGHT
31100.0,0.07347310136323562,-0.006456122209894066,9.374721632666633,1.3214510507662554,10.042365054908498,5.085353176271308,52.79216730515618,37.776455000000006,-122.4194,4.788131862545034,0.05870424240678338,-0.15503768709312402,3,15.198812049044676,0,9.375011768959315,11.333849553573193,4.7884917167303875,21.146740192592883,1.0443878123020056,1.3962464248014506,0.06121119239528708,14.290135547458148,0.7588583833958751,False,False,0,0.05,NORMAL_FLIGHT
31120.0,0.1827169252466499,0.1281085870149547,9.832672911801012,6.568910882859038,-7.361770307553889,4.2262861719256595,52.703614465039315,37.776456,-122.4194,5.14328604073148,0.03929073590143917,-0.15370679870688636,3,15.186243367764709,0,9.835204821217703,10.733487180554885,5.143436113991402,23.009652612919407,4.427642005843069,-0.6284340639983732,0.055144322392306065,14.290135547458148,1.7291856227619462,False,False,0,0.05,NORMAL_FLIGHT
31140.0,-0.160635790136069,0.02461564033123623,10.12465924256261,-0.07735820363369789,3.6697523918211923,-20.13824756281078,52.66843164617356,37.776457,-122.4194,5.231146542424178,-0.002417142635820863,0.06690447424705322,3,15.19603023255162,0,10.125963389467199,20.47002886685803,5.231147100865637,14.537928412474788,1.759140943287818,0.4893432393455299,0.08252524612507695,20.47002886685803,1.8186794211368351,False,False,0,0.05,NORMAL_FLIGHT
31160.0,0.29853771379190436,-0.022625610503148083,9.801235078243804,-4.33987711264166,-2.873009290916955,1.1833021889820219,52.70053390076824,37.776458000000005,-122.4194,4.338420009500522,0.05194366231917376,-0.24902817083763287,3,15.14302385657906,0,9.80580673600105,5.337501270161507,4.338730957652207,16.007832673307387,-1.6051127297341594,-2.650318798627982,0.0718557100029369,20.47002886685803,1.8782530615407467,False,False,1,0.9,RAPID_VOLTAGE_COLLAPSE
31180.0,-0.05422472020851376,-0.25984327268916485,10.042534536476726,-1.0679662110252124,-1.6788930887021103,-11.16064176071895,52.72580356957926,37.776459,-122.4194,4.969727419284852,-0.11600203819432886,-0.06664799269634812,3,15.175346587479087,0,10.046041945113076,11.336629055512358,4.971081079087014,12.011760455601284,-1.2634834405510276,1.6161365450013676,0.085401477179335,20.47002886685803,0.8725149182295411,False,False,0,0.05,NORMAL_FLIGHT
31200.0,-0.004273458869687232,0.04655734858803273,9.496341154297784,-7.66341985461867,-1.5855141628698286,1.7118714374566293,52.72834925435603,37.77646,-122.4194,4.424845314474345,0.16563225078035576,-0.07656532852453779,3,15.192670767962099,0,9.496456242618509,8.010765434538968,4.427944229495685,27.479285124728392,-0.1272842388384987,0.8662090241505993,0.060261489026895064,20.47002886685803,0.6381805080014402,False,False,0,0.05,NORMAL_FLIGHT
31220.0,-0.14944233582956468,-0.15135279540318528,9.802121762019045,-5.642953365485173,-4.0171713708562855,-11.429425463832155,52.736869304059134,37.776461000000005,-122.4194,4.976358310885811,0.1924845495123521,-0.028215953598746454,3,15.202612161419305,0,9.804429188783093,13.36459333242739,4.980079551585823,15.398647308229219,-0.42600248515505257,0.49706967286029524,0.06086161476170703,20.47002886685803,-0.33254839019818405,False,False,0,0.05,NORMAL_FLIGHT
31240.0,-0.48484805205458836,-0.4379843409957107,9.622646863473427,4.86221998959005,2.8561210511811974,-11.849519412260749,52.64257607316593,37.776462,-122.4194,4.998565757803735,0.004710469775931336,-0.18564315499362027,3,15.140674050115106,0,9.644803812190975,13.122870150531622,4.99856797729245,7.981268829605881,4.714661544660359,-3.096905565209962,0.04215411640507197,13.36459333242739,0.25855573007632415,False,False,1,0.9,RAPID_VOLTAGE_COLLAPSE
31260.0,0.17680907927220996,0.23891844410274615,10.034094252031414,4.363937072348049,6.953217979749786,16.049345017539018,52.62394795913738,37.776463,-122.4194,4.503491202817832,0.2423106130613554,0.04038880947406187,3,15.163755719973125,0,10.038495451615018,18.026998156579868,4.5100052602031155,19.684581971202153,0.9314057014272237,1.1540834929009591,0.0583695690769309,18.026998156579868,0.7658594163086008,False,False,0,0.05,NORMAL_FLIGHT
31280.0,0.14736877941848667,0.1916771639684085,9.819447468678598,1.8150214240303844,2.3500683062333074,10.694473881241898,52.58988037881562,37.776464000000004,-122.4194,5.384967672415973,-0.039902793154992046,-0.1273161394159899,3,15.190619500963837,0,9.822423646049522,11.099049302089648,5.385115510912154,10.803590278274822,1.7033790160880358,1.3431890495356313,0.041536780169407345,18.026998156579868,1.3592319076364134,False,False,0,0.05,NORMAL_FLIGHT
31300.0,-0.05626551142364268,0.010332195370215961,10.017022102900984,-8.605387604802347,0.5169099810604756,-0.04142584944154457,52.55692739428989,37.776465,-122.4194,5.057203161526925,0.04004319938562803,0.11324055407092691,3,15.165238976014907,0,10.017185451614829,8.620998077856633,5.057361691116719,9.738090278265332,1.6476492262864184,-1.2690262474465364,0.026806980199627278,18.026998156579868,1.7142186006613969,False,False,0,0.05,NORMAL_FLIGHT
31320.0,0.013398143444974385,0.045814937641140516,10.13631312784736,-1.7920178775644426,-4.932202495496233,1.847686502490239,52.58690632568058,37.776466,-122.4194,4.830195313583593,0.14318890637745135,-0.062176568758883236,3,15.150025763575135,0,10.136425521086295,5.563442723851343,4.832317231957611,5.9620034735733185,-1.498946569534354,-0.7606606219885848,0.03871904373677967,18.026998156579868,1.4996297837855366,False,False,0,0.05,NORMAL_FLIGHT
31340.0,0.10318784354081989,0.2148636025431123,10.017485572536417,-6.124999443300253,2.5841263291222543,-2.4791602574300886,52.54388095935531,37.776467000000004,-122.4194,5.293075885499704,-0.04590044602229096,-0.009561302341192035,3,15.136383708276004,0,10.020320917751471,7.095037889068112,5.293274901287814,5.805230166741193,2.151268316263355,-0.6821027649565714,0.013023136312877277,18.026998156579868,0.9869511381061358,False,False,0,0.05,NORMAL_FLIGHT
31360.0,-0.31250917137730855,0.04486793135561652,9.891935530288094,5.882666268938826,10.781748158646494,5.698763759795229,52.51364691684894,37.776468,-122.4194,4.640877355871536,-0.13815490588794385,0.00037738565552062714,3,15.147559235940054,0,9.896972448624632,13.539858351480017,4.642933276524883,6.167423456341936,1.5117021253185925,0.5587763832025416,0.014798114080502588,13.539858351480017,1.1030104228844095,False,False,0,0.05,NORMAL_FLIGHT
31380.0,-0.10581053546925896,0.18080351095226288,9.51053632244658,-2.9186106678130064,-1.9034731189754626,-6.760543665488049,52.40929345456347,37.776469000000006,-122.4194,4.754165793296337,-0.1611717065618854,0.0244241052860572,3,15.131904808049436,0,9.512843261589286,7.60568529442973,4.756896962216552,19.206459351767347,5.21767311427368,-0.7827213945309275,0.05815083859497867,13.539858351480017,1.8058692425215384,False,False,0,0.05,NORMAL_FLIGHT
31400.0,0.15885293592436545,-0.05949644017477003,9.80916416679993,-5.428738553907747,-1.8799178967593309,9.937402628679573,52.39458729554466,37.77647,-122.4194,4.5401088952660205,0.2060826563902659,0.0037014377496142254,3,15.166001625344785,0,9.810630751020906,11.478556729385803,4.544783695858199,14.889374471581007,0.735307950940367,1.7048408647674762,0.05631105058445481,13.539858351480017,1.623400987452328,False,False,0,0.05,NORMAL_FLIGHT
31420.0,-0.2508578846338499,0.2623967477147893,9.65007287939525,0.14898082560712217,-2.805445654904987,-2.5308684101411085,52.34019541815898,37.776471,-122.4194,5.3602090393078665,-0.052902465063877774,-0.04271105487326319,3,15.181908194711072,0,9.656898482905058,3.7812716800666455,5.360470092807868,7.686613405792375,2.7195938692841537,0.795328468314338,0.03972513922577837,13.539858351480017,2.4671090752160296,False,False,0,0.05,NORMAL_FLIGHT
31440.0,0.05871158643332586,0.06415714518653678,9.706780812988733,-3.200772284173059,-2.447071172472102,-4.198469958312289,52.344155564593464,37.776472000000005,-122.4194,5.066469274294401,-0.01857367634184986,0.03430485306940432,3,15.13791207060472,0,9.707170387969205,5.818956137412036,5.066503319728715,2.5135952532073347,-0.1980073217243472,-2.1998062053175893,0.021636385072023284,13.539858351480017,1.9972539476184892,False,False,1,0.9,RAPID_VOLTAGE_COLLAPSE
31460.0,-0.27131636092468103,0.03881038872117481,9.697639754774926,7.418719551018534,-13.726497768361924,0.217130184848427,52.29660016225634,37.776473,-122.4194,5.131880357969699,-0.11127640783210545,0.046614713049495424,3,15.167435735394507,0,9.701512027893857,15.60452774930026,5.133086639387185,0.2829180037673851,2.377770116856226,1.4761832394893482,0.011679121683433222,15.60452774930026,2.170467545926016,False,False,0,0.05,NORMAL_FLIGHT
31480.0,0.09328599648670527,-0.2540122177424064,9.516022327565327,-3.674054487670954,2.025176929278564,-5.911468299256105,52.3018272745338,37.776474,-122.4194,5.060200246783695,0.09483392793291884,-0.07651346671096204,3,15.178336135946598,0,9.519868981379144,7.248825796387102,5.061088816790015,9.08215232573566,-0.26135561387299333,0.5450200276045258,0.011109485341189117,15.60452774930026,1.0746618002966812,False,False,0,0.05,NORMAL_FLIGHT
31500.0,-0.007128296459496714,0.05739117086034175,9.222798423259803,-6.996141296123156,-4.227760881773069,3.2868234949648296,52.29459298649668,37.776475000000005,-122.4194,5.114753552228917,-0.0781559859224585,0.0426367818973557,3,15.160526123608106,0,9.222979741666283,8.810400887350314,5.115350648604046,14.844461985643065,0.361714401855906,-0.8905006169245944,0.04156325865020939,15.60452774930026,0.999943090479789,False,False,0,0.05,NORMAL_FLIGHT
31520.0,-0.3230263631811019,-0.16639098349889025,9.60955708550167,-10.764567578787577,-8.051315593959,-5.3736258931339975,52.378195075148795,37.776476,-122.4194,5.015615542779198,-0.049126302766132196,0.1191720302401696,3,15.127515979034122,0,9.616424458717237,14.476721078724013,5.015856124989207,19.672235852547715,-4.180104432605702,-1.650507228699194,0.03996407027828823,15.60452774930026,-0.3799965698981822,False,False,1,0.9,RAPID_VOLTAGE_COLLAPSE
31540.0,0.2329478708914343,-0.12765654530569884,9.868013835577248,-0.15393251206707598,3.7659497486627442,4.685236028188361,52.40305597417146,37.776477,-122.4194,5.054184268541488,0.029952041941616048,0.07058941961045527,3,15.166603670813112,0,9.871588421488013,6.013111454776014,5.054273018465537,12.758198138538823,-1.2430449511331432,1.9543845889494982,0.057996328880936275,15.60452774930026,-0.5890040957799414,False,False,0,0.05,NORMAL_FLIGHT
31560.0,-0.14691831535960984,-0.16307512566322424,9.405546886371754,-2.809650569289632,-5.41008892520968,12.160065389114765,52.31107408054334,37.776478000000004,-122.4194,5.02152068724459,-0.10640459272455725,0.0932375241647187,3,15.156936075611965,0,9.408107711954385,13.602587576183172,5.022647902230283,23.174035476681443,4.599094681405802,-0.4833797600573675,0.058337327002063594,14.476721078724013,-0.14473918287002618,False,False,0,0.05,NORMAL_FLIGHT
31580.0,-0.1620504874028762,-0.21324698637984502,9.814704670941488,-7.144523032558634,-1.693345269418788,-7.193216868081737,52.24782963833821,37.776479,-122.4194,4.878281638886144,-0.01785822695142254,0.017192084890744544,3,15.154048496322632,0,9.818358437919663,10.278812989615068,4.878314326133929,20.512536298263928,3.1622221102566073,-0.14437896446661824,0.07497377132502586,14.476721078724013,0.5399763619558939,False,False,0,0.05,NORMAL_FLIGHT
31600.0,0.04011383944618857,0.42495428060339235,10.38008052729329,5.946132306278926,7.3322119559429,-1.305754572951713,52.25059003878783,37.77648,-122.4194,4.990675046957066,0.140220958950327,-0.09361504460748793,3,15.145391419166831,0,10.388853017239757,9.530100554318945,4.992644523861965,28.52472896600471,-0.13802002248084477,-0.4328538577900609,0.13433846315806758,14.476721078724013,0.4400294770885438,False,False,0,0.05,NORMAL_FLIGHT
31620.0,0.22972746988574305,0.26626781239768066,10.116916966575673,3.3362257371462096,-7.0460789901225676,4.613307130354217,52.20409764136819,37.776481000000004,-122.4194,5.0547189146523355,0.042825439751686324,-0.08096444597036451,3,15.157213487394918,0,10.12302732224535,9.058710392943386,5.054900327843667,13.291284749720322,2.3246198709816923,0.5911034114043368,0.13393297687463793,13.602587576183172,1.7409743378060227,False,False,0,0.05,NORMAL_FLIGHT
31640.0,-0.2031643637956794,0.38407350042885224,10.303062452736159,-0.14108939468614887,-7.66299117298881,-4.358573549814069,52.0556792198564,37.776482,-122.4194,5.0221098239104265,0.013054229242835844,0.03198879678544116,3,15.164823671825767,0,10.312220135229358,8.816944103471231,5.02212679014765,9.459640649200374,7.420921075589604,0.3805092215424466,0.16166063622397586,13.602587576183172,3.473767543150572,False,False,0,0.05,NORMAL_FLIGHT
31660.0,0.01233596996959433,-0.24457900391111279,9.927338363079818,6.821631220854333,1.3465309478116907,4.643205608266651,52.123156535548084,37.776483,-122.4194,4.704445578449336,0.021486470946386504,0.09427637251523104,3,15.201589851130938,0,9.930358404427581,8.361049959627566,4.704494645445485,19.093086540088855,-3.37386578458414,1.8383089652585838,0.059010869260284884,10.278812989615068,1.8791754499525837,False,False,0,0.05,NORMAL_FLIGHT
31680.0,0.0857633000661146,0.014250749982178498,10.160252946895934,3.312680166993065,5.747436820051842,5.553988606517399,52.15916773639336,37.776484,-122.4194,4.731002666278318,-0.03891350959765638,0.2785911913994056,3,15.15517310459936,0,10.160624900685036,8.651801507813383,4.7311626995445595,11.51332481287275,-1.8005600422636547,-2.3208373265789284,0.03174961240270578,9.530100554318945,0.8866190194485313,False,False,1,0.9,RAPID_VOLTAGE_COLLAPSE
31700.0,0.1386211214526288,-0.25870152504081917,9.592810580859664,-4.114279507592162,-7.871708588659815,10.83261776294304,52.185216580067944,37.776485,-122.4194,5.2165682867832786,0.19961523197549258,0.09818219444386038,3,15.182298861219262,0,9.59729947092537,14.008451005353967,5.22038609027241,28.16627148798334,-1.3024421837293687,1.3562878309951287,0.075595804453406,14.008451005353967,0.6537345871988265,False,False,0,0.05,NORMAL_FLIGHT
31720.0,0.03528831105544504,-0.1391389754394128,9.616697919893404,-5.1961008199538306,2.0384486841858855,-6.05990046084912,52.1548504277944,37.776486000000006,-122.4194,4.93860119082332,-0.08121571305340675,-0.1170435757497502,3,15.15838071447494,0,9.617769169712153,8.2387578168425,4.939268945304384,1.0234849393391698,1.5183076136771945,-1.1959073372160844,0.10181415157593865,14.008451005353967,0.4924721357379269,False,False,0,0.05,NORMAL_FLIGHT
31740.0,-0.07340556781666446,-0.18362539668331498,8.988257938158759,4.089907722269307,2.9049976998084603,-9.427752402304746,52.1762342663449,37.776487,-122.4194,5.116945069407188,0.02109261619639301,-0.07672725723599824,3,15.148384621040842,0,8.990433105616633,10.679366655927376,5.116988542276457,31.366803204775984,-1.0691919275249262,-0.4998046717049398,0.19443777812117954,14.008451005353967,-1.205550464884979,False,False,0,0.05,NORMAL_FLIGHT
31760.0,-0.16551804412974394,0.2479168012883123,10.16584364221269,1.981834782336755,-10.295802418461601,-3.075773895637438,52.14101625013385,37.776488,-122.4194,4.781576018055521,0.011502556634280715,0.22785173159559988,3,15.152495712935416,0,10.170213169900116,10.9266464023306,4.781589853307455,58.989003214174126,1.7609008105523571,0.2055545947286852,0.23845152338690945,14.008451005353967,-0.1785971458576796,False,False,0,0.05,NORMAL_FLIGHT
31780.0,0.01722877660927495,-0.07924593562035198,10.272097193945966,0.8487388398533086,3.992506689536101,-9.677523395470999,52.15125911514474,37.776489000000005,-122.4194,4.705370824670694,0.10087625071331352,-0.021438893197677833,3,15.124239609774735,0,10.272417315847735,10.503091276103174,4.706452019899931,5.110207297380942,-0.5121432505443835,-1.4128051580340362,0.2662919656812136,14.008451005353967,0.07908621248617465,False,False,0,0.05,NORMAL_FLIGHT
31800.0,-0.2144278023971214,0.2136758667388033,9.644046826395819,-4.232489014344536,4.383029399210897,5.644982040474971,52.10522995385291,37.77649,-122.4194,4.831280677493657,0.11031739387936397,0.004751463476128849,3,15.15394111737102,0,9.648796601036976,8.306065988672326,4.8325400062612935,31.181035740537943,2.301458064591344,1.4850753798142158,0.2634151268265019,10.9266464023306,0.7998662621503172,False,False,0,0.05,NORMAL_FLIGHT
31820.0,-0.5842700966989215,0.1208241779177036,9.73381448808083,3.0397378350287694,-1.5589278662801238,-11.617513001764113,52.18104437638071,37.776491,-122.4194,4.955486985845718,-0.003201880448707081,-0.09604169204092289,3,15.107132185446945,0,9.752082573288554,12.109371186982761,4.955488020258417,5.164298612578921,-3.79072112638994,-2.3404465962037158,0.25881950364718986,12.109371186982761,-0.26193948586310967,False,False,1,0.9,RAPID_VOLTAGE_COLLAPSE
31840.0,0.08731196083153357,0.4607277504209578,9.583841365892711,-3.777494415669746,6.261731811490041,23.330164182526882,52.102532543676624,37.776492000000005,-122.4194,4.8669719401431175,0.02906664931130496,0.1565103405574244,3,15.128869734372994,0,9.595306600891316,24.44944396347497,4.8670587356475,7.8387986198618975,3.925591635204384,1.08687744630247,0.0971954761454393,24.44944396347497,0.7370172266827524,False,False,0,0.05,NORMAL_FLIGHT
31860.0,0.18078696821723905,-0.2958888446279448,9.924796065443248,-0.5099332729683899,5.682277871624226,12.959278615737507,52.164146735152165,37.776493,-122.4194,5.2587867046211425,0.032853475391394826,0.05003332073206254,3,15.147469498180836,0,9.930851477939353,14.159492081057923,5.25888932718168,16.777243852401824,-3.080709573777085,0.9299881903920948,0.07485043496282603,24.44944396347497,-0.23130485018313607,False,False,0,0.05,NORMAL_FLIGHT
31880.0,-0.4725864871083677,0.2518466479573598,10.147479763590972,7.2347207319349,0.5155896285860242,0.12575769600314238,52.16609252655303,37.776494,-122.4194,5.035904660307493,-0.22721416555706073,-0.07746013478853117,3,15.16830185656913,0,10.16159978912637,7.254159615854765,5.041027873830546,11.537415559350883,-0.09728957004320193,1.0416179194146835,0.05334078675029058,24.44944396347497,-0.14833411408289976,False,False,0,0.05,NORMAL_FLIGHT
31900.0,-0.2019461409419875,0.22928817408014554,9.287168407835688,-3.304171179050729,-2.257226951624668,8.67394492997976,52.14161917678593,37.776495000000004,-122.4194,5.3697877237123715,-0.15889896024777755,-0.09938252888572713,3,15.172184273832915,0,9.292193085925176,9.55248351686261,5.372138222095549,43.47033516005973,1.2236674883549625,0.19412086318926214,0.10889466001656002,24.44944396347497,-0.36389222933017606,False,False,0,0.05,NORMAL_FLIGHT
31920.0,0.12383085220103957,-0.19467576760540695,9.932831559192676,-7.864946285364304,-4.864139462914785,-16.368018643107916,52.14996932287072,37.776496,-122.4194,5.080881630814283,-0.060506369072197065,0.03072039458978721,3,15.137990429087521,0,9.935510833255812,18.799714548031815,5.081241892199613,32.165887366531805,-0.4175073042393507,-1.7096922372696888,0.11614440260964633,24.44944396347497,0.31075053509994177,False,False,1,0.9,RAPID_VOLTAGE_COLLAPSE
31940.0,0.41149909394233974,0.20142666729463193,9.726998468484258,-5.262735959350552,-0.18781754683095617,25.23373331399558,52.186636723229626,37.776497,-122.4194,4.517489836416038,-0.05615986763768689,0.004420617488045252,3,15.144985281858343,0,9.737782263560215,25.77737306574487,4.517838902933048,9.886428484779852,-1.8333700179454127,0.349742638541084,0.1068268154490865,25.77737306574487,-0.8410417955300176,False,False,0,0.05,NORMAL_FLIGHT
31960.0,0.004158741535081579,0.06722899260524577,9.844018317590008,4.971494133438116,2.848794598520895,-5.902146122004895,52.25497406006435,37.776498000000004,-122.4194,5.211208321291711,-0.11992824219641324,0.08321102172211273,3,15.160707759646769,0,9.844248761059703,8.22597796185164,5.212588124068148,5.3233248749744,-3.416866841736166,0.7861238894212974,0.10316252887087934,25.77737306574487,-0.9082732491218337,False,False,0,0.05,NORMAL_FLIGHT
31980.0,-0.1456005882458269,-0.04549525199068156,9.947698200502288,1.2736556869010474,-1.6208843052032063,-1.204974138993595,52.27063121122102,37.776499,-122.4194,4.698089675506009,0.074958257137363,0.05469684731271998,3,15.113580213598663,0,9.948867716354846,2.3877661977825246,4.698687618836693,5.230947764757143,-0.7828575578336938,-2.356377302405299,0.07314177733262679,25.77737306574487,-1.045386846679932,False,False,1,0.9,RAPID_VOLTAGE_COLLAPSE
32000.0,-0.03657928822096803,-0.16478709739439992,9.753539268368154,-0.6443868934437679,-10.98750502631015,-18.559332871884365,52.22609640695791,37.776500000000006,-122.4194,5.046106733442268,0.00021184210174724717,-0.02644803487686226,3,15.147414609936225,1,9.754999799661404,21.577519269393328,5.04610673788897,9.693395834672103,2.2267402131557645,1.6917198168781233,0.009643594586525134,25.77737306574487,-0.8447723017197717,False,False,0,0.05,NORMAL_FLIGHT
32020.0,0.274975283829637,-0.1438218902898372,9.778923943978267,-2.5454690265578472,6.343569472882852,4.862873047408947,52.2288779131462,37.776501,-122.4194,4.845063188467231,-0.021469454738683724,-0.05438015954613665,3,15.044988300346917,1,9.783846362497481,8.388552944201578,4.845110755981438,1.4423281418038947,-0.13907530941459356,-5.121315479465416,0.007325921071954856,25.77737306574487,-0.7890859027548203,False,False,1,0.9,RAPID_VOLTAGE_COLLAPSE
32040.0,-0.12919283582490707,0.40996241915718523,9.745837449733608,2.4267995377659504,0.9511161092244689,-11.063441570771088,52.319717574979315,37.776502,-122.4194,5.428542206892837,-0.12561552745073867,-0.015994214829883398,3,14.980336154665016,1,9.755311761834154,11.366341418398145,5.429995373179768,1.426730033166379,-4.541983091655766,-3.232607284095046,0.006719795566227002,21.577519269393328,-1.3308085174968909,False,False,1,0.9,RAPID_VOLTAGE_COLLAPSE
32060.0,-0.15983840133005073,0.0001365637914965256,10.101094860536485,-4.245524254951118,-1.8981224833841692,1.016557615660292,52.387101479254945,37.776503000000005,-122.4194,5.287919585486027,-0.0044544864244788545,-0.055068084665676253,3,14.896818688412981,1,10.102359413263121,4.760329247779366,5.2879214616913535,17.352382571448377,-3.369195213781495,-4.175873312601741,0.02350191034375359,21.577519269393328,-1.3212741919059567,False,False,1,0.9,RAPID_VOLTAGE_COLLAPSE
32080.0,-0.0965487044364065,0.15642600030629183,9.935627988038249,1.5283278432129797,4.285791942116442,-5.442744329245381,52.432539653161164,37.776504,-122.4194,4.851635871659648,-0.2626684755998612,-0.01301955328047618,3,14.836932813828145,1,9.93732832619458,7.094171156730223,4.858741129063024,8.251554353427082,-2.271908695310998,-2.9942937292418037,0.023068173807079102,21.577519269393328,-1.6190844194014176,False,False,1,0.9,RAPID_VOLTAGE_COLLAPSE
32100.0,-0.19066572165174248,-0.15817987633351063,9.87617506132121,-3.6562728440647847,7.623192982413781,-10.777439349303435,52.472324004167284,37.776505,-122.4194,4.974528466375777,-0.016295631080584103,0.0016440928619381697,3,14.761458222631681,1,9.879281761978087,13.697977999883134,4.97455515703417,2.902328210824656,-1.9892175503059661,-3.7737295598232024,0.019211919020713154,13.697977999883134,-2.4622759720937637,False,False,1,0.9,RAPID_VOLTAGE_COLLAPSE
32120.0,0.024534063198959108,-0.15597058924432777,9.428714483672316,-4.48829692637527,-14.009557847439458,-8.043615017626172,52.507296508697614,37.776506000000005,-122.4194,5.048919613929844,0.006318366880775604,-0.08979308933800571,3,14.690500220563765,1,9.430036349854564,16.766402802385592,5.048923567423607,22.462270606176116,-1.7486252265165092,-3.547900103395829,0.06331489748098083,16.766402802385592,-2.784185955514147,False,False,1,0.9,RAPID_VOLTAGE_COLLAPSE
32140.0,0.3249356916939121,0.21639696184998847,9.696426077036055,-3.1874371741250584,2.1713182496103576,2.257880340855212,52.5652342504231,37.776507,-122.4194,5.1726828143123225,0.02419149843214986,0.06306798620978803,3,14.601869121449422,1,9.704282019616873,4.4690493747222995,5.172739383158448,13.712283488115418,-2.8968870862744467,-4.431554955717143,0.06550824912665502,16.766402802385592,-2.455166754437883,False,False,1,0.9,RAPID_VOLTAGE_COLLAPSE
32160.0,0.06461585462320582,-0.26991524231030645,10.079600748101752,-1.8770372324198095,-7.133246054051736,-12.814909728688244,52.54240281113701,37.776508,-122.4194,5.005830382465002,-0.156410176347928,-0.037042771446967035,3,14.520564718143829,1,10.083421080557606,14.786087359202348,5.008273351293328,18.956953047036684,1.1415719643046884,-4.065220165279637,0.06281780797611874,16.766402802385592,-1.5530133188206463,False,False,1,0.9,RAPID_VOLTAGE_COLLAPSE
32180.0,-0.050470700425257524,-0.08304275358105431,9.821308971937178,-0.24414917966851582,2.4955525339947062,-7.48811671023577,52.47464850784826,37.776509000000004,-122.4194,4.795021020123826,0.022481673669147478,-0.08418843502853435,3,14.47643861661754,1,9.821789720452045,7.896789419629498,4.795073723007844,13.081568005278044,3.387715164437566,-2.2063050763144965,0.0579511499659414,16.766402802385592,-0.42108854687093356,False,False,1,0.9,RAPID_VOLTAGE_COLLAPSE
32200.0,-0.058362253783108824,0.00680548221444641,10.007859440876741,1.1772789755555717,0.6396360118728962,6.632733812644779,52.47809868288511,37.77651,-122.4194,4.856488272159989,-0.10414312698645425,-0.035160742828186806,3,14.33109745706914,1,10.008031927187309,6.766703617225391,4.857604772779074,9.31211033676318,-0.17250875184267045,-7.267057977419977,0.06741555153650322,16.766402802385592,-0.05774678717827442,False,False,1,0.9,RAPID_VOLTAGE_COLLAPSE
32220.0,-0.31263816173933145,0.022274520368010486,10.339953540098291,-18.44182645714222,3.1786326322027496,26.02479874874313,52.437219603546225,37.776511,-122.4194,4.999103640724642,-0.0812469832292334,0.024225815662028628,3,14.317723333539984,1,10.344702895000152,32.0545600250329,4.999763822721051,16.83354839064215,2.0439539669443008,-0.6687061764577784,0.06119158795543501,32.0545600250329,0.7007690515138876,False,False,0,0.05,NORMAL_FLIGHT
32240.0,0.17662195542943182,-0.03581865700323125,10.121581820762646,-4.038252788733824,-2.4962380724732762,4.775888195530048,52.38446856577737,37.776512000000004,-122.4194,5.246891395752939,0.07179313858226648,0.008303819981330346,3,14.200241196024349,1,10.123186101505894,6.734077379744375,5.247382545000289,11.075839674712906,2.6375518884428573,-5.874106875781759,0.035931278845625,32.0545600250329,1.8076568464573484,False,False,1,0.9,RAPID_VOLTAGE_COLLAPSE
32260.0,-0.015567439402560408,0.07916395621918462,9.837947501309923,-1.9578498867801963,-9.366200559095759,-9.172616421772874,52.34845463694797,37.776513,-122.4194,5.085567572107209,0.20141137233597442,0.04221181149044621,3,14.1396819637934,1,9.838278320705507,13.255028521785547,5.089554407939331,14.24538904001933,1.8006964414698956,-3.027961611547436,0.04706840471443289,32.0545600250329,1.9394817418903898,False,False,1,0.9,RAPID_VOLTAGE_COLLAPSE
32280.0,-0.036095982718125134,0.1385711511635623,9.656703248941282,7.5253101930416495,-2.2518409562833406,-3.67114170072311,52.47272033317466,37.776514,-122.4194,4.845317014676997,0.005135875880268002,0.08983461250755291,3,14.04397743631848,1,9.657764882311865,8.670545691055425,4.845319736605569,9.025671919682132,-6.213284811334319,-4.78522637374601,0.06929524714355655,32.0545600250329,0.019281746736012906,False,False,1,0.9,RAPID_VOLTAGE_COLLAPSE
32300.0,0.6386215135689722,0.146927509091866,9.043935121183232,-5.400013041910661,2.034238175698915,0.3158900615257829,52.47952656487845,37.776515,-122.4194,5.129674555541958,-0.08170954586402324,0.13049402040080332,3,13.958666295203635,1,9.067645097085165,5.779104804314146,5.130325281661962,29.505989261334964,-0.3403115851895677,-4.265557055742253,0.23974770931468614,32.0545600250329,-0.014278819933366549,False,False,1,0.9,RAPID_VOLTAGE_COLLAPSE
32320.0,0.05975058167313725,-0.19716076173356534,9.759484523258145,0.8139830904995626,5.076961643376117,-3.494249506357074,52.4976219566965,37.776516,-122.4194,4.922603032224368,0.018867044750999856,0.028548616268805324,3,13.904635169514869,1,9.761658704220963,6.216742524233105,4.922639188305616,34.70068035678988,-0.9047695909025322,-2.701556284438311,0.15078398161456547,13.255028521785547,-0.6040235315027331,False,False,1,0.9,RAPID_VOLTAGE_COLLAPSE
32340.0,-0.15035821001903688,-0.05683101958575944,9.712196251254946,7.475151548679188,-5.859156502362626,9.03058166736933,52.43650381634629,37.776517000000005,-122.4194,5.178081601037368,0.09390291574991455,-0.10694023872354969,3,13.838012689695589,1,9.713526310202589,13.105686202787176,5.178932981279836,2.4066197009187107,3.0559070175105063,-3.3311239909640022,0.09555865381153203,13.255028521785547,-0.5203525056892033,False,False,1,0.9,RAPID_VOLTAGE_COLLAPSE
32360.0,-0.08527151924110866,0.23895257237538756,9.927109858318612,-6.564842649736365,5.135302134365087,2.1747348301422456,52.34431616840666,37.776518,-122.4194,5.505402083665721,0.06209975658727354,-0.026911080253030073,3,13.748856780486966,1,9.930351439046106,8.613823692672495,5.505752308504175,10.841256442175862,4.609382396981587,-4.4577954604311465,0.10786574091701541,13.105686202787176,0.041384685413135,False,False,1,0.9,RAPID_VOLTAGE_COLLAPSE
32380.0,0.22968914183935096,0.17892943751477447,9.763828431907594,1.969876129322012,-3.2393614482326067,9.078523849098701,52.303363536250714,37.776519,-122.4194,4.92823472581129,0.2743112872463746,-0.10043183843830082,3,13.650780803518275,1,9.768168635584429,9.838367234242796,4.935863064855329,8.109140173083862,2.047631607797129,-4.903798848434526,0.11204657080502156,13.105686202787176,1.6935679692394245,False,False,1,0.9,RAPID_VOLTAGE_COLLAPSE
32400.0,0.022654082107552893,-0.2745718902962128,9.713884482168963,-4.011359169672602,1.8122494079726326,-3.1444379029762937,52.37527331551115,37.776520000000005,-122.4194,5.160321031945275,-0.07153375690946667,0.16968540737122817,3,13.656076618372564,1,9.717790626644513,5.409504601207727,5.160816818209529,2.5189004469957865,-3.5954889630218645,0.26479074271446024,0.007839058133989631,13.105686202787176,1.0425324936729652,False,False,0,0.05,NORMAL_FLIGHT
32420.0,-0.2876555956634734,0.07029598007044034,9.276180320847834,-2.5231687114461727,-2.5494697643281636,13.255002197212566,52.39198708881498,37.776521,-122.4194,4.850921333592454,0.025223147991929807,0.19874008825271636,3,13.530047588397892,1,9.28090559220463,13.731760982254038,4.85098690906263,21.844251721994112,-0.8356886651913698,-6.301451498733623,0.05806374047443539,13.731760982254038,1.0563486788151977,False,False,1,0.9,RAPID_VOLTAGE_COLLAPSE
32440.0,0.18384578691504072,-0.3956450498749621,9.52800965125498,-4.015554169766572,0.9108531385605084,-1.664855842815459,52.421916843387194,37.776522,-122.4194,4.97754724656174,0.15489179534182032,0.06503111974963428,3,13.44696945892903,1,9.537992566219843,4.441404474680504,4.979956632343154,12.854348700760632,-1.4964877286107736,-4.153906473443136,0.06147222909831365,13.731760982254038,0.1458697295909417,False,False,1,0.9,RAPID_VOLTAGE_COLLAPSE
32460.0,-0.1336288171077988,0.009386980412073927,9.952995312240168,-3.6592865420794296,4.459388172851373,-9.711898691379917,52.4588451453473,37.776523000000005,-122.4194,5.0059124573744205,0.1486159237018532,0.08584588426390306,3,13.343469826094356,1,9.953896747587732,11.295906208217085,5.008118032122861,20.79520906839445,-1.8464150980051386,-5.174981641733645,0.06491841217159755,13.731760982254038,-1.1452897694064035,False,False,1,0.9,RAPID_VOLTAGE_COLLAPSE
32480.0,0.37465955524350913,0.3795534033491954,10.324772289339808,13.609560739532466,-6.135070386442679,21.773203810422213,52.42927767635739,37.776524,-122.4194,4.961263267991124,-0.19500779265243806,0.025094319323665917,3,13.260252292807737,1,10.338537294755405,26.39946280400065,4.965094284453533,19.232027358383608,1.478373449495507,-4.160876664330981,0.16318302644147248,26.39946280400065,-1.259141401066728,False,False,1,0.9,RAPID_VOLTAGE_COLLAPSE
32500.0,0.2160096131429297,-0.18957854345379727,9.780742384876314,4.222279360358328,-3.399529483734157,-18.249777469611168,52.49867595555605,37.776525,-122.4194,5.492602737755004,-0.00033576200399812245,0.036605591546079126,3,13.189385324920975,1,9.784964066179509,19.037826068068096,5.4926027480175454,27.678661428794804,-3.4699139599332796,-3.543348394338075,0.1624721781941849,26.39946280400065,-1.234026400449011,False,False,1,0.96,CRITICAL_BATTERY_Sag
32520.0,-0.08946437913175025,-0.16686460909831644,9.908343322072238,5.508689308931045,0.9248129367104331,-7.387387253049276,52.46703557559494,37.776526000000004,-122.4194,4.938681385064323,0.14845207658486997,-0.15974542183291227,3,13.13883673519,1,9.9101521209796,9.261448444857482,4.940912045586647,6.25940274000456,1.5820189980555455,-2.5274294865487157,0.08486876128782357,26.39946280400065,-0.7504848677996279,False,False,1,0.96,CRITICAL_BATTERY_Sag
32540.0,0.2562032723470226,0.15280595631457192,10.095743447085843,2.459967434182481,12.007918305151762,-6.270278518303946,52.53734719355807,37.776527,-122.4194,5.117370307756974,0.28906429903991376,-0.007393236525691027,3,13.019623015424951,1,10.100149777425246,13.768004012838645,5.125527976286164,9.499882822282313,-3.5155808981564007,-5.960685988252479,0.044884455924164984,26.39946280400065,-1.1543035017087533,False,False,1,0.96,CRITICAL_BATTERY_Sag
32560.0,0.01357110210548066,-0.3085603030419292,9.566731819139926,-8.03128394200979,-4.315948560834141,25.083062730565633,52.55946230136484,37.776528,-122.4194,4.613982626135313,0.07037958837508185,-0.08811530623462599,3,12.9402975234017,1,9.571716216790488,26.688742377310348,4.614519364000802,26.421678031737894,-1.1057553903384587,-3.966274601162567,0.08625845380731517,26.688742377310348,-1.0061715601754173,False,False,1,0.96,CRITICAL_BATTERY_Sag
32580.0,0.1705547350244439,-0.12655100597700783,9.920044212985633,1.9747898516165359,10.200669429984595,18.068588841465115,52.47001004365252,37.776529000000004,-122.4194,5.086399312673922,-0.03678632936964837,0.02813565375383702,3,12.89467904856232,1,9.922317333281717,20.842920968515607,5.086532335687864,17.53005582456142,4.472612885615845,-2.2809237419689765,0.038196407952925844,26.688742377310348,-0.40732367295134964,False,False,1,0.96,CRITICAL_BATTERY_Sag
32600.0,0.09694656345889496,0.11928822751635054,9.587852968100353,5.364648072536733,10.022116518375855,14.939281436421975,52.432609569322494,37.77653,-122.4194,5.228410918470449,-0.100920315243739,-0.00596098453885342,3,12.812498524652261,1,9.589085089584993,18.772437196237906,5.229384824471221,16.661612184836194,1.8700237165013789,-4.109026195502974,0.05300950359774649,26.688742377310348,0.660663862335582,False,False,1,0.96,CRITICAL_BATTERY_Sag
32620.0,-0.1692713309981747,-0.12685716953788062,10.069447331547304,-4.266997370195557,-0.48655575350795577,-3.3065866237633177,52.34336264267889,37.776531000000006,-122.4194,4.89448053148419,0.22187433575308493,0.19468219623461144,3,12.712934822865916,1,10.071668932593356,5.4201031502156845,4.899506903142767,24.129192150418177,4.462346332180189,-4.978185089317222,0.06561385062637315,26.688742377310348,1.2367293291605108,False,False,1,0.96,CRITICAL_BATTERY_Sag
32640.0,-0.1287099664634924,-0.047193997442194324,9.85542091438552,4.826633335805633,-1.4907626309995015,24.26178003841775,52.4015267493186,37.776532,-122.4194,4.497955571791917,0.07287415864657591,0.09166276887228414,3,12.628743519919748,1,9.856374329771022,24.782105100512766,4.498545872702911,10.764730141116718,-2.908205331985414,-4.209565147308414,0.04712931787870605,26.688742377310348,1.3582044423947082,False,False,1,0.96,CRITICAL_BATTERY_Sag
32660.0,0.20599216351623226,0.1488371420630069,9.899535544194432,3.521681049270394,-3.4603259933234587,3.6835200384097124,52.40028997827848,37.776533,-122.4194,4.992269646234535,-0.08480669268854175,0.02845119825216449,3,12.601552029219738,1,9.902797042101616,6.159903673453513,4.992989925469453,2.3211356165297126,0.06183855200596611,-1.3595745350005295,0.030892479608025575,24.782105100512766,1.5917232308635931,False,False,1,0.96,CRITICAL_BATTERY_Sag
32680.0,-0.06695506642130818,0.08430921670731226,9.575220420774423,9.26020022406835,-0.3410126516633455,9.772633703031223,52.288872856280996,37.776534000000005,-122.4194,5.003436770077106,-0.02031563663337812,-0.026693968713962596,3,12.502160675722678,1,9.57582566316643,13.467441008300417,5.0034780140669595,16.34856894675929,5.570856099874177,-4.969567674852993,0.04557123197130852,24.782105100512766,1.8113718737152595,False,False,1,0.96,CRITICAL_BATTERY_Sag
32700.0,-0.08072969264839935,0.05336367925908038,10.022109707883235,-2.088915062568094,-7.03359716279779,1.7969538110620695,52.307660200366975,37.776535,-122.4194,5.144815010148861,0.031018651682870404,0.16760214587599298,3,12.38997636780644,1,10.022576912270944,7.5540782486171985,5.144908516718761,22.33756245522569,-0.9393672042989465,-5.609215395811873,0.03762350775982191,24.782105100512766,1.2494936895551945,False,False,1,0.96,CRITICAL_BATTERY_Sag
32720.0,-0.1910245158698706,-0.06782445585400775,10.435413876369305,-5.488054911378634,-0.38119508660298795,-0.4946657132325152,52.28080198724756,37.776536,-122.4194,5.402180607082687,0.05438066538881178,-0.002995464612652983,3,12.313601072223673,1,10.437382492444945,5.523472691360503,5.4024543096918825,20.740279008700035,1.342910655970897,-3.818764779138384,0.09835130138653356,24.782105100512766,0.625606554313336,False,False,1,0.96,CRITICAL_BATTERY_Sag
32740.0,0.08471981311869221,0.07401222305379107,9.50762649137154,-1.8081405468627283,7.484401369254281,-2.5177867392637925,52.20661169449589,37.776537000000005,-122.4194,4.923989269879939,-0.089961865754579,0.03316739616352778,3,12.254469841360626,1,9.508291999898095,8.100918846508524,4.924811008270552,46.454524627342494,3.709514637583311,-2.956561543152336,0.14044313800437494,13.467441008300417,1.949150548227081,False,False,1,0.96,CRITICAL_BATTERY_Sag
32760.0,0.412504983848629,-0.024746536019951325,9.708072297705744,7.177854965818117,-3.0554253123835884,-2.096399934191622,52.290509986344325,37.776538,-122.4194,4.828742375267944,-0.06141904181254927,0.0042249604426835,3,12.198583414813905,1,9.716863716767186,8.077878337407217,4.829132968287938,10.428585843454563,-4.194914592421739,-2.7943213273360357,0.14610955928773864,13.467441008300417,1.09779991934154,False,False,1,0.96,CRITICAL_BATTERY_Sag
32780.0,-0.21350658285085458,0.09156112198515695,9.879482242250429,-9.142029404209815,-1.2036215199452538,6.084916486780788,52.295874279649155,37.776539,-122.4194,4.766616439725711,-0.165293456237296,-0.04041539057073227,3,12.118053252580436,1,9.882213207319573,11.047697273269613,4.769481545214143,8.267474527619356,-0.26821466524147297,-4.026508111673444,0.12254721185317666,11.047697273269613,-0.0700142336815901,False,False,1,0.96,CRITICAL_BATTERY_Sag
32800.0,0.004843891334551614,-0.09938640502359565,10.045921863598746,-10.34187857715516,-8.50570237133621,3.6719979877538798,52.28120270953349,37.776540000000004,-122.4194,5.03961572340632,0.10397622896047819,0.003650622238552014,3,15.127936222065689,0,10.046414644554448,13.88470361788266,5.040688216483247,8.210071861743717,0.7335785057833277,150.4941484742626,0.12396134169122021,13.88470361788266,0.26457490833486474,False,False,0,0.05,NORMAL_FLIGHT
32820.0,0.28244411108308587,-0.03651379487590822,9.64213611441316,0.4469763946580663,1.8703104406552176,-0.31471370203683896,52.26123147048419,37.776541,-122.4194,5.0958708517637,-0.034161846677031614,-0.1961966850678316,3,15.074645229963842,0,9.646341108522561,1.948561971315044,5.095985358066022,20.003676801594317,0.9985619524648826,-2.6645496050923256,0.043776353351929975,13.88470361788266,0.19570516763366186,False,False,1,0.9,RAPID_VOLTAGE_COLLAPSE
32840.0,-0.01592827824914303,-0.1979915585104028,8.96009091295718,-2.2129464638707805,1.3224084247568695,15.095239926988544,52.185567497026305,37.776542,-122.4194,4.890868921127483,0.046632164918329215,-0.15477064012411876,3,15.108078734696043,0,8.962292314790183,15.313790012507527,4.891091224098736,34.20243968661891,3.7831986728942724,1.6716752366100707,0.17212253634057695,15.313790012507527,0.21044197469585413,False,False,0,0.05,NORMAL_FLIGHT
32860.0,0.09047435924994679,-0.007001522001247181,10.217756848249207,0.03863946587842322,0.3185117988288545,-29.667530687407307,52.1203400520471,37.776543000000004,-122.4194,5.155736549145158,0.1422258508576327,0.034963054166962756,3,15.131269582334273,0,10.218159797191253,29.66926557673059,5.1576978931344355,62.79337412005352,3.2613722489603703,1.1595423819114714,0.23893456372942673,29.66926557673059,1.701699342972276,False,False,0,0.05,NORMAL_FLIGHT
32880.0,-0.21247870562937596,-0.16220017272576898,10.038151835875244,4.7265588561793255,-1.084135251110717,5.09887247921195,52.18458589129085,37.776544,-122.4194,5.093076815363835,0.02198701423739456,0.15681996905274864,3,15.12855698508476,0,10.04171043082122,7.036633315932636,5.093124274548158,8.822468318501642,-3.2122919621876633,-0.13562986247563913,0.2544797917299592,29.66926557673059,1.112883883583038,False,False,0,0.05,NORMAL_FLIGHT
32900.0,0.08566141944152972,-0.2228092900323987,9.287115740854,-2.762846730594262,-1.4637895938622736,7.177387066589793,52.160891747801564,37.776545000000006,-122.4194,5.008646337928978,-0.011297047594906802,0.034822110414416886,3,15.108228724890886,0,9.290183025243563,7.828849668725624,5.008659078209828,37.5763702788829,1.18470717446435,-1.0164130096937285,0.26924962381436607,29.66926557673059,1.2031096173192424,False,False,0,0.05,NORMAL_FLIGHT
32920.0,-0.037428853000909756,0.05173222957107763,9.627729362466134,-9.365029154653103,2.50950116850336,11.469628682551695,52.16199513284841,37.776546,-122.4194,4.819517055851175,0.019392147688393417,-0.0720368854896654,3,15.147160470223104,0,9.627941099711085,15.018446966908225,4.8195560694977235,16.88790372337614,-0.05516925234232417,1.946587266610944,0.26918298110135763,29.66926557673059,0.992363376357801,False,False,0,0.05,NORMAL_FLIGHT
32940.0,0.1971459991359726,0.042547955171532065,10.280454728858198,10.22240778599972,-0.14408300794311654,-0.6487144105336112,52.059778609038354,37.776547,-122.4194,4.903627136903055,0.0063193603850226834,-0.14428537540673356,3,15.111535377165737,0,10.282432898179666,10.243984148898301,4.903631208817373,32.724589923429015,5.1108261905028485,-1.7812546528683804,0.17828550294979265,29.66926557673059,1.2578888798795163,False,False,1,0.9,RAPID_VOLTAGE_COLLAPSE
32960.0,0.23747721031295024,0.15657474698971452,10.24433892553736,-4.986141437193881,1.574859357776661,2.079200673839576,51.99387400724858,37.776548000000005,-122.4194,4.514048940463491,0.12461649978779449,0.07845272604756387,3,15.11935418228164,0,10.248287227536748,5.627154153795107,4.51576871738566,1.7072835321458868,3.2952300894887543,0.390940255795158,0.1833789264494099,15.018446966908225,1.264660447985193,False,False,0,0.05,NORMAL_FLIGHT
32980.0,0.5179127284037228,-0.08622511391501982,10.091592006803683,-5.2951856100604875,1.0749140872727398,9.859483833147213,52.024364633242314,37.776549,-122.4194,5.047157412839606,0.03108383975387898,-0.056719515101510104,3,15.098537782787718,0,10.105241095406692,11.242946784366646,5.047253129681097,7.152306606502812,-1.524531299686771,-1.0408199746961166,0.18874764117852694,15.018446966908225,1.6022125804853715,False,False,0,0.05,NORMAL_FLIGHT
33000.0,0.11592663464271513,0.08161056936735114,9.757166269812041,5.518600068612982,5.617136435478809,14.9116640428018,52.04325022124801,37.77655,-122.4194,5.005268257749487,-0.054440101957891264,0.064323541855256,3,15.081178893342715,0,9.758196190198774,16.863122278435476,5.005564309519534,17.352245260395893,-0.9442794002847421,-0.8679444722501373,0.08732245409365157,16.863122278435476,1.176415265535553,False,False,0,0.05,NORMAL_FLIGHT
33020.0,0.06515926331643329,0.11015951445473265,9.834896225643753,-1.9224456052075898,3.3849704868752712,-3.0053598517876816,52.13091898118422,37.776551000000005,-122.4194,5.037695798217897,0.10478490568897503,0.038986515806571725,3,15.07844378997142,0,9.835728982510782,4.917927423288784,5.038785452055138,3.8766396156003857,-4.383437996810713,-0.13675516856475056,0.05684376907535673,16.863122278435476,0.31076151664187535,False,False,0,0.05,NORMAL_FLIGHT
33040.0,0.03887686031546721,0.08895476156631896,9.770722258462163,-0.3169492601740539,0.9643092157509532,2.669757831275602,52.19806679776578,37.776552,-122.4194,5.100863803112912,0.12304843563583522,0.04783003922546894,3,15.098729853070274,0,9.77120452205772,2.8562135730306486,5.102347739562636,3.226223022653052,-3.3573908290779997,1.0143031549427306,0.04867324841708557,16.863122278435476,-1.3828818872742943,False,False,0,0.05,NORMAL_FLIGHT
33060.0,-0.07063325856213767,-0.16513073656042843,10.148471934980652,2.41395062030159,7.592110153260899,16.785739643487574,52.186531249141545,37.776553,-122.4194,5.077164297286445,-0.13383306268204637,0.0033601707353555924,3,15.090017083424778,0,10.150061075306986,18.580321567600816,5.078927897726746,18.94282766246329,0.5767774312118945,-0.43563848227483604,0.03564526027099932,18.580321567600816,-1.9265724189296662,False,False,0,0.05,NORMAL_FLIGHT
33080.0,0.06769676869233823,0.02987269645423778,9.547247278051467,5.4179155155499785,2.1013426452828075,-21.240270758788512,52.21017892737721,37.776554000000004,-122.4194,4.977923363870793,0.15327838847681055,0.03836443849696413,3,15.058024984950904,0,9.547534017679434,22.02086627163354,4.980282650708166,30.12635288137764,-1.1823839117830914,-1.599604923693665,0.04733706178228994,22.02086627163354,-1.8581429413489303,False,False,1,0.9,RAPID_VOLTAGE_COLLAPSE
33100.0,-0.05908028202780589,0.07282805921093227,9.568260103534739,-1.66730346590886,6.524813443952095,-6.900125998145851,52.194348755232056,37.776555,-122.4194,5.00973360863255,0.03647117732084855,-0.01194544012563351,3,15.072030401438054,0,9.568719653894535,9.641827115028457,5.009866363111663,1.0592818107550528,0.7915086072575406,0.7002708243574851,0.05966624143939347,22.02086627163354,-1.5109853398404738,False,False,0,0.05,NORMAL_FLIGHT
33120.0,0.033692195253922856,0.0014356933815883885,10.113082376050805,7.599760029571496,3.0347130419331894,14.658359786029632,52.297089246163985,37.776556,-122.4194,4.719136716660766,0.028326995014659847,-0.06353065343682036,3,15.08532777644288,0,10.113138601345574,16.787892880604243,4.7192217334198565,27.22094737255194,-5.137024546596436,0.6648687502412542,0.08352945789883869,22.02086627163354,-1.6617026497976184,False,False,0,0.05,NORMAL_FLIGHT
33140.0,0.26351950712159194,-0.41729553167421696,9.796691563346531,-10.678999243674028,-9.209595394657715,10.925378336083032,52.35453998096661,37.776557000000004,-122.4194,4.883255870862115,0.1006624631596515,-0.09634990605160515,3,15.105391010230099,0,9.80911533619286,17.8387657635343,4.884293278643153,15.201163257635653,-2.872536740131082,1.0031616893609652,0.08269991760658005,22.02086627163354,-1.5647318320082348,False,False,0,0.05,NORMAL_FLIGHT
33160.0,-0.20130851305592823,0.03209792479469602,10.223540206636143,3.7989361847653855,6.524173816596647,5.2244521092669425,52.36302423550949,37.776558,-122.4194,5.010094210736693,-0.05669763910042788,-0.2385008797970979,3,15.089673519775507,0,10.2255723434393,9.181048957886503,5.010415015019902,20.822850362321965,-0.4242127271442797,-0.7858745227295572,0.09563317974060878,22.02086627163354,-1.7649298636794697,False,False,0,0.05,NORMAL_FLIGHT
33180.0,0.2279757122258091,0.44250620787944844,9.608546337905837,-4.197637790088287,0.6758812067133455,-4.4859687310912015,52.37304397475331,37.776559,-122.4194,4.852829284817528,0.0954164514190924,-0.018110956240450955,3,15.087703288076133,0,9.621431670861691,6.18068716881008,4.853767234508059,30.207033628880442,-0.5009869621908081,-0.09851158496871903,0.08544554169424884,17.8387657635343,-1.628650473761013,False,False,0,0.05,NORMAL_FLIGHT
33200.0,0.2634230134679731,-0.07200785375139655,9.793566491898353,6.8613565830399565,-0.25977385450388973,-8.818184989854194,52.4452864891163,37.77656,-122.4194,5.1720301591745095,-0.03767754697378553,0.15193781829519531,3,15.068555894533471,0,9.797373191129378,11.17613900819059,5.172167395295387,8.79707601338433,-3.612125718149528,-0.9573696771330908,0.06173251759156337,17.8387657635343,-2.5093773388424268,False,False,0,0.05,NORMAL_FLIGHT
33220.0,-0.02361370539821575,-0.14561541957106425,9.533276104546815,0.7102223941527263,1.4067417374478852,-5.912156192423738,52.474265381471994,37.776561,-122.4194,4.868273583808994,-0.14749506797103382,0.07300800925375975,3,15.087907043462172,0,9.534417378268206,6.11857246493398,4.870507415237991,13.147790643058599,-1.4489446177847753,0.9675574464350412,0.07089833802715256,17.8387657635343,-1.7717613530800946,False,False,0,0.05,NORMAL_FLIGHT
33240.0,-0.42437097980171895,0.07466971194227964,9.81220880442707,-3.364526660047008,-1.724915809785337,15.480082208186925,52.552196782325495,37.776562000000006,-122.4194,5.043261082249663,-0.09977562791069343,0.02277091184759583,3,15.112975317197243,0,9.821665231316711,15.935128470434114,5.04424796373642,14.362392652425271,-3.8965700426750516,1.2534136867535572,0.0710022091810358,15.935128470434114,-1.9765680135888886,False,False,0,0.05,NORMAL_FLIGHT
33260.0,-0.1215643974188865,0.06247564209331435,9.366435918900361,3.3142054651081625,1.1351443019447265,-6.284426891553463,52.442514386012554,37.776563,-122.4194,5.023313131363067,0.056702183290322665,-0.0734004994289151,3,15.08885437369089,0,9.367433102586942,7.194896233196884,5.0236331427876495,22.711606436488463,5.484119815647048,-1.2060471753176927,0.035722095186627584,15.935128470434114,-0.794901505030623,False,False,0,0.05,NORMAL_FLIGHT
33280.0,0.25939890931222187,0.2385470330832829,9.663709973713512,4.465941736036258,-2.959380331715462,1.0142296423965789,52.465575799087496,37.776564,-122.4194,5.149255518722082,-0.09454683399946583,0.09973392257590773,3,15.054746174593474,0,9.67013355322434,5.452635079017369,5.1501234452107205,15.135022531869957,-1.1530706537470792,-1.7054099548707846,0.036025223226263066,15.935128470434114,-0.9253182433418772,False,False,1,0.9,RAPID_VOLTAGE_COLLAPSE
33300.0,-0.004573612459776425,-0.25157363118177756,9.379123840521565,3.209470614293191,6.37136129367185,-7.53707644861746,52.43980405585343,37.776565000000005,-122.4194,5.180158234805661,0.16100761231896493,-0.01193093118030249,3,15.059011565124415,0,9.382498293401225,10.377979945577815,5.1826598179747,14.381762991155789,1.2885871617033473,0.21326952654705522,0.03743191034870699,15.935128470434114,0.0548243326286979,False,False,0,0.05,NORMAL_FLIGHT
33320.0,-0.19986044645898215,0.14627605051499848,10.018176969957377,-5.148481198165302,-0.5679405681052515,8.42774030099027,52.527622955234825,37.776566,-122.4194,5.138806522193588,0.11892834534396429,0.15749343137890587,3,15.094967373342362,0,10.021237981526903,9.892230371240698,5.140182528263526,31.93698440628392,-4.390944969069821,1.7977904108973597,0.07976488260946327,15.935128470434114,-0.5335757376283112,False,False,0,0.05,NORMAL_FLIGHT
33340.0,-0.10095498424564349,0.1180844122502927,10.024976801927895,-2.420085618110424,-1.9129192136121675,-5.387262803464412,52.60494288959432,37.776567,-122.4194,4.578798759723373,0.1333439166032965,-0.09810872632946814,3,15.07785486108084,0,10.026180514854746,6.207952547368798,4.5807399710242676,0.24712666639210568,-3.8659967179746957,-0.8556256130760609,0.10541904584377845,10.377979945577815,-0.52746107268824,False,False,0,0.05,NORMAL_FLIGHT
33360.0,0.16812400530091062,-0.028429307388109223,9.290921180854697,-0.020364185607175126,-4.624629078596369,-0.9759389015441426,52.60658468004938,37.776568000000005,-122.4194,5.238829629602625,0.012477857967741193,-0.07499695279726563,3,15.079999140770617,0,9.29248568982118,4.726527853953866,5.238844489478748,36.68474125167824,-0.08208952275303716,0.1072139844888298,0.11876127988368167,10.377979945577815,-1.6407029403682571,False,False,0,0.05,NORMAL_FLIGHT
33380.0,0.10934671364027587,0.067737463584338,10.210165723650173,-0.206298263250302,1.3438789457432074,-16.833821330428258,52.68336622898993,37.776569,-122.4194,5.305461644838919,0.02578616172949595,-0.08472699442196284,3,15.068385636659785,0,10.210975916735757,16.888638493940633,5.30552430877417,45.92451134572881,-3.8390774470276057,-0.580675205541592,0.1749989590852126,16.888638493940633,-2.1779042990243624,False,False,0,0.05,NORMAL_FLIGHT
33400.0,-0.047786419833938866,0.20589149631967146,10.559224537925957,3.7487273771917384,0.9355355006254595,-16.1336823620494,52.77252195498956,37.77657,-122.4194,4.903575143135706,-0.11937118542442776,-0.14821183704340132,3,15.089858139191472,0,10.561339767875804,16.589873121303285,4.905027896382241,17.518192557002354,-4.457786299981237,1.0736251265843322,0.21470187072124752,16.888638493940633,-3.3271789913612793,False,False,0,0.05,NORMAL_FLIGHT
33420.0,-0.07336488236293752,0.17446307600569008,9.823801916020903,-10.07450616253304,1.9421230683875321,0.07673193321506307,52.77624228858586,37.776571000000004,-122.4194,5.04732938253457,0.09957835101574904,-0.09370446851917626,3,15.072921115469962,0,9.825624858301351,10.260282852887348,5.048311573564751,36.78574547872264,-0.1860166798152818,-0.8468511860755257,0.2224727235099189,16.888638493940633,-2.4861933335103714,False,False,0,0.05,NORMAL_FLIGHT
33440.0,-0.07835162980876438,-0.22860386241474573,9.617665721932607,1.6716352727675172,-5.136259437525644,-13.25157155197762,52.89983897720746,37.776572,-122.4194,4.821833663973844,0.03798334550370854,0.010321625976591762,3,15.07435678008769,0,9.620701255243407,14.310124880374534,4.8219832659982425,10.2461801528972,-6.1798344310798115,0.07178323088643523,0.24666615819072307,16.888638493940633,-2.9489608761313946,False,False,0,0.05,NORMAL_FLIGHT
33460.0,-0.18448203689970052,0.1640316373510969,10.657299177300914,-1.4499067721831995,-8.005905994057866,21.05086639334502,52.89827191957397,37.776573,-122.4194,4.61032429865357,0.05673056252922603,-0.07122010248506276,3,15.060214151476393,0,10.660157867240498,22.56846774471358,4.610673323439909,51.97283059985453,0.0783528816743484,-0.707131430564889,0.20380950988909477,22.56846774471358,-2.9168723952459175,False,False,0,0.05,NORMAL_FLIGHT
33480.0,0.32307513789388836,-0.012937721006503698,9.414309450509247,-4.192503081919761,3.127956512532799,-20.615231121122495,52.887545872057174,37.776574000000004,-122.4194,4.852256946891523,0.1688311811452882,-0.3856375329240597,3,15.094822020059905,0,9.419860262195916,21.268496613853564,4.8551932450093025,62.01488025222908,0.536302375839881,1.730393429175603,0.3150523476804209,22.56846774471358,-2.04179643067242,False,False,0,0.05,NORMAL_FLIGHT
33500.0,-0.06446409384226798,0.014574819603103079,9.81603194006073,-3.7124338888479977,7.423209309382538,-8.00175298664104,52.930839501486396,37.776575,-122.4194,4.891972192107278,-0.060596298394751,0.10742732974201218,3,15.071115113052114,0,9.816254432982765,11.528844377871941,4.892347477411026,19.81970853934243,-2.164681471461094,-1.1853453503895217,0.22349297152612746,22.56846774471358,-1.5831754649683916,False,False,0,0.05,NORMAL_FLIGHT
33520.0,0.2434317041650993,0.0146393982003389,9.863886681789577,-1.072688322589818,-5.131768111949481,0.1670086726755042,52.913149964929275,37.776576000000006,-122.4194,4.929029853729637,-0.012614154987731819,-0.16840937293474056,3,15.086844950334232,0,9.866900920641607,5.245340416883439,4.92904599449671,2.532324382942086,0.8844768278560622,0.7864918641058871,0.2229484483842654,22.56846774471358,-1.3690767634341228,False,False,0,0.05,NORMAL_FLIGHT
33540.0,0.3042632103844903,-0.030048597759651997,10.213544286135726,-18.00542552229759,7.947206417808492,-3.651329377957845,52.91741695371903,37.776577,-122.4194,4.808217181998803,0.03266709215421678,0.0589228284886637,3,15.04996508717855,0,10.218119489626089,20.01713376866428,4.808328151049834,17.5609284492241,-0.21334943948758678,-1.8439931577840518,0.21783861114089528,22.56846774471358,-0.17577976511567783,False,False,1,0.9,RAPID_VOLTAGE_COLLAPSE
33560.0,0.1996621796295921,0.238341499421413,9.917921692538037,-3.50644785395775,1.4195552936819045,-11.04145456663919,52.98788867492157,37.776578,-122.4194,4.853314966636552,-0.09354354054587068,0.0031214589669564773,3,15.107664156014197,0,9.922794080078326,11.671505161353554,4.854216369235741,14.766270477388144,-3.523586060127215,2.884953441782301,0.08181204105725054,21.268496613853564,-0.8961675534759905,False,False,0,0.05,NORMAL_FLIGHT
33580.0,-0.08632406254360969,-0.016743591969842403,9.660409831263465,-4.379074123231467,-0.03531452275414858,-9.57927839495268,52.98884961753243,37.776579000000005,-122.4194,4.997798735674318,-0.018759882127683977,0.21173728164203426,3,15.097683548804282,0,9.660810022954488,10.532811204055639,4.997833944368826,13.099202856191905,-0.04804713054298304,-0.4990303604957447,0.041748641170385584,20.01713376866428,-1.0130374547525633,False,False,0,0.05,NORMAL_FLIGHT
33600.0,0.0807460180673219,-0.22390922567663374,9.524644688883614,2.6639160466131213,-1.98774348272889,-9.906540774992385,52.904098727883664,37.77658,-122.4194,4.8459546033779715,0.04929498104669694,0.09969574815226198,3,15.033089689428234,0,9.527618365061421,10.449264231663433,4.846205320986364,6.659582894653315,4.237544482438338,-3.2296929688024,0.07006034454749913,20.01713376866428,0.26740773602732304,False,False,1,0.9,RAPID_VOLTAGE_COLLAPSE
33620.0,-0.0048391212781832334,-0.07870597119394578,9.70745345392616,-4.0276334125526025,-6.922590097124983,-2.8672169482006287,52.922464697276126,37.776581,-122.4194,5.108704866510005,-0.032542127137283106,-0.05046045954849743,3,15.054396468107532,0,9.707773720433499,8.506763049878135,5.108808511105269,9.00776776860388,-0.9182984696231244,1.0653389339648989,0.07292451759964735,20.01713376866428,-0.09314732346851429,False,False,0,0.05,NORMAL_FLIGHT
33640.0,-0.18074037214602565,0.03573894336209512,9.507921791716457,-1.0755690008524494,4.938642579622998,19.519290895174237,52.887650018323505,37.776582000000005,-122.4194,5.136332130279488,0.13089894097291122,-0.0702063562355312,3,15.079137480216398,0,9.50970668062863,20.163079037073974,5.137999833134413,9.903351990243436,1.7407339476310568,1.2370506054432795,0.027822980300579874,20.163079037073974,0.29766935395521443,False,False,0,0.05,NORMAL_FLIGHT
33660.0,0.0648718563443206,0.2458429568594101,9.824347595935405,7.71138313830651,-3.8780318071880155,0.779372965582097,52.93091357618823,37.776583,-122.4194,5.4760775492328975,-0.15109245618169942,0.15027276807992854,3,15.042339794060613,0,9.827637193290395,8.666716957579734,5.478161576252346,15.89652563308821,-2.1631778932363233,-1.8398843077892302,0.017403741225020995,20.163079037073974,0.5697509873333928,False,False,1,0.9,RAPID_VOLTAGE_COLLAPSE
33680.0,-0.23580795823196052,0.12061893698976672,9.640741146041854,4.971757599077117,-3.8990333786880016,11.82900489387524,52.965723061979546,37.776584,-122.4194,5.225135986424692,0.11227712402333419,-0.1475871097101412,3,15.06525206032772,0,9.644378889597322,13.410674542744992,5.226342146206014,9.162915184653642,-1.7404742895656966,1.145613313355387,0.01734189137352549,20.163079037073974,0.2312655555288501,False,False,0,0.05,NORMAL_FLIGHT
33700.0,0.23753587769231277,-0.1701070557494088,9.361788662013076,4.511356999717263,4.959631549434773,5.069763458281416,53.039293079387875,37.776585000000004,-122.4194,5.048620611665683,0.06611854748160047,0.019087993591870807,3,15.075566152477917,0,9.366346494541155,8.405521316847175,5.049053549216591,13.901619752808347,-3.678500870416457,0.5157046075098037,0.031881627228458075,20.163079037073974,-1.3519435150421089,False,False,0,0.05,NORMAL_FLIGHT
33720.0,-0.09292345945967861,0.4970379833357783,10.186543736512471,-2.499362152054259,-9.414917233358633,11.138623979822205,53.084669694427504,37.776586,-122.4194,4.875947140666464,-0.056882858755659085,-0.013112046324967201,3,15.062488573306185,0,10.199085979737493,14.797176144183219,4.876278927439825,41.63697425981692,-2.2688307519814543,-0.6538789585865956,0.1038908155039455,20.163079037073974,-1.6220499715137748,False,False,0,0.05,NORMAL_FLIGHT
33740.0,0.04023193117456786,0.052955062195595926,9.66069824297129,2.715161396448262,-7.617989053340834,-27.99964302593586,53.13918190861041,37.776587,-122.4194,5.0587494703348,-0.09244085682299981,-0.034322606870467585,3,15.076109440403908,0,9.660927149536256,29.144225297739897,5.059594006995304,26.90794151006184,-2.725610709145343,0.6810433548861461,0.09336313533752526,29.144225297739897,-2.515318902869055,False,False,0,0.05,NORMAL_FLIGHT
33760.0,0.05665757430922844,0.25507814759980296,9.429558958507407,-1.1694890022679698,-0.09067121754040884,-3.0445802114822946,53.10572707060353,37.776588000000004,-122.4194,5.065319191983272,-0.20802826172424518,0.035351398444842544,3,15.050615643028523,0,9.433178525506493,3.262728070229814,5.069589162284265,11.387431201488152,1.6727419003441213,-1.2746898687692187,0.10713396654166421,29.144225297739897,-1.7481349441529659,False,False,0,0.05,NORMAL_FLIGHT
33780.0,-0.05178099474081547,-0.030342886715445827,9.759522259653737,-0.9804660533846894,1.4664221450242603,13.071354231507136,53.14592639539805,37.776589,-122.4194,4.8973373821988675,-0.0795175012413834,0.018955986050867568,3,15.018748185064592,0,9.759706793693516,13.18984492080164,4.897982897896452,16.326413409351126,-2.0099662397260687,-1.5933728981965878,0.1088481222842312,29.144225297739897,-1.8020333341850403,False,False,1,0.9,RAPID_VOLTAGE_COLLAPSE
33800.0,0.11733876029505495,0.10667184894108989,9.830511469790299,2.0484267187327485,2.4236732398446192,-5.717358227493337,53.244348959866066,37.776590000000006,-122.4194,5.156746279350576,0.10471766550029969,0.045740074279174425,3,15.082423696938651,0,9.831790428284297,6.538992972701751,5.157809416706266,3.6041817295390466,-4.921128223400828,3.1837755937029755,0.07828592847117834,29.144225297739897,-2.0505588047819145,False,False,0,0.05,NORMAL_FLIGHT
33820.0,-0.0949807313245049,0.16789370090368094,9.286059982326291,-2.984967942104662,-1.508992466981264,17.62473164869612,53.20991646443423,37.776591,-122.4194,4.720380397063625,-0.005608572627867428,0.013897565236328388,3,15.081447258554793,0,9.288063287332179,17.939293675319252,4.720383729006517,27.186357047605902,1.7216247715918342,-0.04882191919293177,0.05198510080984199,29.144225297739897,-1.2524677000672568,False,False,0,0.05,NORMAL_FLIGHT
33840.0,0.17425945949144883,0.2436389423508512,9.909494300137728,7.465015522216017,12.651848343208448,14.838901537677616,53.29990337902058,37.776592,-122.4194,4.951120032892498,0.11629808803918416,0.04176814050172477,3,15.111153273115901,0,9.914020555653202,20.880342959141345,4.952485721876538,31.297863416051186,-4.499345729317383,1.4853007280554387,0.07317297666419624,20.880342959141345,-1.607214704101665,False,False,0,0.05,NORMAL_FLIGHT
33860.0,-0.2691959360493497,0.21147366107564503,9.49585272939292,-0.8006506979896857,-1.1394627938291704,-4.691307161274624,53.27243587446051,37.776593000000005,-122.4194,5.111171691863482,-0.06198710706245521,0.009336519293159469,3,15.016086384698843,0,9.502021186023171,4.8936468896048195,5.111547560685372,20.599968481501563,1.3733752280032263,-4.753344420852912,0.06681754862731264,20.880342959141345,-1.6670880385698439,False,False,1,0.9,RAPID_VOLTAGE_COLLAPSE
33880.0,0.025275915909282368,0.17443940001459557,10.323308642757237,3.091802831298325,-1.1539307605136107,-5.031635190463567,53.22983731220802,37.776594,-122.4194,4.942483170481581,0.07071061601065629,-0.06594268872163145,3,15.074396332031858,0,10.324813282080639,6.017321134657448,4.942988962329399,41.13960480287337,2.1299281126246683,2.9154973666507544,0.15910761494717274,20.880342959141345,-0.8391091680996965,False,False,0,0.05,NORMAL_FLIGHT
33900.0,0.38778579981165695,-0.06301734623882173,9.96718815362302,7.278002396286491,-3.9849333440693875,-10.136058423544688,53.244647334375756,37.776595,-122.4194,4.9586491193141455,-0.07174986020844216,0.0004001260236595398,3,15.019155621870649,0,9.97492800486227,13.099186730577557,4.959168189415931,17.49426386091839,-0.7405011083868374,-2.7620355080604675,0.16747427189284372,20.880342959141345,-0.0029837450968983603,False,False,1,0.9,RAPID_VOLTAGE_COLLAPSE
33920.0,-0.20006626492111496,-0.11434920839121228,9.690030002967205,5.158268872875875,0.6195340826053554,-6.295942318637977,53.2804428551822,37.776596000000005,-122.4194,4.972442827761544,-0.0965575006209839,-0.071438655970402,3,15.092808705053216,0,9.692769661465386,8.162747694496403,4.97338024147394,14.107917169844253,-1.7897760403222662,3.68265415912834,0.09648403350265912,20.880342959141345,-0.7052639074797185,False,False,0,0.05,NORMAL_FLIGHT
33940.0,-0.13554899410497032,0.06652150206483952,9.586449668904795,-7.044595513452623,3.0748061602338734,-12.325890641689153,53.32603036138081,37.776597,-122.4194,4.832879751862451,-0.010712721717067627,-0.07803766047308504,3,15.066585750881023,0,9.587638702750782,14.526126083097628,4.8328916249351845,5.2565479357301825,-2.279375309930387,-1.311147708609628,0.1125163545717542,14.526126083097628,-0.2612698236023192,False,False,0,0.05,NORMAL_FLIGHT
33960.0,0.102781569931783,0.18662561446821388,9.778509687730914,2.2244794750494212,6.0178902726673,4.288111804330056,53.27794224034215,37.776598,-122.4194,5.2347801863148415,-0.06649665113199965,-0.033615000271775185,3,15.036939412040972,0,9.780830480288502,7.716943379033865,5.2352025179209845,9.659588876886005,2.4044060519329946,-1.4823169420025373,0.08423264835764525,14.526126083097628,-0.055063658816365546,False,False,0,0.05,NORMAL_FLIGHT
33980.0,0.03591635638791959,-0.04454414015532141,9.993837222474987,4.253596972303234,-7.44642132220109,-14.560464933464335,53.29966924520487,37.776599000000004,-122.4194,4.796392465615437,-0.15428221490372127,-0.011942316073584243,3,15.07073201327392,0,9.994001030338397,16.898207502251914,4.798873168364437,10.658527502494763,-1.086350243135925,1.6896300616473958,0.03125433075538129,16.898207502251914,-0.6983193299684842,False,False,0,0.05,NORMAL_FLIGHT
34000.0,0.07012601985471184,0.2130343931428773,9.80235176142444,4.459315110803744,-1.229976691778504,6.037330161902218,53.26539151663069,37.7766,-122.4194,5.063631865481977,-0.018231470071699334,0.003522530634781082,3,15.043216238414946,0,9.80491720342519,7.605766851776043,5.063664686333946,9.454191345660412,1.713886428708733,-1.3757887429487248,0.022678126666865795,16.898207502251914,-0.20744182254937016,False,False,0,0.05,NORMAL_FLIGHT
34020.0,0.09783742602953271,0.2905233490972359,9.744852357858944,-5.566474170573156,2.233518054045721,6.280786969002486,53.190945403827165,37.776601,-122.4194,5.082729579656474,0.010643541643128885,0.09163788273633305,3,15.059435035347704,0,9.749672992196805,8.68461412725964,5.082740723752647,2.7622105614192094,3.7223056401764154,0.8109398466379147,0.021070595570066394,16.898207502251914,0.8949745135503662,False,False,0,0.05,NORMAL_FLIGHT
34040.0,0.126944293712354,-0.18326418381468396,9.82751108724537,-3.2851761850866197,2.935287672972678,-16.612044051839227,53.14450858805052,37.776602000000004,-122.4194,4.810275619758206,0.12683586114960674,-0.049846408254084346,3,15.056695502468253,0,9.830039409112562,17.186282433103813,4.811947513607537,4.018320845787837,2.321840788832219,-0.13697664397254172,0.009094413374824027,17.186282433103813,1.8152177333028874,False,False,0,0.05,NORMAL_FLIGHT
34060.0,0.22193996839124464,-0.167384140759256,9.628842320628914,4.972791178708108,0.03274328902269638,15.498186063283395,53.10696356975273,37.776603,-122.4194,5.014620850876149,0.09368056771330602,0.01968519264748205,3,15.086609225654412,0,9.632854158331353,16.27647060889322,5.015495820635176,9.85926253906042,1.8772509148895722,1.4956861593079296,0.017251776191754775,17.186282433103813,1.709786705894203,False,False,0,0.05,NORMAL_FLIGHT
34080.0,0.08196373138570251,-0.02807501178106729,9.707038221947089,-3.8088018534132284,2.7121198476605093,5.136092944152218,53.13304332777036,37.776604,-122.4194,4.818073565451059,0.12199431992328313,0.011802771394381888,3,15.08717395592059,0,9.70742485430049,6.9456472957967215,4.819617774906204,3.7285347984568062,-1.3039879008815092,0.0282365133089435,0.006208047233007691,17.186282433103813,1.666259174345086,False,False,0,0.05,NORMAL_FLIGHT
34100.0,-0.04825153092370849,0.061522533637839286,9.1842622683285,-1.4984802833215713,-4.044819464629002,7.49698021444869,53.190654010923794,37.776605,-122.4194,5.278208495011189,0.07203574983935083,-0.060862828746606513,3,15.038079705040783,0,9.184595072501795,8.649319048155194,5.278700035620815,26.141489089934744,-2.8805341576717325,-2.4547125439903894,0.06457830413485025,17.186282433103813,0.747375057068993,False,False,1,0.9,RAPID_VOLTAGE_COLLAPSE
34120.0,0.13451474024054627,-0.1049134027534102,10.10211786925571,7.879379047509847,7.789527161591784,-7.586652015427723,53.116993679430024,37.776606,-122.4194,4.772243412604757,0.03326127589499748,0.007374078620654491,3,15.070336699653568,0,10.103558109980604,13.428277491126956,4.772359322350284,45.94815187394045,3.68301657468848,1.6128497306392653,0.11240760158157372,17.186282433103813,0.739517243971406,False,False,0,0.05,NORMAL_FLIGHT
34140.0,0.3799763869790431,0.2704405357734289,9.899639334096529,-0.23899625192394908,4.963140514897147,6.223791184731187,53.13459173314043,37.776607000000006,-122.4194,4.869220581153607,-0.12289449064718926,0.10027214151773137,3,15.055420965192447,0,9.910619510567553,7.964010276875894,4.870771204209997,9.646929970652529,-0.8799026855204062,-0.7457867230560744,0.11928016275585622,16.27647060889322,0.09916854910088091,False,False,0,0.05,NORMAL_FLIGHT
34160.0,-0.026526749276514713,0.08481337230369024,9.577963246789972,-3.633870689169215,-6.724638935325862,11.263934497220657,53.07575682385188,37.776608,-122.4194,4.755154998328884,0.014987219793527455,0.018650621688340013,3,15.019220095528297,0,9.578375485091833,13.612567919161368,4.755178616507408,16.61220127378602,2.94174546442747,-1.8100434832074797,0.1219155046186032,13.612567919161368,0.31206745900846045,False,False,1,0.9,RAPID_VOLTAGE_COLLAPSE
34180.0,-0.19490586093412832,0.007889409648147898,10.379620494406572,-4.388086784314526,-5.375515240583778,-0.9860839900467728,53.107211094302585,37.776609,-122.4194,4.72846025462649,0.05967937773308142,0.022658392902730806,3,15.032698744048385,0,10.381453277133986,7.0088395162002985,4.728836855687561,40.15388960210764,-1.5727135225350963,0.6739324260044199,0.21632047045423428,13.612567919161368,0.258322334677743,False,False,0,0.05,NORMAL_FLIGHT
34200.0,0.22141613385739456,-0.28718190477370553,9.836104944117716,1.6635966479259399,-5.23460875053453,20.01922459248361,53.0760745652524,37.776610000000005,-122.4194,5.318243058176459,0.14574379493704362,-0.07053283309426674,3,15.092495808435215,0,9.84278715722629,20.75904708464393,5.320239701329701,26.93330599538477,1.5568264525093412,2.9898532193414873,0.0899974861942965,20.75904708464393,1.1457944567139577,False,False,0,0.05,NORMAL_FLIGHT
34220.0,-0.02407623279071965,-0.26316316328550143,9.49915692840744,-6.6657400423860445,3.3898498544826423,0.4406463491293769,53.02350811435123,37.776611,-122.4194,5.1085549347825125,0.06862885417318136,0.19688588512048763,3,15.05207954925271,0,9.502832044501623,7.491150883115741,5.109015897539945,16.997755636233336,2.6283225450583814,-2.020812959125262,0.12006112977634309,20.75904708464393,0.934855650787938,False,False,1,0.9,RAPID_VOLTAGE_COLLAPSE
34240.0,-0.43453390920280727,0.05620185005636126,10.067021226441138,-1.2366798194820907,-6.423638832087336,11.407858004524744,53.06349134011861,37.776612,-122.4194,5.028058685140109,0.12403834346054217,-0.0648356370322501,3,15.06406762760836,0,10.07655172863283,13.150351214793234,5.0295884177396974,28.685984206560367,-1.999161288368967,0.5994039177824817,0.13116024481972782,20.75904708464393,0.7110039302182258,False,False,0,0.05,NORMAL_FLIGHT
34260.0,0.16948433543008434,-0.42651912523096724,9.92941446495278,1.6661526749501088,-1.6551216710404029,2.93008807258655,53.03414520984636,37.776613000000005,-122.4194,4.868684607330616,-0.1031997891365239,-0.16677834605474778,3,15.038980724558064,0,9.940015851142164,3.7551176539896782,4.86977822925602,6.8267938745333545,1.4673065136125985,-1.2543451525147908,0.10342815947675116,20.75904708464393,0.41611614005525155,False,False,0,0.05,NORMAL_FLIGHT
34280.0,-0.10706563719078455,0.20252748192881437,9.928373995645266,6.495749102738337,2.273521982083872,5.855215328568677,53.018347012278724,37.776614,-122.4194,5.181522362209353,-0.03264176261480951,0.08601841202180766,3,15.031572347298411,0,9.931016595948707,9.03588430385483,5.181625176982816,0.4499627596728395,0.7899098783816783,-0.3704188629826355,0.04654913402081985,20.75904708464393,0.8886408202386065,False,False,0,0.05,NORMAL_FLIGHT
34300.0,-0.018106656460832156,-0.03163076887446406,9.682273318604523,3.3377404018499783,-0.3308296727321736,-16.713322676347723,52.907347557900906,37.776615,-122.4194,4.8351555121265095,0.042935071366127085,-0.011481703964842598,3,15.042066050532881,0,9.682341915709692,17.046557252014868,4.835346135159362,12.433734011950737,5.549972718890928,0.5246851617235038,0.052969479909268403,17.046557252014868,1.6872700735149238,False,False,0,0.05,NORMAL_FLIGHT
34320.0,0.06639606611380292,0.6486185939189467,9.94514871713341,-3.570325589910894,1.294437578563529,3.7105373821536314,52.95467512597208,37.776616000000004,-122.4194,5.158727858866021,0.11609526907425614,-0.03030418209470751,3,15.03534825406266,0,9.96649875953803,5.309508557967442,5.1600340341263085,14.207842191416908,-2.3663784035587554,-0.3358898235110708,0.02091784668744291,17.046557252014868,0.6883298837914964,False,False,0,0.05,NORMAL_FLIGHT
34340.0,0.038099935955813284,0.46158325012322216,9.731472512933673,5.8920965878186005,-5.329013556743791,-7.34975101257266,52.995720552030534,37.776617,-122.4194,4.825497744678873,-0.014522864583891966,-0.054555378041152715,3,15.009954851334346,0,9.7424877711957,10.822847482754044,4.825519598706093,11.200549417116523,-2.052271302922648,-1.2696701364157015,0.016969014370518672,17.046557252014868,0.6777078808807602,False,False,0,0.05,NORMAL_FLIGHT
34360.0,0.1418903634278079,-0.036289813849503354,9.976782435493753,-1.4975751877373877,2.974271866986223,-8.463983057776877,52.9959934442446,37.776618,-122.4194,4.871098459624865,-0.008244595914915345,0.1871714624315838,3,15.018902975593292,0,9.977857364735156,9.095495246769492,4.871105436830693,11.76847967697281,-0.01364461070316736,0.4474062129473211,0.018911802935939824,17.046557252014868,0.381517656017607,False,False,0,0.05,NORMAL_FLIGHT
34380.0,-0.08709727411396867,-0.021267400506262996,9.238516663796808,-6.178515110247044,-3.0660594623799824,17.441031844659783,52.91961439717681,37.776619000000004,-122.4194,5.151656477223584,0.06871403060029788,0.03545902786046827,3,15.052276749818011,0,9.238951692953789,18.755382198207467,5.1521147189596865,36.94528358906837,3.8189523533894487,1.668688711235955,0.09014253002118819,18.755382198207467,0.9873261510191611,False,False,0,0.05,NORMAL_FLIGHT
34400.0,0.10262115963521655,0.19911630280040596,9.679837961106244,-0.8602067963273625,-1.6230983719897063,-2.137702480623489,52.980082856093546,37.77662,-122.4194,5.1727654688311535,-0.11258708271451244,0.054975122164508484,3,15.02965482053511,0,9.682429517312237,2.8185414584971493,5.173990572732632,22.173891217922392,-3.0234229458368844,-1.1310964641450205,0.09014081081588976,18.755382198207467,-0.7273529819264013,False,False,0,0.05,NORMAL_FLIGHT
34420.0,-0.05190933551678344,0.34063452198360755,10.326646529342458,7.19084600572851,1.1886586395299306,-10.033018309754967,52.94676968677551,37.776621000000006,-122.4194,5.119494586779353,0.1607404549823429,0.016261562358226733,3,15.036932306745111,0,10.332393478698991,12.400912548813059,5.122017407031239,32.49819806933773,1.6656584659017426,0.36387431050002306,0.1617119448399073,18.755382198207467,0.0790543919656983,False,False,0,0.05,NORMAL_FLIGHT
34440.0,0.1477620961775006,-0.32760581148720336,9.57987976337991,0.826200250324626,0.5153911076542408,-3.5913162810887473,52.92410201427048,37.776622,-122.4194,4.790065176848641,-0.08791360931076848,0.027004961344519626,3,15.040266244901892,0,9.586618563685679,3.720992808149278,4.790871862319013,37.288745750665605,1.1333836252514828,0.16669690783901459,0.1706497873344326,18.755382198207467,0.7161853776005245,False,False,0,0.05,NORMAL_FLIGHT
34460.0,0.12307349680261069,-0.35727509307093736,9.628848510752045,0.06260932164893168,0.11990009507796481,-13.004502289219138,53.039704217088456,37.776623,-122.4194,4.910654626855434,-0.19185894235593032,0.13986246105594144,3,15.040978359655716,0,9.636260489461456,13.005205717337303,4.91440115558535,2.48209628878886,-5.780110140898742,0.035605737691213335,0.15740121023642958,18.755382198207467,-0.43710772843859047,False,False,0,0.05,NORMAL_FLIGHT
34480.0,-0.18708774040891907,-0.12440696111087629,9.675611598465007,8.186058223514266,-3.7531341098837783,14.3388446819627,53.004522394883,37.776624000000005,-122.4194,5.0313797482397025,0.00100670085225806,-0.025085466122769504,3,15.05679851469304,0,9.678219811459892,16.932218747080626,5.0313798489522945,2.0979660999217664,1.7590911102729478,0.7910077518662462,0.09575612171294426,16.932218747080626,-0.8490799770618906,False,False,0,0.05,NORMAL_FLIGHT
34500.0,0.21719642323500646,0.11654751663477288,9.445558159233407,-7.1567742352721355,-1.4977470559959607,-6.95680744166515,53.04163289300432,37.776625,-122.4194,4.830143807617982,0.1698458702375565,-0.14569375455207298,3,15.011042591952759,0,9.448773811948332,10.092563275937746,4.833129092203837,11.472299975577993,-1.8555249060661083,-2.2877961370141087,0.1184460927776709,16.932218747080626,-0.6155003691077354,False,False,1,0.9,RAPID_VOLTAGE_COLLAPSE
34520.0,-0.10719268902280961,0.09937471810151943,9.147515767131525,-6.427995570263861,0.010917954185179726,5.292999339436692,53.06973750610845,37.776626,-122.4194,5.274192552025859,0.05864531303336101,0.08680546542277769,3,15.043571137512393,0,9.148683529180445,8.326769377155385,5.274518589272942,15.00451413839432,-1.4052306552066796,1.6264272779817013,0.04596974146572947,16.932218747080626,-1.2296781933294199,False,False,0,0.05,NORMAL_FLIGHT
34540.0,0.16161155965622903,0.21395429099677005,9.740824080442916,-8.079232354834161,-6.8754261658354245,13.561067142103251,53.08924611575245,37.776627000000005,-122.4194,4.519610611209891,0.0751090543003633,0.0496701612242392,3,15.04641621369931,0,9.744513764215588,17.21766599855759,4.520234667248919,29.791511751757138,-0.9754304821999682,0.1422538093458492,0.057817044895669634,17.21766599855759,-1.65144101481971,False,False,0,0.05,NORMAL_FLIGHT
34560.0,0.07345746268026813,-0.23993950567306166,9.850757827224498,1.8632409324002754,-2.3126648315668943,-5.0015268121472936,53.10334614288018,37.776628,-122.4194,4.844252096926169,0.004138576230711426,0.010797981288504269,3,15.050182268196338,0,9.85395335567562,5.816816642113317,4.844253864774926,5.471979573001562,-0.7050013563862478,0.18830272485139687,0.07872071444175383,17.21766599855759,-0.6364192579172112,False,False,0,0.05,NORMAL_FLIGHT
34580.0,0.3676367353590245,-0.4632287725937754,9.794248479438405,0.8324656355756226,1.9383993951642322,5.32022432272786,53.12216557097464,37.776629,-122.4194,4.898086699426034,-0.015237749727117703,0.04707532415477864,3,15.001356455415404,0,9.812086472403598,5.723213965398507,4.89811040138041,2.093344163601074,-0.9409714047230011,-2.441290639046656,0.08922507211446062,17.21766599855759,-1.176431760916401,False,False,1,0.9,RAPID_VOLTAGE_COLLAPSE
34600.0,-0.04469319647437043,0.17160283906042909,9.766536431415634,7.71368183639888,-6.387183019226713,-10.3008605490443,53.135762600521666,37.776630000000004,-122.4194,4.431211267045646,-0.15449093695931157,-0.03707442202941741,3,15.033860766558035,0,9.768146133343498,14.366792350596054,4.43390355587431,2.1970169530050043,-0.6798514773514341,1.625215557131554,0.0852202316418147,17.21766599855759,-0.9412970751734662,False,False,0,0.05,NORMAL_FLIGHT
34620.0,-0.0698633592236395,-0.16563925459304693,9.822912261255118,1.2173753856838512,5.782908257971199,24.45769569113684,53.13316668258286,37.776631,-122.4194,4.720754173952762,-0.22593862579041862,0.0020692582854259694,3,15.06223547590646,0,9.824557116936125,25.161536305838602,4.726157872259082,2.820549179631371,0.12979589694026572,1.4187354674212393,0.0019378422933734418,25.161536305838602,-0.6342917647440771,False,False,0,0.05,NORMAL_FLIGHT
34640.0,-0.003883921177546522,-0.4036975728777276,10.11685244146523,-2.0207857973965138,6.348066312999214,9.363801346166222,53.2087308387884,37.776632,-122.4194,5.125057902508414,0.01962723384408633,-0.013170025385990995,3,15.025081121382751,0,10.12490445078728,11.491836093664896,5.125095485195599,15.017366692557754,-3.778207810276868,-1.8577177261854594,0.020200146258509955,25.161536305838602,-1.194847230359457,False,False,1,0.9,RAPID_VOLTAGE_COLLAPSE
34660.0,-0.06063595656685509,0.029012749191876325,9.752866144221235,0.008974364390535425,-6.225752879800428,-1.92606438760806,53.143097810748436,37.776633000000004,-122.4194,5.006056727310593,0.13125491943402262,-0.05914882570709169,3,15.035883000592563,0,9.753097789212472,6.516886026682648,5.007777132713404,18.59033307874043,3.281651401998076,0.540093960490573,0.02338306607862891,25.161536305838602,-0.39751667868259233,False,False,0,0.05,NORMAL_FLIGHT
34680.0,0.15998838038841,0.1586351376437355,9.637775226873819,0.5885370923047905,6.788098165250696,-7.728337308889638,53.194170715949205,37.776634,-122.4194,5.3146272044085805,0.03441337048280654,0.11891727831050025,3,15.040970593232375,0,9.640408327062564,10.303001997965156,5.314738620281129,5.634473107495364,-2.5536452600384507,0.25437963199061997,0.03309517158027456,25.161536305838602,-0.7200514497456822,False,False,0,0.05,NORMAL_FLIGHT
34700.0,-0.3232621216873176,-0.024411426424255454,9.725662354533574,-8.358806366640835,-0.7179079435606719,-1.1399655283962635,53.235287830883586,37.776635,-122.4194,5.3090452891769635,0.06235995270520134,-0.14122586274178003,3,15.0040028592401,0,9.731063793411765,8.466673319335914,5.309411516000008,4.532773317460048,-2.055855746719004,-1.8483866996137799,0.034372835557564936,25.161536305838602,-0.9952523036191963,False,False,1,0.9,RAPID_VOLTAGE_COLLAPSE
34720.0,-0.21073648382927082,-0.09156967723649785,9.983804027927032,13.551658221674465,2.092572795785274,-3.399837223515192,53.27020778695005,37.776636,-122.4194,5.0866092757207895,0.158371754563954,0.2360882171812967,3,15.060338325495458,0,9.986447703736197,14.12746242639269,5.089074133522957,12.769195516221554,-1.7459978033233625,2.8167733127679284,0.040403831079947036,14.12746242639269,-1.370411043671922,False,False,0,0.05,NORMAL_FLIGHT
34740.0,-0.21356058431583863,-0.031872446429181314,10.233608063562976,2.5993550905095573,-2.4832552606412333,19.529445539995066,53.32605675833206,37.776637,-122.4194,5.062647649800143,0.032876685144105806,0.08773622092064753,3,15.03280142164223,0,10.235885793356424,19.85755389456852,5.062754398788566,12.471904481011364,-2.7924485691002587,-1.3768451926614134,0.05827807409439119,19.85755389456852,-1.1732591954366,False,False,0,0.05,NORMAL_FLIGHT
34760.0,0.19006151839471516,-0.07411655248015657,9.621556878249248,1.0500415401129453,4.6152241361338096,-12.255347222149023,53.32142678856864,37.776638000000005,-122.4194,5.01318622171578,-0.012265510030761952,-0.1777975534702351,3,15.032351036774115,0,9.623719312485763,13.137595540971363,5.013201226395889,30.60832404353304,0.23149848817105578,-0.022519243405749734,0.06914808386986486,19.85755389456852,-1.783289778202004,False,False,0,0.05,NORMAL_FLIGHT
34780.0,0.34212267451638506,-0.2696094223880334,9.839680136108665,3.0758199213929016,2.0304700942433356,1.3480142329020341,53.2279780847773,37.776639,-122.4194,4.468983596424102,-0.0818524805650065,-0.02241663294909295,3,14.987870007717428,0,9.849316846664548,3.9243622876284543,4.469733125554852,11.279876708939263,4.672435189566926,-2.2240514528343525,0.056662326603852106,19.85755389456852,-0.33807368828092876,False,False,1,0.9,RAPID_VOLTAGE_COLLAPSE
34800.0,-0.0208898437074943,-0.14293613539808636,9.911507232580789,3.547054902933025,-4.070766282988018,-0.1833806663370996,53.224363451791575,37.77664,-122.4194,4.721088097334785,0.2022212562972086,-0.016854591590355784,3,15.0361510260293,0,9.912559848287119,5.402440659916547,4.7254170460706,3.162150081128523,0.1807316492861588,2.414050915593613,0.04925506654607056,19.85755389456852,0.10924379092010383,False,False,0,0.05,NORMAL_FLIGHT
34820.0,-0.033764344638002125,0.1042559810027629,9.512226597981353,-0.7027674275121585,-5.826009999826443,-1.1741030034486948,53.17480374091034,37.776641000000005,-122.4194,5.020135100619787,0.05265477791536804,0.039188662894211225,3,15.02953791168001,0,9.512857835155932,5.984546134666941,5.020411233565648,19.985100656559318,2.477985544061667,-0.33065571746453415,0.07875359293134443,19.85755389456852,0.9540404603971098,False,False,0,0.05,NORMAL_FLIGHT
34840.0,0.014010432622636277,0.06433570827530002,9.816125150163876,-3.156205681203503,-7.3015121760461135,-1.086166549383424,53.13821078041744,37.776642,-122.4194,5.123205141749534,-0.09436017159193309,-0.09893782707397203,3,15.051043106194262,0,9.816345976954018,8.028291980988884,5.12407403990533,15.174407089904296,1.8296480246451807,1.0752597257126517,0.02815668420235727,13.137595540971363,1.8784597791461977,False,False,0,0.05,NORMAL_FLIGHT
34860.0,0.2323756605216381,0.03361196119336405,9.370297842797372,2.9972534316085198,0.9397088821637822,-1.1607081012048346,53.07608979672582,37.776643,-122.4194,5.0579339624276285,-0.11711676678012369,0.003202534336821736,3,15.011483550141127,0,9.373239027906587,3.3487048560165893,5.059289703638237,22.155347452371554,3.106049184581039,-1.9779778026567385,0.05563847494594603,8.028291980988884,2.4533699184281943,False,False,1,0.9,RAPID_VOLTAGE_COLLAPSE
34880.0,-0.18547062683811483,-0.1990296963706759,9.27928490887818,1.9285542026572622,2.862357058898679,8.730660663320997,53.05222255380363,37.776644000000005,-122.4194,4.821507006456868,0.12530637269289127,-0.012111939812264695,3,14.99710526262264,0,9.28327208443184,9.38812254198222,4.823135028210398,4.498347173737383,1.1933621461093225,-0.7189143759243954,0.07544012599786477,9.38812254198222,1.7575553097366736,False,False,0,0.05,NORMAL_FLIGHT
34900.0,0.047673796546957026,-0.03630063242713343,9.920023922367678,-4.049450495447041,3.254828393897207,6.089844464924351,53.022391369104454,37.776645,-122.4194,5.187481256493899,-0.10374416964083255,-0.07376183625734388,3,15.002363224106515,0,9.92020489441316,8.004883684087202,5.188518539931219,31.846640499066048,1.491559234958828,0.26289807419379585,0.07672435197803212,9.38812254198222,2.0197208268712075,False,False,0,0.05,NORMAL_FLIGHT
34920.0,0.19503952595648597,-0.43541300928857096,9.694837577600765,7.095178056836319,-0.5899054730368892,4.189116113727865,52.9035128776081,37.776646,-122.4194,5.296488805750927,0.1853834157502221,-0.0876752231471232,3,15.005058014089249,0,9.706569968912959,8.260643675866,5.299732132879935,10.681746275010084,5.943924574817672,0.13473949913667127,0.07761143004814933,9.38812254198222,2.7129086330224084,False,False,0,0.05,NORMAL_FLIGHT
34940.0,0.10021883398796905,0.03569533277707795,9.870684122286367,1.4667601816149167,-5.78498227832182,-30.33989362145269,52.93852397317222,37.776647000000004,-122.4194,5.187597920058268,-0.27564627970907113,0.09188046467023571,3,14.991930223214162,0,9.871257418050861,30.921296065202927,5.194916077446326,8.234372456895134,-1.7505547782057818,-0.6563895437543543,0.08360732459608125,30.921296065202927,1.9968680724522159,False,False,0,0.05,NORMAL_FLIGHT
34960.0,0.03791632331974868,0.2857715415627135,9.804631506897495,3.6490968113381532,-3.410373990118915,2.997948741631638,53.04954006607246,37.776648,-122.4194,5.197919865918094,0.14225951977899767,-0.16965825400425938,3,15.039259928839503,0,9.808868538602619,5.825311575224849,5.199866219766979,3.119443972412128,-5.550804645012164,2.366485281267039,0.0654376867563625,30.921296065202927,0.2654973065335753,False,False,0,0.05,NORMAL_FLIGHT
34980.0,0.20020921851342824,-0.29482642640842116,9.517079985400862,6.9596044383995945,5.761743194809629,-16.556393601700826,53.07985192574727,37.776649,-122.4194,4.888154840408958,0.04868948111619644,0.04778789360960514,3,15.03916026041021,0,9.523750196293694,18.861281708207596,4.888397325237065,14.255917115446248,-1.5155929837405324,-0.004983421464643811,0.024728199085909407,30.921296065202927,-0.2762937194363957,False,False,0,0.05,NORMAL_FLIGHT
35000.0,-0.5406464585998475,-0.11718553466355107,9.7964237094107,0.10944410582417388,-2.423142823000407,6.463201631358254,53.069705727920564,37.776650000000004,-122.4194,5.21518682454016,0.011859442305687404,0.07975103068781242,3,15.00784004391617,0,9.81203080595628,6.903374137372973,5.21520030883082,14.414030483129281,0.5073098913353391,-1.56601082470198,0.018735081133434577,30.921296065202927,-0.4731435881610935,False,False,1,0.9,RAPID_VOLTAGE_COLLAPSE
35020.0,0.13557506390618154,0.06582135574202591,9.440069608495543,1.5847600349205768,0.7170881534073807,14.744973675705147,53.06696840813675,37.776651,-122.4194,5.029151727865531,-0.01754584350417629,-0.021855833833841643,3,15.00305025428468,0,9.441272544634334,14.847219554020088,5.0291823349842,18.53791306609729,0.13686598919058213,-0.23948948157448413,0.037842383475228655,30.921296065202927,-1.6345553052865114,False,False,0,0.05,NORMAL_FLIGHT
35040.0,-0.13081513662548477,0.25056852688549675,10.22729170740042,4.050136192530582,-5.378252417874437,-9.26239112588551,53.045919114736094,37.776652000000006,-122.4194,5.102311105704401,0.18907298485940296,0.005237283972499601,3,14.973745389247371,0,10.231197039198166,11.450811832237092,5.105813080499336,39.49622472819163,1.0524646700329043,-1.4652432518654557,0.09611613406289313,18.861281708207596,-1.0739514156387742,False,False,0,0.05,NORMAL_FLIGHT
35060.0,-0.3661265793712914,-0.08964492326002989,9.403208896542012,-3.624305419000261,1.6829152272951746,-2.617807223427068,53.05042119392944,37.776653,-122.4194,5.073086368564942,0.07070588584012034,0.11634949996973815,3,15.023123827407224,0,9.410760991354273,4.77710247864577,5.073579074500748,41.02180239219466,-0.22510395966719443,2.468921907992616,0.11876811615171491,18.861281708207596,-0.008811278569780256,False,False,0,0.05,NORMAL_FLIGHT
35080.0,0.10224051990499615,-0.1384500658531793,9.751264418709425,0.2702583142300047,-2.288422808395389,-5.99355705052997,53.04857078922578,37.776654,-122.4194,4.975702578911918,-0.09032036088954515,-0.0704851510724057,3,15.041422979265063,0,9.752783157039515,6.421265033025205,4.976522271765889,17.10110828426208,0.09252023518300234,0.9149575928919518,0.11093073020702514,14.847219554020088,0.3128113652149267,False,False,0,0.05,NORMAL_FLIGHT
35100.0,0.27473170903259153,-0.39378462848321666,9.497318523585825,0.6277429332557415,5.233563568878818,12.354317757568008,53.006518367705866,37.776655000000005,-122.4194,4.82799950497554,-0.17189099560288815,-0.060165242888912396,3,14.994759857530749,0,9.509448090400625,13.431806135985894,4.831058448664579,12.166753331944502,2.1026210759956143,-2.333156086715693,0.11677226925021679,14.847219554020088,0.6318736021469817,False,False,1,0.9,RAPID_VOLTAGE_COLLAPSE
35120.0,-0.027489702925538373,0.020687625861621275,9.98112635200824,-4.780292758416972,3.867788531034067,0.9502788527207305,53.090662787153256,37.776656,-122.4194,4.983572667289191,0.01772972131473084,-0.049548368109930824,3,15.004317636147805,0,9.981185646824931,6.222058893557714,4.983604205107966,23.586877821215335,-4.207220972369541,0.47788893085281003,0.11357204798467743,13.431806135985894,-0.23694379016504286,False,False,0,0.05,NORMAL_FLIGHT
35140.0,0.19057490944058778,0.40841520802874887,9.71057058861555,11.588183943369392,-2.4785297328744984,17.283293805663334,53.01630507536777,37.776657,-122.4194,5.197352323496564,-0.00010711335374141854,0.11653255992232814,3,15.01448873067704,0,9.721023759601804,20.955699976736344,5.197352324600326,13.008094361156353,3.7178855892744167,0.5085547264617851,0.04978693415454511,20.955699976736344,0.2961403936832596,False,False,0,0.05,NORMAL_FLIGHT
35160.0,0.3224556515977291,0.05547169239293518,9.654399984113638,-7.036467217462013,-0.6333201367383169,4.137542029473876,53.05222165252748,37.776658000000005,-122.4194,4.9117048389374185,-0.1519868037375509,0.12922937468847076,3,15.039440843450318,0,9.659942743575538,8.187320644977735,4.914055800797505,3.0540508013133127,-1.7958288579855264,1.2476056386638845,0.029278449061820897,20.955699976736344,-0.018004585980406773,False,False,0,0.05,NORMAL_FLIGHT
35180.0,0.26298289071680947,-0.004455795836742663,10.065960463515466,-6.490519518435789,-2.7555812002031437,2.424501806358194,53.047161771161605,37.776659,-122.4194,5.178669452521629,-0.0055393525482335705,-0.1395890234463619,3,15.008097575462216,0,10.069396203744434,7.456425442471955,5.178672415099002,20.472673008444797,0.2529940682936882,-1.5671633994051248,0.0537449907706837,20.955699976736344,0.014090180641730399,False,False,1,0.9,RAPID_VOLTAGE_COLLAPSE
35200.0,0.3279929058742786,0.0644164621533971,9.818829177503266,6.571132878517895,-7.097165982725048,0.6820678260283635,53.14220336191489,37.77666,-122.4194,5.147414134123534,-0.057393463307420026,0.10062407473116369,3,15.007160224133438,0,9.824517048887934,9.696121328283365,5.147734091598473,12.243957742825007,-4.7520795376641445,-0.046867566438901775,0.02968575560809816,20.955699976736344,-1.3568499420902214,False,False,0,0.05,NORMAL_FLIGHT
35220.0,0.14842549821437845,-0.002218400789720412,9.964993333780791,3.566331253982712,-4.287212147736083,8.179920992573367,53.1592465918773,37.776661000000004,-122.4194,4.940212520596034,0.0009290068306694577,0.0818908306347284,3,15.005987570623496,0,9.966098895361105,9.900000709978368,4.940212607945888,7.0790923236585535,-0.8521614981205516,-0.0586326754970834,0.028750845719618008,20.955699976736344,-0.6858380472404235,False,False,0,0.05,NORMAL_FLIGHT
35240.0,0.015086727780318561,-0.16260287445202598,9.51560221904476,-5.12982408740389,0.9910866386041006,-17.376861982453434,53.14125131501814,37.776662,-122.4194,5.277760020723916,0.07259236116484019,0.15535948104498276,3,14.973050125249621,0,9.51700335689889,18.145321166905926,5.27825922887946,22.454776923110753,0.8997638429580235,-1.6468722686937554,0.05004854899390435,18.145321166905926,-1.2494623965037022,False,False,1,0.9,RAPID_VOLTAGE_COLLAPSE
35260.0,-0.3203931623794337,0.16465598313554108,9.388554916821748,3.0364450755084644,1.6262974911479096,0.8534395552050993,53.128865955096416,37.776663,-122.4194,4.928890665761859,0.14926099474640356,0.03851080321263795,3,14.97176453709849,0,9.395463096487562,3.548690082365924,4.931150174106145,6.07701302056638,0.6192679960861369,-0.06427940755653339,0.08353706306547207,18.145321166905926,-0.7664430256893695,False,False,0,0.05,NORMAL_FLIGHT
35280.0,-0.04921249762598972,0.04515230462235088,9.84216238861204,7.339252224986549,0.7427395179631945,-0.7004644372796485,53.130861289822406,37.776664000000004,-122.4194,5.301909372522527,0.09088890363692874,-0.004426012027857669,3,14.983690021580186,0,9.84238899273671,7.40992143287685,5.302688354716552,22.3462948124574,-0.09976673629950028,0.5962742240847696,0.05810117758680153,18.145321166905926,-0.8369951866080072,False,False,0,0.05,NORMAL_FLIGHT
35300.0,-0.16864931906323835,0.0035226503867314633,9.714346093351582,-0.15131528798492877,-1.5086652697931788,7.254188271577661,53.07372175507258,37.776665,-122.4194,5.086825396308194,-0.07214407498302056,0.1145216686571659,3,15.019257311230621,0,9.71581056954598,7.410952347178666,5.08733696348897,6.328921159536538,2.8569767374911237,1.778364482521777,0.05419099579147517,18.145321166905926,0.6848160684230464,False,False,0,0.05,NORMAL_FLIGHT
35320.0,0.43418854349956276,-0.19507320545565,9.997930401736184,12.99411450037291,4.665333028604927,-1.8770160587403686,53.03537827881669,37.776666000000006,-122.4194,4.996826816309297,0.03689151288291944,0.06989037915017654,3,14.99144193312635,0,10.009254995490608,13.933252786099978,4.996962999253697,14.672221297231403,1.9171738127948146,-1.3907689052135908,0.060578278856556034,18.145321166905926,1.2386831306061197,False,False,0,0.05,NORMAL_FLIGHT
35340.0,-0.03517716248646732,0.26070158638695184,9.786027464201236,-8.620309054340177,0.31770952280468695,-10.3873443416267,52.94613108035709,37.776667,-122.4194,4.822439723932469,0.006310712149202398,0.22448984141487266,3,14.986706568348616,0,9.789562619443535,13.502132794664119,4.822443853073843,10.98461880235364,4.462359922979786,-0.23676823888667542,0.051044545569526284,13.933252786099978,1.9512023466104722,False,False,0,0.05,NORMAL_FLIGHT
35360.0,0.024640961356897136,0.13294054906662198,9.871522601770389,3.469117269295511,3.5162691404797366,0.07350674919699149,52.89998223543839,37.776668,-122.4194,4.982347953972992,-0.1332128954630901,0.0958707844961828,3,14.985504732029181,0,9.87244847258401,4.940073535747414,4.984128490516323,4.14429265702374,2.3074422459352206,-0.06009181597175228,0.011874790811939996,13.933252786099978,2.288837196580289,False,False,0,0.05,NORMAL_FLIGHT
35380.0,0.11029707520809351,-0.1105841674734604,9.322985241017628,5.832641681105017,-8.868875661012593,-10.828405288683435,52.90467755952141,37.776669000000005,-122.4194,4.959248097301116,0.039823278469227244,0.015354797642391541,3,14.992844661329997,0,9.324293437420756,15.163476697863604,4.9594079872594445,27.407751758162657,-0.2347662041511711,0.366996465040792,0.06646713065992962,15.163476697863604,2.261837303009955,False,False,0,0.05,NORMAL_FLIGHT
35400.0,0.008720489274490746,0.20036497073638745,10.376531081884277,4.456719508026233,-19.612001258091713,-19.252622125874854,52.919686311985636,37.77667,-122.4194,4.748340722949819,0.1856672337917714,-0.11741043803761714,3,15.028789532368876,0,10.37846903265322,27.841630714495487,4.751969269989811,52.708779761623155,-0.7504376232112975,1.79724355194395,0.14552226406771607,27.841630714495487,1.5403544308694705,False,False,0,0.05,NORMAL_FLIGHT
35420.0,0.3390102080861506,-0.09951416767704144,9.76072740449039,-1.0217786332282417,1.4189401391904006,7.271224814854929,52.82071982723582,37.776671,-122.4194,4.9564769154564665,0.003242660418700401,-0.058091717719411844,3,14.990873000760295,0,9.767119864910269,7.4785114161903605,4.9564779761741535,30.56745838714754,4.948324237490809,-1.8958265804290164,0.14097070089443595,27.841630714495487,2.1465845158086694,False,False,1,0.9,RAPID_VOLTAGE_COLLAPSE
35440.0,-0.12452987234689039,-0.1564006985022074,10.01927609110176,-1.452207410055747,-7.123828268607447,5.790615726946706,52.81385924208361,37.776672000000005,-122.4194,4.839239363980583,-0.15941826797254008,-0.14359549780280162,3,14.977320575154135,0,10.021270491176361,9.294571859940291,4.8418644968712785,12.70753131330462,0.3430292576105387,-0.6776212803080384,0.1474431223145733,27.841630714495487,1.32271838273482,False,False,0,0.05,NORMAL_FLIGHT
35460.0,0.03892149104744855,-0.15194062349605741,9.559172498934112,2.220725855436287,-1.06225851356528,4.670909439935746,52.842029739624714,37.776673,-122.4194,5.117198353795756,0.0030268671108619073,-0.02150620360608632,3,14.992701010630658,0,9.560459178298498,5.279906388443455,5.117199249004724,23.040565643893185,-1.4085248770552283,0.7690217738261396,0.16695298360722513,27.841630714495487,0.5795249581367301,False,False,0,0.05,NORMAL_FLIGHT
35480.0,-0.14849411713960967,-0.35421371061761825,9.902402970665202,4.078772433260347,-1.5104852051230284,13.02928421945811,52.833884129955905,37.776674,-122.4194,5.26125609514564,-0.12137121989732502,0.09260675932328455,3,15.026447344951649,0,9.909848760150359,13.736091051992931,5.262655857238483,17.469479092593065,0.4072804834404309,1.6873167160495584,0.09322956752198576,27.841630714495487,0.7079342956550505,False,False,0,0.05,NORMAL_FLIGHT
35500.0,-0.2640045022441412,0.09430847608364115,9.419146570942576,3.0123671814118165,7.937003012077684,-6.650318903039252,52.80219469766701,37.776675000000004,-122.4194,4.754616864740952,0.08636055068862879,-0.0003671088480515556,3,14.9804387532451,0,9.423317600015702,10.784113981292037,4.755401105605533,24.326558006732846,1.584471614444638,-2.300429585327457,0.06028878527774335,13.736091051992931,1.1749161431862376,False,False,1,0.9,RAPID_VOLTAGE_COLLAPSE
35520.0,-0.12235381818105709,-0.36622897566767004,9.945620351477903,5.200289453966946,1.9999827647180322,-14.31114142771255,52.7815866404146,37.776676,-122.4194,5.342461545673385,0.052486499172512885,0.10217252687600727,3,14.966024722242587,0,9.953112995197708,15.357464322869172,5.342719363731754,26.489769759100312,1.0304028626205053,-0.7207015501256464,0.07006402047116336,15.357464322869172,0.3913318682121769,False,False,0,0.05,NORMAL_FLIGHT
35540.0,-0.007407359409682405,-0.24568876625315253,9.70320777468425,-5.0943497853336766,0.8292951339933636,-0.7002977680804456,52.75454847266574,37.776677,-122.4194,4.974289793122974,-0.01709100534747433,0.033757373343901345,3,14.978774571803992,0,9.706320567420452,5.208699177200849,4.974319154259323,12.33962138886282,1.351908387443146,0.6374924780702784,0.05090109444687469,15.357464322869172,0.5931076941786984,False,False,0,0.05,NORMAL_FLIGHT
35560.0,-0.085860444903452,-0.41511760181570667,9.818757151180671,-1.1388548956181732,4.184955773168369,-3.4750029970591045,52.72271194471034,37.776678000000004,-122.4194,4.804995723012297,-0.03311642658558212,-0.04030922897540097,3,14.990519246712962,0,9.827903470893363,5.557561616952033,4.805109842227987,6.079145173645539,1.5918263977699354,0.5872337454484899,0.04512765082566997,15.357464322869172,1.193177949143731,False,False,0,0.05,NORMAL_FLIGHT
35580.0,-0.1384841959747712,-0.017213938558178613,10.01939220903903,-4.700079660618771,1.8424879341951939,-8.422957167700687,52.73140312097258,37.776679,-122.4194,5.151550956041636,-0.021223430161554674,0.00876251551699639,3,15.000858365789894,0,10.020363986940168,9.819965277572907,5.151594674145213,9.62302580234029,-0.43455881311196265,0.5169559538465762,0.05562406503201796,15.357464322869172,1.0248100898332524,False,False,0,0.05,NORMAL_FLIGHT
35600.0,-0.2812634927343668,-0.030064092054374415,9.440237906633916,-1.9305638804307081,-2.2883849649421655,-0.7984915348779597,52.84678753235935,37.77668,-122.4194,4.9107091043489906,0.0008274494342320364,0.04720966910550961,3,15.006380793134426,0,9.44447482583463,3.09860797382773,4.9107091740611795,28.794458055276895,-5.769220569338529,0.2761213672266116,0.05187475883605338,15.357464322869172,-0.445928346923381,False,False,0,0.05,NORMAL_FLIGHT
35620.0,-0.016621114525738955,-0.06533924263727281,9.604652480816162,5.0761044590715265,5.357379651272799,-6.1160514620458475,52.80960253651409,37.776681,-122.4194,4.983652664793701,-0.07722350213415423,0.01392233984636159,3,14.964478350868928,0,9.60488910687284,9.585115476282528,4.98425093194426,8.02071405191045,1.8592497922629292,-2.095122113274872,0.04780258156947247,9.819965277572907,-0.28015896099489623,False,False,1,0.9,RAPID_VOLTAGE_COLLAPSE
35640.0,-0.30094407480620045,-0.20851553893411526,9.94719728432603,0.5399196036261442,-5.548750639441371,-18.36005283356831,52.79369540488102,37.776682,-122.4194,4.919144351157584,-0.13877530810014369,0.015068422885191397,3,14.965525364446387,0,9.953932885017917,19.187800470311874,4.921101475651955,17.452188907253863,0.7953565816535502,0.05235067887294775,0.058273500185454644,19.187800470311874,-0.3914693221528154,False,False,0,0.05,NORMAL_FLIGHT
35660.0,0.15201119273792052,-0.234446750687328,10.439466442364024,13.034295815748848,1.6162359376678113,-4.411766907937603,52.79111050791226,37.776683000000006,-122.4194,4.83665241362702,0.1138698946694648,-0.07690501075867065,3,14.977226600735213,0,10.443205077124073,13.855279617121779,4.837992654309854,24.463609605307823,0.1292448484381481,0.5850618144412678,0.15171051270856628,19.187800470311874,-0.6839856320191728,False,False,0,0.05,NORMAL_FLIGHT
35680.0,0.016487950586900658,0.09287397270931484,9.768575299601556,0.9670318359485848,-7.737848970681556,-11.363751667038573,52.756742786194344,37.776684,-122.4194,5.144799406480381,-0.03854009764969582,-0.0432976265242216,3,14.996531281204295,0,9.769030699680854,13.782028486944062,5.1449437579090915,33.70871887216094,1.7183860858956734,0.9652340234540979,0.14838568802780808,19.187800470311874,-0.2533966522176456,False,False,0,0.05,NORMAL_FLIGHT
35700.0,-0.2915102998929861,-0.11011038634169755,9.98734083537718,0.29845940289868134,1.0197192875799752,2.3164807161092273,52.811654576370515,37.776685,-122.4194,4.942739719421162,0.016704310416914416,0.22584607961546443,3,14.956790837544705,0,9.992200934434644,2.5485267015958786,4.942767945992417,11.15851173768947,-2.7455895088085214,-1.9870221829794588,0.09921597303088989,19.187800470311874,0.3513295598883559,False,False,1,0.9,RAPID_VOLTAGE_COLLAPSE
35720.0,-0.06184181540997269,0.06327166430722896,9.777908559042457,0.5309145972010814,0.9649482088646475,-6.56034758240655,52.6931103077052,37.776686000000005,-122.4194,4.712669641564151,0.02852819511674943,0.12284664904235426,3,14.96899403207679,0,9.778308826306988,6.652154219296163,4.712755988637328,10.694605406382784,5.927213433265877,0.6101597266042091,0.07507640366102622,19.187800470311874,1.1649222880889454,False,False,0,0.05,NORMAL_FLIGHT
35740.0,-0.15043128111811666,-0.17704973722484452,10.39267367842689,-3.1890434642996794,8.382274809573314,11.116314741410516,52.66655734918626,37.776687,-122.4194,5.110212024843187,0.03220204796552139,-0.14738408968097158,3,14.968435270484298,0,10.39527019206607,14.283031282977035,5.110313484586349,30.848068287954078,1.3276479259467067,-0.02793807962460093,0.10666117659102539,14.283031282977035,1.2713805569475767,False,False,0,0.05,NORMAL_FLIGHT
35760.0,0.06383490208383609,0.03621254855421647,9.285833499910424,-0.2891830618879687,-7.824869467208897,16.038660672678656,52.707473036002256,37.776688,-122.4194,4.7588835297952485,-0.11738179970984242,-0.23669689575063618,3,14.998274696967218,0,9.28612352014852,17.847992749759563,4.7603309692772,55.4573335958775,-2.045784340799628,1.4919713241460464,0.16175601503869866,17.847992749759563,0.8363747191000215,False,False,0,0.05,NORMAL_FLIGHT
35780.0,0.2680900892046289,0.26065560746321276,9.838386313400807,5.638940135558229,-3.004435879269063,6.793813730119061,52.69276832058283,37.776689000000005,-122.4194,4.769347965464949,-0.16758401645518478,0.007619242144872227,3,14.989154509860613,0,9.845489266326183,9.326316840243152,4.772291317413041,27.968287308883166,0.7352357709713431,-0.4560093553302558,0.1600520323489026,17.847992749759563,0.6397446561151554,False,False,0,0.05,NORMAL_FLIGHT
35800.0,-0.37503449392914895,0.11723316007855666,9.322336789931382,0.5698533406388617,4.113412132870719,-15.5102618198332,52.65172637264031,37.77669,-122.4194,5.238521240995463,-0.05886925246919921,0.08934728944259902,3,14.995813236655717,0,9.330614005003467,16.056559840901812,5.238852009863128,25.743763066135816,2.0520973971258627,0.33293633975519654,0.2036877872862433,17.847992749759563,1.5992820373020322,False,False,0,0.05,NORMAL_FLIGHT
35820.0,0.023005215829483436,-0.08248276364329608,9.058028528838985,-3.9672986494173568,1.6765862819865387,15.051959988790395,52.67376421036225,37.776691,-122.4194,4.760732020157958,0.03957115324169533,-0.05199418374222073,3,15.003662003706774,0,9.05843327929916,15.656049937284985,4.760896474817128,13.609036285215304,-1.1018918860969507,0.39243835255282633,0.2889219715009341,17.847992749759563,0.19346097342946678,False,False,0,0.05,NORMAL_FLIGHT
35840.0,-0.03202655911332808,0.05143979407118548,9.899238615935346,-4.625423102393176,0.9015252566875153,15.75720450373765,52.71908137213211,37.776692000000004,-122.4194,4.536711028614502,-0.0727949867474313,0.1021658728197938,3,14.969925017107725,0,9.899424070526944,16.44678632551685,4.537295016554248,42.04953956138917,-2.2658580884929336,-1.6868493299524445,0.13676026128341687,17.847992749759563,-0.5252402294584613,False,False,1,0.9,RAPID_VOLTAGE_COLLAPSE
35860.0,0.13426801529009313,-0.04813303490604261,9.851849338844238,-2.251009458329217,-4.7806785147926965,0.18790511307940763,52.729613144392864,37.776693,-122.4194,5.124572296992299,-0.035492135369923364,0.0059654565007084106,3,14.951439470699826,0,9.852881816213205,5.287460541205909,5.12469520252415,2.32711271568693,-0.5265886130377595,-0.9242773203949284,0.14492441746085508,16.44678632551685,-0.2214010839060876,False,False,0,0.05,NORMAL_FLIGHT
35880.0,0.042639325647537835,0.0015760369389456305,9.72454891867734,0.3693171720544019,-2.954091740457146,13.22926160335532,52.68955212640222,37.776694,-122.4194,4.939227314103774,0.21272974137495684,-0.01630612797269748,3,14.950717896227353,0,9.724642526475343,13.560103825362946,4.943806266759878,6.41196448689314,2.003050899532255,-0.036078723623678144,0.13285291076059236,16.44678632551685,0.032161941806094774,False,False,0,0.05,NORMAL_FLIGHT
35900.0,-0.15039386634776383,-0.06512221042970072,9.778141772988075,5.96793267738131,6.225205041116283,-5.516751380466781,52.712362292359806,37.776695000000004,-122.4194,4.956468975772377,-0.18454238848045357,0.07561151761751816,3,14.93672459207051,0,9.779515108121704,10.237379744816414,4.959903285442182,2.7436290823180443,-1.1405082978793502,-0.6996652078421484,0.11870698359813091,16.44678632551685,-0.6063591971949478,False,False,0,0.05,NORMAL_FLIGHT
35920.0,-0.06381078713332364,-0.03286704117707824,10.739489830221377,-6.702443206832184,-0.25754596876963975,-18.662459348495894,52.692259827346064,37.776696,-122.4194,4.93709992132996,-0.07550339959104986,-0.0531875792902269,3,14.963460981565754,0,10.739729692705431,19.831199252720502,4.93767722684929,48.01072922918639,1.0051232506871344,1.3368194747622297,0.1758479308270834,19.831199252720502,-0.1849561698381308,False,False,0,0.05,NORMAL_FLIGHT
35940.0,-0.1592051713606978,0.04241867061483505,9.73254745859057,-1.599131389443781,1.8767984807223663,-7.602844386215937,52.72951917144076,37.776697000000006,-122.4194,5.046333987803745,0.18966040685739283,-0.02867063218036532,3,14.96410144064984,0,9.733941938594173,7.992673926725734,5.049896809479631,50.28938770556292,-1.8629672047346446,0.03202295420425827,0.18958356213444788,19.831199252720502,-0.104377993086473,False,False,0,0.05,NORMAL_FLIGHT
35960.0,0.21520142771971967,-0.19867173991639014,9.963037308375023,0.7215500971753942,-0.575941643882395,17.293008660447565,52.803682115683586,37.776698,-122.4194,4.849456151619386,-0.0044598671995223415,0.0670167262130463,3,14.986686535869968,0,9.967341396922583,17.317635284593745,4.849458202407208,11.669972916420512,-3.708147212141455,1.129254761006404,0.18572189229824218,19.831199252720502,-0.7406897129072121,False,False,0,0.05,NORMAL_FLIGHT
35980.0,0.004262329734388444,-0.20317576539799567,9.615190554115836,-9.168528838147173,-5.915427576248826,-14.910799236114736,52.67340327789916,37.776699,-122.4194,5.295222974913153,-0.07059851654989106,-0.003139593706602425,3,14.970423326864795,0,9.617337882754159,18.476637635822737,5.295693581070108,17.500175708421217,6.513941889221186,-0.813160450258632,0.20220997315817055,19.831199252720502,0.16148848503057422,False,False,0,0.05,NORMAL_FLIGHT
36000.0,0.3802381371506015,-0.2777085107662422,9.89856977251218,-4.167991414832032,4.6690521303749835,-0.004787180685054915,52.67895665155894,37.776700000000005,-122.4194,4.70475390393812,0.11687689170111203,0.19087762733777358,0,14.959428048421803,1,9.90976218681294,6.258771696377142,4.706205425226856,14.621215202939108,-0.27766868298897407,-0.5497639221496264,0.19335582466524243,19.831199252720502,0.33405640800864944,False,False,1,0.86,GPS_SIGNAL_LOSS_IN_FLIGHT
36020.0,-0.012132162762924156,-0.320054220900742,9.738529897483316,-3.399442698680932,2.5161619226624814,0.34143893340212217,52.59216995471156,37.776701,-122.4194,5.088974983335425,0.005523043648111129,0.06938254128560183,0,14.966064217572836,1,9.74379527996489,4.243095807062861,5.088977980402836,8.298345342402502,4.339334842369169,0.3318084575516522,0.020196040693043864,18.476637635822737,1.0008987263450564,False,False,1,0.86,GPS_SIGNAL_LOSS_IN_FLIGHT
36040.0,-0.14168135338209256,-0.24345653844409587,9.686844455181081,-3.9798518692524913,11.528184186835945,-5.129742439678118,52.714259383978046,37.776702,-122.4194,5.128424200775317,-0.0348308395044006,0.06288138283327617,0,14.946754297209147,1,9.690939076832535,13.230741061793996,5.128542480128105,2.642810156617781,-6.104471463324401,-0.965496018184453,0.02186659314233395,18.476637635822737,0.15259787462710506,False,False,1,0.86,GPS_SIGNAL_LOSS_IN_FLIGHT
36060.0,-0.30274287852256543,0.03189250136082584,10.355669559660098,0.959447725108237,-5.077906898252725,-4.4352159983711505,52.69085315728824,37.776703000000005,-122.4194,4.8480696478333245,0.01923689270375111,-0.004950464606506815,0,14.987191473085861,1,10.3601429725178,6.810052816002632,4.848107813186876,33.46019478426321,1.1703113344903926,2.02185879383574,0.08837317570739248,18.476637635822737,1.1282895839534746,False,False,1,0.86,GPS_SIGNAL_LOSS_IN_FLIGHT
36080.0,-0.360627935251189,-0.1785575030983768,10.163155488955303,-0.802798047508987,4.112864606002403,0.7224913423620272,52.728171819379504,37.776704,-122.4194,4.7952531109444365,-0.06581088093827663,0.08747546767096062,0,14.950114605202039,1,10.171119150923293,4.252309221138513,4.795704689623014,9.45119107972534,-1.865933104563311,-1.8538433941911237,0.08129997960746296,13.230741061793996,-0.5476854148034249,False,False,1,1.0,RAPID_VOLTAGE_COLLAPSE|GPS_SIGNAL_LOSS_IN_FLIGHT
36100.0,-0.316827188601098,0.10272289284621926,9.85102399421977,-2.7764305130051814,-6.557719830185006,-5.621623419347273,52.72640597639976,37.776705,-122.4194,5.203434842834032,-0.10174910628880784,-0.032260777280164625,0,14.942183865806905,1,9.856652839318487,9.072756231361096,5.204429559927754,15.723315580240271,0.08829214898717908,-0.39653696975667785,0.08360049824209359,13.230741061793996,-0.4744932484081943,False,False,1,0.86,GPS_SIGNAL_LOSS_IN_FLIGHT
36120.0,0.053425330202296686,0.0069427497505123725,9.11873641921681,2.139813132763175,0.7867328383653883,-14.220584971679312,52.68625174736381,37.776706000000004,-122.4194,4.801827849196657,-0.011359692763474837,0.028237775119951514,0,14.980489705367166,1,9.118895566395764,14.402179895379021,4.80184128600064,36.88786364613614,2.0077114517974337,1.915291978013034,0.23066891778735488,14.402179895379021,-0.9408179265225414,False,False,1,0.86,GPS_SIGNAL_LOSS_IN_FLIGHT
36140.0,0.10174500464598678,-0.39370084268761074,9.70169723302423,8.615373588231249,4.882532945315823,2.15031942943456,52.640149095004936,37.776707,-122.4194,4.878667211849887,-0.10109969600760071,-0.09162930470045604,0,14.974764924987687,1,9.710215322060236,10.133492175725541,4.879714634331805,29.56598778322359,2.3051326179437837,-0.286239018973955,0.22931090297363194,14.402179895379021,0.7411028897310956,False,False,1,0.86,GPS_SIGNAL_LOSS_IN_FLIGHT
36160.0,-0.3162381404064267,0.13099511684433796,10.620908269321525,8.196282583708761,-10.360675580482434,10.733665824449723,52.71943305365998,37.776708,-122.4194,5.1774617924919495,0.001069331179648031,0.10394413922305917,0,14.927957508036624,1,10.62642266933831,17.021581263413,5.17746190291953,45.81036736390374,-3.9641979327520005,-2.3403708475531637,0.3122902710240884,17.021581263413,-0.285798963717383,False,False,1,1.0,RAPID_VOLTAGE_COLLAPSE|GPS_SIGNAL_LOSS_IN_FLIGHT
36180.0,0.1790076628152231,0.16215972911834198,9.740801500008088,-9.613858860311682,-1.0246623712080394,8.695725186534212,52.76722995666889,37.776709000000004,-122.4194,5.006948246707805,0.035440656747433893,0.029060469726179185,0,14.978680823089402,1,9.743795635359668,13.003532277065665,5.0070736748485185,44.131351698932164,-2.3898451504457796,2.536165752638908,0.290170160869887,17.021581263413,-0.39058137289387673,False,False,1,0.86,GPS_SIGNAL_LOSS_IN_FLIGHT
36200.0,-0.0966122103366879,-0.19877253496697067,10.140965271616098,2.8853609191756977,-2.8160486702131013,-8.097354673898115,52.86440916103777,37.77671,-122.4194,4.640571266474179,0.08530604560516108,0.19825130636978766,0,14.94589851240071,1,10.143373259422484,9.045584030996288,4.641355276278962,19.97888120314082,-4.858960218443897,-1.6391155344345876,0.3131285244886628,17.021581263413,-1.380031846380092,False,False,1,1.0,RAPID_VOLTAGE_COLLAPSE|GPS_SIGNAL_LOSS_IN_FLIGHT
36220.0,0.029358602397109874,0.08403830857899833,10.24258272058578,-0.8901164503191922,-3.5097864914756096,-12.512279153776758,52.867181827795655,37.776711,-122.4194,5.349411828910703,0.11279249855168275,0.2392298383669758,0,14.952397849418707,1,10.242969547591457,13.025668433247867,5.350600813275017,4.979814408448657,-0.13863333789423393,0.324966850899866,0.1445088103597635,17.021581263413,-1.8093008043184255,False,False,1,0.86,GPS_SIGNAL_LOSS_IN_FLIGHT
36240.0,0.3224441256510849,-0.1712996474818398,9.875689174756793,0.7757767143267814,1.926063261296771,-2.8418788215477857,52.881577808857955,37.776712,-122.4194,4.893997848244007,-0.04057365016322517,0.07633194514331476,0,14.962769916911258,1,9.88243646373721,3.519634133453453,4.89416603311581,18.02665419271232,-0.7197990531150111,0.5186033746275243,0.11744843361700721,17.021581263413,-2.4142871385301845,False,False,1,0.86,GPS_SIGNAL_LOSS_IN_FLIGHT
36260.0,0.17936786317310638,0.01953407534966708,9.557453510439554,-1.9914151677127427,5.603428532112976,15.67791509795664,52.86821823057519,37.776713,-122.4194,4.919448542018716,0.04994146079390693,0.006842531120790344,0,14.969911587197108,1,9.559156448905542,16.7678611487402,4.919702034379348,16.16400074158344,0.6679789141383452,0.35708351429253327,0.07917804604488818,16.7678611487402,-1.4878517691521154,False,False,1,0.86,GPS_SIGNAL_LOSS_IN_FLIGHT
36280.0,-0.05370612958116647,-0.2528996813909931,9.079406300465134,0.5879431494360112,-0.6663935761457774,6.455980789595456,52.85386412041944,37.776714000000005,-122.4194,5.051156850465273,0.049252344620635644,-0.09460645121255688,0,14.966238247825917,1,9.08308655502788,6.516858560757833,5.051396967320316,23.80349469388312,0.7177055077875139,-0.18366696855958153,0.22282752062452937,16.7678611487402,-0.8663416375054567,False,False,1,0.86,GPS_SIGNAL_LOSS_IN_FLIGHT
36300.0,-0.1782384450830575,-0.3586212905069154,10.015248962582687,0.7570369803600936,1.0274321378001008,7.039646767942336,52.80176977379557,37.776715,-122.4194,5.125015359400814,0.03278187158159839,0.09047498032588243,0,14.95548187250144,1,10.023252463937245,7.154393643406699,5.125120202024402,47.00829544546829,2.6047173311933847,-0.5378187662238076,0.20402137967650505,16.7678611487402,0.6263938724219997,False,False,1,0.86,GPS_SIGNAL_LOSS_IN_FLIGHT
36320.0,-0.430363080265861,-0.07656343792259374,9.565573199152936,-2.8947587867446156,0.5715437652962387,8.898569517854947,52.805970283341786,37.776716,-122.4194,5.392220858258294,-0.04794594109504585,0.02102845638952283,0,14.947134947328635,1,9.575555595851103,9.375010942563287,5.392434014200202,22.38484340430711,-0.21002547731079346,-0.4173462586402721,0.1313321011356733,16.7678611487402,0.6121154445386878,False,False,1,0.86,GPS_SIGNAL_LOSS_IN_FLIGHT
36340.0,-0.14383066384848403,-0.024745789254967232,9.862845135566308,-4.481837739125904,0.009017531782070883,4.2076656251858635,52.76650795359748,37.776717000000005,-122.4194,4.667986370118861,-0.10280678124641107,0.0538034839154462,0,14.963021802565656,1,9.8639248670148,6.147471093799741,4.669118330679327,14.418463558184857,1.9731164872151652,0.7943427618510412,0.12901505715096992,16.7678611487402,1.150698552604723,False,False,1,0.86,GPS_SIGNAL_LOSS_IN_FLIGHT
36360.0,-0.04222604776553889,-0.07953593872292081,9.435053898123192,-2.2434784130974212,-5.4467131885605315,1.2060854761357862,52.78860339970569,37.776718,-122.4194,5.165190441785189,0.05020018890665598,0.17297873874562433,0,14.951559206734856,1,9.435483615859235,6.01286305550185,5.165434382399543,21.422062557778254,-1.1047723054105063,-0.5731297915399836,0.135897936991062,9.375010942563287,0.7961483086949528,False,False,1,0.86,GPS_SIGNAL_LOSS_IN_FLIGHT
36380.0,-0.1974359054302368,-0.2368061116445119,9.73042873785894,1.1712963222838277,5.542223008614464,6.623068966479679,52.7971039106547,37.776719,-122.4194,5.148601938810016,-0.170686256219305,-0.08244232886633468,0,14.989183627451654,1,9.735312090211407,8.715114083393136,5.1514304539982305,14.991423717608576,-0.4250255474502751,1.881221035839875,0.053624952306401144,9.375010942563287,0.567602097647395,False,False,1,0.86,GPS_SIGNAL_LOSS_IN_FLIGHT
36400.0,-0.026251393418460944,-0.07997981242622743,9.820115716470317,2.9949817084213204,1.47597684079418,-5.4616610421801965,52.81148801283849,37.776720000000005,-122.4194,4.972567017825177,-0.026783943256831116,-0.09243041684813366,3,14.963954293255927,0,9.820476495105494,6.401418937080116,4.9726391510322925,4.258220244704347,-0.7192051091895024,-1.2614667097863297,0.03178229502725228,9.375010942563287,-0.09718239042918242,False,False,0,0.05,NORMAL_FLIGHT
36420.0,0.015370376591753644,0.0538589505161468,9.89057807431329,4.266744886700733,1.9744074500128883,-14.144630113663208,52.895244509822994,37.776721,-122.4194,5.157454738963245,-0.2553631015648598,-0.023642593837068016,3,14.932907375344115,0,9.890736660083213,14.905500922786906,5.163772816274478,3.513008248885985,-4.187824849225308,-1.5523458955906122,0.034221400712895755,14.905500922786906,-0.8927422648120853,False,False,1,0.9,RAPID_VOLTAGE_COLLAPSE
36440.0,-0.044971196361615715,-0.008978606024507396,9.475553343794276,-2.4709501153345634,-4.032548145127911,7.229969346243232,52.893358612334715,37.776722,-122.4194,5.186854803527309,-0.13364024233582636,0.08212011497518235,3,14.940973263603844,0,9.475664314176566,8.639415244266432,5.188576150279178,20.753617295332383,0.09429487441394713,0.40329441298645463,0.04209650887553751,14.905500922786906,-1.268506587372329,False,False,0,0.05,NORMAL_FLIGHT
36460.0,-0.13000051616469196,0.036500206119842685,10.169073284628405,1.4192228365136839,-2.296101989946203,12.37738105749225,52.93119496247739,37.776723000000004,-122.4194,4.723607443002599,-0.08771339384474246,0.05548672402144881,3,14.950638680963907,0,10.169969708282961,12.668300582567689,4.724421754569475,34.71526970531977,-1.8918175071338084,0.48327086800314945,0.06330237750560175,14.905500922786906,-1.4259156277169893,False,False,0,0.05,NORMAL_FLIGHT
36480.0,0.033730934393345534,-0.1340230400908466,9.63093156458041,4.812512959766492,-0.8806709885538919,-11.182319393560313,53.03377043568167,37.776724,-122.4194,5.349953301176166,0.10967242076292844,-0.08956885116957725,3,14.974813036507513,0,9.631923107710188,12.205741657007001,5.351077308789489,26.902330028638666,-5.128773660213781,1.2087177771802793,0.06973706772592576,14.905500922786906,-2.3666652502696905,False,False,0,0.05,NORMAL_FLIGHT
36500.0,0.08838812991388181,0.23434358294323193,9.307659161864027,5.827974475720641,-7.6706234672442575,8.219214824159003,53.09910128914642,37.776725,-122.4194,4.688247549372372,0.0688108024404269,0.07565529007024825,3,14.97619608717574,0,9.31102832397194,12.663303012704256,4.688752500476918,16.044739186912427,-3.266542673237538,0.06915253341137628,0.11585660329019697,14.905500922786906,-2.8761327630792977,False,False,0,0.05,NORMAL_FLIGHT
36520.0,-0.21807981548856922,-0.23523466731095613,9.777292974010962,-0.294164270657611,-8.440171625988391,16.8076571338819,53.156759774069165,37.776726000000004,-122.4194,4.772936743752245,-0.05539346838422424,-0.1201212818893263,3,14.93920086737358,0,9.782553452666258,18.810113450598912,4.773258174056786,23.576256434715948,-2.882924246137364,-1.8497609901079848,0.1076563727331291,18.810113450598912,-2.615152642461709,False,False,1,0.9,RAPID_VOLTAGE_COLLAPSE
36540.0,0.282186475949254,0.09751205941734373,9.820312592707939,-1.104658624698063,-3.003739653192839,-0.022462017571209796,53.14142536329314,37.776727,-122.4194,4.947642465275181,0.07293697951297508,-0.08377416743488576,3,14.927600452236497,0,9.824849984983922,3.200504198328167,4.948180045953739,2.114826615883203,0.7667205388013798,-0.5800207568541715,0.09737474052913717,18.810113450598912,-2.4806675095842223,False,False,0,0.05,NORMAL_FLIGHT
36560.0,-0.01971762645685235,0.23637821859199232,9.858176829951528,0.9556211691819609,2.61260383221195,-8.180021847417462,53.15290751607153,37.776728000000006,-122.4194,5.384988102637411,0.08876229633803967,-0.011545731718918944,3,14.924192758531555,0,9.861030060678802,8.640119676677184,5.385719600090379,1.8090037847439788,-0.5741076389195854,-0.1703846852470825,0.05067404340741945,18.810113450598912,-2.2171255359413777,False,False,0,0.05,NORMAL_FLIGHT
36580.0,0.0037699245889695325,0.09618161854977908,10.218639721105525,-5.748537364487029,-3.2656869496497043,1.2301867352675562,53.08699370147003,37.776729,-122.4194,4.9383486740493225,-0.016066484837472153,-0.05534312459752201,3,14.949620861287388,0,10.219093054955213,6.7248607783094005,4.938374809430703,17.903149713820543,3.2956907300750515,1.2714051377916036,0.10484461076678771,18.810113450598912,-0.5322326578836112,False,False,0,0.05,NORMAL_FLIGHT
36600.0,0.14164288465131145,-0.040504845412966006,9.739065348979242,-0.9680475551775404,-5.094025987953568,-5.505339682007014,53.11193942151825,37.77673,-122.4194,4.993613221989838,-0.13843781442136902,0.08898594886509348,3,14.989797547114817,0,9.740179527142322,7.5627363995654795,4.995531807454888,23.945676390644532,-1.2472860024111299,2.008834291371464,0.0368193878778769,18.810113450598912,-0.12838132371832955,False,False,0,0.05,NORMAL_FLIGHT
36620.0,0.046643226252700336,-0.10565940933259584,9.77411411268937,3.7229319923656496,-4.073428266188351,-6.167301099564017,53.12566243039895,37.776731000000005,-122.4194,5.286415720780913,-0.020791231006611427,0.028637848300109448,3,14.953653317802962,0,9.774796478147731,8.275786567586518,5.28645660610265,1.7308475502704646,-0.6861504440347943,-1.8072114655927507,0.03723085873689416,8.640119676677184,0.31097343670218436,False,False,1,0.9,RAPID_VOLTAGE_COLLAPSE
36640.0,0.19062732678264904,0.2072175302092512,9.479044685630072,3.2097356472185057,-2.276712115726563,4.331840672715426,53.12683168665675,37.776732,-122.4194,4.939936371486906,-0.009789240517213632,0.17655611776272606,3,14.910142759971574,0,9.483225507954243,5.852406735413471,4.939946070917082,14.578548509674416,-0.05846281289016986,-2.1755278915693843,0.0706741232043911,8.640119676677184,0.14593676636387443,False,False,1,0.9,RAPID_VOLTAGE_COLLAPSE
36660.0,0.057424833040364845,-0.2845949850523346,10.05616605086637,-1.351338021819445,-1.769294814100519,-16.037294750298955,53.17819142606889,37.776733,-122.4194,4.764312657413865,-0.1232454390830226,-0.024718536535441434,3,14.926650503227727,0,10.060356234227692,16.191088335760025,4.765906475776537,28.856536313672443,-2.5679869706070946,0.8253871628076226,0.0831415372730994,16.191088335760025,-0.2528390999736274,False,False,0,0.05,NORMAL_FLIGHT
36680.0,-0.12248747492808759,-0.19402485207592873,9.865292719223431,1.088591005435833,10.827607261032783,-14.439289224922272,53.11780268494768,37.776734000000005,-122.4194,4.916553032952337,0.03670467929299679,-0.01222021510407434,3,14.927841876043143,0,9.867960744789178,18.08079596415053,4.916690041004703,9.619774471925702,3.019437056060781,0.05956864077081292,0.043970977608706795,18.08079596415053,-0.30808983477648155,False,False,0,0.05,NORMAL_FLIGHT
36700.0,0.07230070504122033,-0.07951155309834429,9.68399168181175,-4.123251701453437,5.273103142436591,0.19290880373942806,53.199545827505695,37.776735,-122.4194,5.274158366761156,0.027981185430235533,0.12103826090617631,3,14.923029684465135,0,9.684587981552172,6.696568908842311,5.27423259104249,9.168638161850318,-4.087157127900909,-0.24060957890039703,0.04584332281022522,18.08079596415053,-0.8760640598744374,False,False,0,0.05,NORMAL_FLIGHT
36720.0,-0.22874524146413236,0.24753075150239964,9.238597591960362,3.517460741125124,5.12387056140864,-0.2230853891243119,53.24463406190271,37.776736,-122.4194,5.014172999411027,0.04450426998941868,-0.00909208031237956,3,14.930861433156144,0,9.244743442876477,6.2190310086272556,5.0143704986837445,21.992226933784753,-2.2544117198506797,0.3915874345504555,0.10187261211008045,18.08079596415053,-1.1897163150376144,False,False,0,0.05,NORMAL_FLIGHT
36740.0,0.02171194115530463,0.07595352720817922,10.243323658516527,-0.38910718068236544,5.842901821366907,3.4355457703993575,53.24110236292011,37.776737000000004,-122.4194,5.386131651811252,0.02789230971674435,0.14940052477075458,3,14.94515678166262,0,10.243628259547908,6.7892474422943385,5.386203872077656,49.94424083357156,0.17658494912993206,0.7147674253237923,0.1471971124850393,18.08079596415053,-1.142706762633594,False,False,0,0.05,NORMAL_FLIGHT
36760.0,-0.00664599812889216,-0.19360915170204906,9.441696010663183,-1.3797572584806908,-4.994104346670247,18.752253884833884,53.23366588352924,37.776738,-122.4194,5.147586985252431,0.0729843035114983,0.054082821038449164,3,14.950558082616068,0,9.443683191990665,19.454866591139307,5.1481043578485535,39.99725337786213,0.3718239695434278,0.2700650476723965,0.14922236396372646,19.454866591139307,-0.5547445746034896,False,False,0,0.05,NORMAL_FLIGHT
36780.0,-0.041623371454507944,-0.06206154107698073,9.632616597189088,-1.808619180466933,-6.111823074936195,1.0451403607582113,53.25769644429167,37.776739,-122.4194,4.871038212721303,-0.017932802787303154,-0.23527864698853593,3,14.95790330383534,0,9.632906448646471,6.458932033468166,4.871071222555359,9.461162832790304,-1.2015280381213245,0.36726106096365285,0.14017062255912505,19.454866591139307,-1.3989375934399106,False,False,0,0.05,NORMAL_FLIGHT
36800.0,-0.02570750228778615,-0.12286462881925889,9.917503353322802,-0.314469334499291,-5.534351457670283,5.981721503347945,53.333739005894856,37.776740000000004,-122.4194,5.010215260893015,0.02017851073709533,0.11775704141494642,3,14.945701660265346,0,9.918297704538707,8.155300678881977,5.010255894939981,14.2695627946118,-3.802128080159406,-0.6100821784997379,0.1551469759983861,19.454866591139307,-1.34193178389161,False,False,0,0.05,NORMAL_FLIGHT
36820.0,-0.37636980909952783,-0.14195779844670703,9.451032621414994,-2.239388224659792,6.672530666689189,-9.75532935614632,53.33881939182936,37.776741,-122.4194,4.829356376371624,-0.0397740284245532,0.09127268131198088,3,14.89528417878522,0,9.459588990056165,12.029296569855727,4.829520160775642,22.935435724127107,-0.2540192967252608,-2.5208740740063185,0.11583344767365884,19.454866591139307,-0.9418532992665263,False,False,1,0.9,RAPID_VOLTAGE_COLLAPSE
36840.0,-0.1097449815481923,0.19577791171135583,9.361947066524058,3.2907151800128167,-2.735958944412455,7.679376635165371,53.34602093692832,37.776742000000006,-122.4194,4.866313393870246,-0.05844992156219503,0.09513326061105448,3,14.912370666628563,0,9.364636983251806,8.791308392167865,4.8666644060066,4.74760034021795,-0.3600772549479103,0.8543243921671717,0.04884955264986712,19.454866591139307,-1.0491857400820948,False,False,0,0.05,NORMAL_FLIGHT
36860.0,0.018568980228222943,-0.27434862585270114,9.172815725189801,-1.9764177400809035,-6.256780911196435,-5.263908651106778,53.34692686080961,37.776743,-122.4194,5.895816850205152,0.1338249630762076,-0.19109783785452583,3,14.9295044524294,0,9.176936324494319,8.412031189981132,5.897335453567597,9.38503293787436,-0.04529619406454799,0.8566892900418566,0.07910374478383206,12.029296569855727,-1.13260977280369,False,False,0,0.05,NORMAL_FLIGHT
36880.0,0.03197127839948007,0.3217561711468747,10.026299085871692,7.964820480136906,-2.154981001099065,0.7142083258109317,53.436028066444685,37.776744,-122.4194,5.203724902006762,-0.20437687015264966,-0.06629899612710476,3,14.934761505069327,0,10.031511479117448,8.282053002037832,5.2077368175454755,42.72875773115645,-4.455060281753731,0.26285263199632425,0.13528217527427938,12.029296569855727,-1.7833162215301712,False,False,0,0.05,NORMAL_FLIGHT
36900.0,-0.20553502818519165,0.16564593803692457,9.646444126582104,7.326052517406905,-1.1930276585731372,-1.0884862506916169,53.41758391129783,37.776745000000005,-122.4194,5.172219597801335,0.08767599891542642,-0.05887048335567699,3,14.948193849938896,0,9.650055311337319,7.501943934732466,5.172962656801808,19.072808389006468,0.9222077573426191,0.6716172434784617,0.10566734985351334,12.029296569855727,-0.8384490540297662,False,False,0,0.05,NORMAL_FLIGHT
36920.0,0.25314156817294015,0.2181723341207396,10.688181027741999,-4.457717449272524,1.3420663684728107,10.329742349140309,53.41610853136688,37.776746,-122.4194,4.875363936938387,-0.06205408754456607,-0.08411213675603924,3,14.9309787410531,0,10.69340420552299,11.330311734217963,4.875758836056225,52.16744470928356,0.07376899654758517,-0.8607554442898291,0.3626520946264271,11.330311734217963,-0.772891395375197,False,False,0,0.05,NORMAL_FLIGHT
36940.0,-0.1732349696429002,-0.09258790240505166,9.511693480310738,0.3485213471464011,1.254755103560215,-13.099765543749996,53.489280314079934,37.776747,-122.4194,5.313916813256216,-0.0750038177643121,0.17419225318939383,3,14.930278777393433,0,9.513721445247635,13.164335714366553,5.314446111391696,58.98413801376776,-3.65858913565269,-0.03499818298333679,0.3358885941837279,13.164335714366553,-1.432593771516153,False,False,0,0.05,NORMAL_FLIGHT
36960.0,0.19389144010534737,-0.029988143815821874,9.533564692971325,-3.253283106680975,-4.140902819367541,-22.832386346150393,53.49663085576057,37.776748000000005,-122.4194,5.219883120358587,0.026157748406540705,-0.001176783782363395,3,14.933170154366334,0,9.53558330331108,23.431790230188064,5.219948660476097,1.093092903172277,-0.36752708403184897,0.1445688486450436,0.24753041699642025,23.431790230188064,-1.4970399495096132,False,False,0,0.05,NORMAL_FLIGHT
36980.0,0.08543887237433698,-0.2866303629049424,9.64038210891438,-1.6332378159430574,3.4282819625685548,-2.134326970879245,53.55348379876285,37.776749,-122.4194,5.376324257871554,-0.14896096123510028,-0.003656094262917065,3,14.922463347115322,0,9.645020682804578,4.356137577823033,5.37838748081153,5.471868974674887,-2.8426471501138195,-0.5353403625505848,0.24906478319972097,23.431790230188064,-1.1745573231816309,False,False,0,0.05,NORMAL_FLIGHT
37000.0,-0.1292454619687606,-0.1049324814133606,9.882940396541548,10.012137338223985,-3.1959676687507903,4.685312569051241,53.5079197959177,37.77675,-122.4194,5.36662282967969,-0.0816023071946203,0.05520083103157789,3,14.928451059475895,0,9.884342471641089,11.506922146641505,5.367243196705243,11.966089441825556,2.2782001422573472,0.29938561802866914,0.24159256741949486,23.431790230188064,-0.9033588461986852,False,False,0,0.05,NORMAL_FLIGHT
37020.0,0.3550621785219024,0.09873096952863018,9.668938998364407,-1.5378570855789961,-0.7813816835252152,1.5226937580750002,53.49765516983628,37.776751000000004,-122.4194,4.704182142380495,-0.0849139646512992,0.0569301667889382,3,14.94837957504597,0,9.67595981332358,2.300903742422701,4.704948459875448,10.419132915875462,0.5132313040711267,0.9964257785036956,0.021818460334269433,23.431790230188064,-0.8154663846939769,False,False,0,0.05,NORMAL_FLIGHT
37040.0,-0.23872736635129602,0.25921261235627924,9.993699664200754,1.8011301853871435,3.433870352516775,12.322042374139112,53.57187687175829,37.776752,-122.4194,4.778032102146018,-0.022139825818509488,-0.33348927106258297,3,14.923334288277447,0,9.999910745206472,12.91774995162417,4.778083396198226,16.19754659414463,-3.7110850961006747,-1.2522643384261123,0.035740885229729555,23.431790230188064,-0.8259655767835739,False,False,0,0.05,NORMAL_FLIGHT
37060.0,0.18383083472200032,-0.22143136336049035,9.516423483003404,2.7066064700413914,-3.209107019721707,4.373726741796683,53.538059885970114,37.776753,-122.4194,4.799242436907273,-0.08041376881606886,-0.06463575371493634,3,14.923557826504835,0,9.520774208662491,6.062472437842871,4.7999160766024715,23.956826827199063,1.6908492894089022,0.011176911369403797,0.03735880649684768,12.91774995162417,-0.4142903020954236,False,False,0,0.05,NORMAL_FLIGHT
37080.0,0.20011646360859567,-0.07310118739705317,9.395522484460926,-5.003146862416203,-2.8467571179056876,-5.638483318598599,53.53049493398163,37.776754000000004,-122.4194,4.811211871333512,0.1601118685639269,-0.1412788577791277,3,14.92263994773257,0,9.39793770667889,8.057791183033132,4.813875308035673,6.141825099180043,0.3782475994242418,-0.04589393861325064,0.06194530356471761,12.91774995162417,0.22988864781218865,False,False,0,0.05,NORMAL_FLIGHT
37100.0,-0.13412404181532897,-0.030259844046504464,9.270535578177268,-4.275477372046025,2.958340248465655,-23.254201541396803,53.5433291955262,37.776755,-122.4194,5.064690472852078,0.17970165164979543,0.04003060931548197,3,14.948416706891132,0,9.271555145875212,23.82833131195869,5.067877491554454,6.31912804018393,-0.6417130772284452,1.2888379579281128,0.07927414714961369,23.82833131195869,-0.35409399608496983,False,False,0,0.05,NORMAL_FLIGHT
37120.0,0.2784930600128658,-0.27915784043849706,9.142927749618842,-6.030111857040595,-4.288665883025097,-2.3731223419521825,53.49387146962655,37.776756,-122.4194,4.886639309580836,-0.20219935227480634,-0.02888924143340474,3,14.899449738866114,0,9.151426955349853,7.770882428303598,4.890820822725059,6.00640952626792,2.4728862949825015,-2.4483484012509216,0.1073578602926177,23.82833131195869,0.03783700209730512,False,False,1,0.9,RAPID_VOLTAGE_COLLAPSE
37140.0,-0.050009302919790555,0.11826984835168007,9.654579294157484,-4.429853669488884,-1.9239601180203534,10.279590022577981,53.473180963695455,37.776757,-122.4194,5.414519708152504,0.05443227047657363,0.001538756450126866,3,14.95627731808592,0,9.655433187308692,11.357605253798083,5.414793305569578,25.200311597941916,1.0345252965546337,2.841378960990326,0.03953044104916954,23.82833131195869,0.9869590806283668,False,False,0,0.05,NORMAL_FLIGHT
37160.0,0.05773872585597141,-0.14479806634852183,9.719705906282034,-14.25015054658591,2.7787108902144624,-3.9204778266711457,53.47881279778674,37.776758,-122.4194,5.380935976416327,0.08586634390775748,-0.2078519748890523,3,14.896382317887179,0,9.720955876100641,15.038556154138577,5.381621039362361,3.2761344395974668,-0.2815917045641214,-2.994750009937075,0.059690880393465484,23.82833131195869,0.5924708818337621,False,False,1,0.9,RAPID_VOLTAGE_COLLAPSE
37180.0,0.05206436775424415,-0.0390780702354048,9.620568891755045,2.7229120039681405,10.270462207179875,0.28320263677764196,53.481146884494834,37.776759000000006,-122.4194,4.998707681184192,0.05429852023911052,-0.030985222469049813,3,14.905975124538328,0,9.620789135770925,10.629056753256222,4.999002581638661,5.0083370164857755,-0.11670433540480474,0.47964033255745164,0.06499658338175249,23.82833131195869,0.49348049486795276,False,False,0,0.05,NORMAL_FLIGHT
37200.0,-0.02686174829410956,-0.09038987438237554,10.18302173915615,10.270969206280348,3.0270225238137334,4.213602543067085,53.545164485536695,37.77676,-122.4194,5.391065243229958,-0.06581134930916946,0.11151302518328153,3,14.933103869946583,0,10.18345833315181,11.506959641320389,5.391466923802833,28.13345986904423,-3.200880052093069,1.3564372704127692,0.1344308803312605,15.038556154138577,-0.018352900104972036,False,False,0,0.05,NORMAL_FLIGHT
37220.0,0.16216165463195642,-0.1578677011439349,10.17840906288244,0.7391036951826347,2.3631988149500582,-10.152923742498158,53.62223734527831,37.776761,-122.4194,5.29762692544804,-0.02440955621585415,0.14094494831021676,3,14.937965013249144,0,10.180924794175864,10.450494889343606,5.29768316036989,0.12667694879731073,-3.853642987080619,0.24305716512804665,0.08131568605709176,15.038556154138577,-1.283658756517596,False,False,0,0.05,NORMAL_FLIGHT
37240.0,0.1586977441104426,-0.00140899709611094,9.709559103766649,-7.081344296703037,2.654007918363648,6.232358966388174,53.57943310167826,37.776762000000005,-122.4194,4.909858688164548,-0.07482746547776956,0.07188634195406998,3,14.888438273787095,0,9.71085603583929,9.799565978404587,4.910428849635714,23.503437916828673,2.1402121800022655,-2.4763369731024554,0.07591999634041104,15.038556154138577,-1.0625213798280697,False,False,1,0.9,RAPID_VOLTAGE_COLLAPSE
37260.0,-0.3497063946476362,-0.04312191571360448,9.271823666042412,-3.2138819144997397,-5.365951370335247,16.371217900017058,53.58499652763663,37.776763,-122.4194,4.598156931194888,-0.04202640311588286,-0.1335465293448119,3,14.893803791649516,0,9.278516484668032,17.525388629043015,4.598348984413259,21.616977558562933,-0.2781712979185613,0.2682758931210394,0.1510056588599622,17.525388629043015,-1.0618372984989577,False,False,0,0.05,NORMAL_FLIGHT
37280.0,0.2608680485756305,-0.07437157645573311,9.639988467583485,-2.2943842251249844,0.5779836933995399,-1.7281335189340632,53.618708943057875,37.776764,-122.4194,4.9564063230078546,-0.12099650286671762,0.12594018029921236,3,14.920364259891288,0,9.64380427659618,2.929967505212571,4.9578829950351,18.264389596407415,-1.6856207710620907,1.3280234120886192,0.14910790210158362,17.525388629043015,-1.375620585630415,False,False,0,0.05,NORMAL_FLIGHT
37300.0,-0.3324983976071349,-0.14569232433606857,9.630053581824882,-5.0879238860668785,-0.14883244168200874,-11.290644218323019,53.69452631634783,37.776765000000005,-122.4194,4.871075573784306,-0.01147888216345503,0.07240022550000158,3,14.960845366244522,0,9.63689334934241,12.384981527271567,4.871089098985341,0.34554636268850913,-3.790868664497893,2.024055317661677,0.10392874359518905,17.525388629043015,-1.4936183081113796,False,False,0,0.05,NORMAL_FLIGHT
37320.0,0.20650924086833147,0.06390493415659108,9.612859511316582,4.300913191975783,1.6079227018637807,-0.666010270219737,53.73045083121369,37.776766,-122.4194,5.041301125029166,-0.15028017113050698,-0.011718903406453861,3,14.938031808896612,0,9.615289797581935,4.639702509872633,5.043540538456626,1.080177588023723,-1.796225743292723,-1.1406778673954676,0.029131488652321173,17.525388629043015,-1.0821348593538005,False,False,0,0.05,NORMAL_FLIGHT
37340.0,0.22534102736551667,0.330723453698457,9.600684328830527,4.051300221876669,0.5825402623793542,-22.243841086088686,53.74499650129331,37.776767,-122.4194,5.0178456573749495,-0.020013455422813766,-0.20250363145097441,3,14.907294187071397,0,9.609021602811206,22.617268909137504,5.01788556860702,0.31340973853648535,-0.7272835039810133,-1.5368810912607778,0.024393627713413985,22.617268909137504,-1.6556339961504563,False,False,1,0.9,RAPID_VOLTAGE_COLLAPSE
37360.0,-0.21819328604303967,0.027977446567825477,9.613961131282558,-5.777258969088298,1.8984983870855623,3.3690326397661603,53.77832362789244,37.776768000000004,-122.4194,5.012603531779845,-0.12485816890997646,0.0953594950662517,3,14.863023120089911,0,9.616477509015581,6.9520786998916675,5.014158327092926,0.37279531021878753,-1.666356329956642,-2.213553349074271,0.00022870343755352894,22.617268909137504,-1.9332710025580724,False,False,1,0.9,RAPID_VOLTAGE_COLLAPSE
37380.0,-0.08216285759091696,0.1992236429822258,9.694037515230672,3.62540522223754,-1.5573359744960078,4.522743776485788,53.81201206960925,37.776769,-122.4194,5.104736948275833,0.020681636179140386,-0.05921663299833792,3,14.912188132327245,0,9.696432547168586,6.002005467394009,5.10477884351198,3.9977519076502155,-1.684422085840609,2.4582506118666636,0.0012959594453901273,22.617268909137504,-1.933031265513776,False,False,0,0.05,NORMAL_FLIGHT
37400.0,-0.22114093369718715,-0.27804438503069256,9.619337670355334,7.634063317886326,0.2930445868589636,16.756362938455624,53.765626354995035,37.77677,-122.4194,4.757495610583264,-0.06794195609428907,0.0346165821054781,3,14.916950788499143,0,9.6258957613783,18.415767613559694,4.757980726539038,3.5268392895142497,2.319285730710874,0.23813280859492636,0.0013087641956498637,22.617268909137504,-0.7110003864720227,False,False,0,0.05,NORMAL_FLIGHT
37420.0,-0.04298420605774707,0.0315522878587539,9.872496752587677,9.512791026147799,-6.13914283028496,-1.9399479256662508,53.775266294620344,37.776771000000004,-122.4194,5.082272055513942,0.02905803478745374,0.006839386063666252,3,14.901200524391951,0,9.872640746968045,11.486760455067133,5.082355124904557,12.337249279487228,-0.48199698126545343,-0.7875132053595912,0.01232425129723426,22.617268909137504,-0.44815463406656875,False,False,0,0.05,NORMAL_FLIGHT
37440.0,-0.061606856837148255,-0.21947366379421332,9.918110614771459,14.326060115429813,-1.599536390014569,4.084853381464702,53.84822434432978,37.776772,-122.4194,4.912076769396599,0.10815807283647821,0.15383949844382783,3,14.890989522190068,0,9.920729925804396,14.982674735905913,4.913267380996624,2.4044589418175555,-3.6479024854717323,-0.5105501100941545,0.020056378631954364,18.415767613559694,-1.0322784303647126,False,False,0,0.05,NORMAL_FLIGHT
37460.0,0.15593210645386799,-0.2953849855063803,9.536806473845253,-4.509963247215987,6.954167740883217,-8.61288102385901,53.83785650589508,37.776773000000006,-122.4194,5.039996439972738,0.1589446936104708,-0.012536698599750857,3,14.910336881994823,0,9.542653972090912,11.953323261366707,5.042502110120014,18.903797685674206,0.5183919217348176,0.967367990237733,0.025943333372112604,18.415767613559694,-0.5953287800264206,False,False,0,0.05,NORMAL_FLIGHT
37480.0,0.26206174922392167,-0.14787428149180726,10.19131959780211,14.121102131976016,1.5940416981412795,-3.564271205250787,53.84432883802245,37.776774,-122.4194,5.191481969046438,-0.25280045890204905,-0.0015113590085947845,3,14.887457927697909,0,10.195760800846516,14.650956405016386,5.197633414060227,32.655341437780194,-0.32361660636830436,-1.1439477148456945,0.06701139899100439,18.415767613559694,-0.32316768413195973,False,False,0,0.05,NORMAL_FLIGHT
37500.0,0.2791367621579912,0.2383798668827146,9.515981309447817,-1.7710319425439414,-0.10460518691538441,-15.25185436662198,53.83220301554615,37.776775,-122.4194,4.7551200453557945,-0.08341940938737828,0.15786153904786301,3,14.942901699579355,0,9.523058467461135,15.354691726221224,4.755851705384329,33.63511666926904,0.6062911238149837,2.772188594072311,0.07970025603858488,15.354691726221224,-0.6657666055111378,False,False,0,0.05,NORMAL_FLIGHT
37520.0,-0.11243360531566043,0.19000316573392914,9.3246598158554,-2.9623272769025717,9.480616381271734,-1.947896212832356,53.716510040765804,37.776776000000005,-122.4194,4.943741269466086,-0.030308607711201398,-0.06582222437501886,3,14.934937197101252,0,9.32727308488508,10.12184615177911,4.943834175123953,9.789269128802758,5.7846487390172285,-0.3982251239051493,0.12236848590536459,15.354691726221224,0.5875625385453986,False,False,0,0.05,NORMAL_FLIGHT
37540.0,-0.04184437474890556,0.04860094441087994,9.924233421409516,1.6353618743892264,-6.8041748915053955,-3.0530915351856485,53.71753954962754,37.776777,-122.4194,4.976293153194227,0.04603278183814831,0.08143228514077772,3,14.916910128569825,0,9.924440639457591,7.634957258336196,4.976506059830682,29.858377728625562,-0.05147544308670149,-0.901353426571383,0.12277725619377389,15.354691726221224,1.3068479470224048,False,False,0,0.05,NORMAL_FLIGHT
37560.0,-0.3366876384441901,-0.3065401119779862,9.564777559675699,-2.910306670465062,-5.547277777231098,2.9919976608889587,53.732629146160185,37.776778,-122.4194,4.897146205685872,-0.16503545041545295,-0.019861572287846404,3,14.904695662107748,0,9.575609389078505,6.94220610877266,4.89992629125759,17.441562518954346,-0.7544798266323482,-0.6107233231038123,0.12035830792281055,15.354691726221224,1.0522735973489716,False,False,0,0.05,NORMAL_FLIGHT
37580.0,-0.16117401329923775,-0.03925613027758736,9.906387441227217,1.9952207032326306,8.563557056381363,-6.235968803326393,53.70700447661614,37.776779000000005,-122.4194,5.179965899226591,-0.09820924068002157,-0.10025419620049292,3,14.888847743780484,0,9.907776251108604,10.779736640037507,5.180896811567019,16.608343101504985,1.2812334772021927,-0.7923959163631977,0.06688843189822546,15.354691726221224,1.373243614063071,False,False,0,0.05,NORMAL_FLIGHT
37600.0,0.19297032661949154,0.06034000178034711,9.088899419669842,-6.600385938686508,0.22980468024466916,0.8334535097509189,53.649272629171904,37.77678,-122.4194,4.855922328239906,0.013035720265710996,0.00011609867208726129,3,14.900784856622332,0,9.091147954116975,6.656767194636527,4.855939825399581,40.831414849581456,2.8865923722118936,0.5968556420923754,0.13196380678775793,10.779736640037507,1.829303863742453,False,False,0,0.05,NORMAL_FLIGHT
37620.0,0.32311656470964634,0.035107245915719586,10.227736782444921,-1.1937630103171717,-1.212915181448969,-3.3338005560766564,53.605242306182824,37.776781,-122.4194,4.888919920111532,0.008488824152666717,0.06917051136079876,3,14.93313611779169,0,10.232899712402265,3.743054836612459,4.8889272898457845,57.08758791426449,2.201516149454008,1.617563058467919,0.1882368517806134,10.779736640037507,1.112677345829809,False,False,0,0.05,NORMAL_FLIGHT
37640.0,-0.24686977437598442,-0.3687587166961492,10.011688022412121,6.427911171808397,-5.996021625478216,-3.3149938829951426,53.6434516869896,37.776782000000004,-122.4194,4.858016173409587,0.0377618406420093,0.13537098399765113,3,14.916872831043671,0,10.021518085337679,9.39465283074137,4.858162934455554,10.569081353229315,-1.9104690403388247,-0.8131643374009734,0.19876474684947543,10.779736640037507,0.7408786263793843,False,False,0,0.05,NORMAL_FLIGHT
37660.0,-0.11849285183057885,-0.17806356960397438,9.3598570352511,-0.2853064571557797,2.238481331975059,0.8036232596303015,53.742077925641944,37.776783,-122.4194,5.21841108228776,0.04436757268881162,0.14746939853456825,3,14.90272317023186,0,9.362300513821085,2.395414116914745,5.218599688158693,32.960878575829696,-4.931311932617177,-0.7074830405905175,0.22814851790145063,10.779736640037507,-0.09448779481758152,False,False,0,0.05,NORMAL_FLIGHT
37680.0,-0.005281151391785407,-0.012815552829743327,9.366366862846116,0.7079789336994141,2.7222993476373114,0.4052294231700992,53.81119959268722,37.776784,-122.4194,4.901511177517556,0.03385944331158625,-0.029476407422553266,3,14.916278386133078,0,9.366377119162784,2.8418935226555306,4.901628125962935,0.2038302670849923,-3.4560833522636614,0.6777607950608555,0.23678705674165834,9.39465283074137,-1.0419511607107523,False,False,0,0.05,NORMAL_FLIGHT
37700.0,0.05603223176392136,0.107258181903438,10.311679771229258,2.3762930235865576,-5.472471804174481,7.611740390516385,53.743982292445686,37.776785000000004,-122.4194,5.092009078176711,0.01936553166314927,-0.09872492320322136,3,14.907860687504735,0,10.312389811918495,9.671261962848973,5.0920459027831475,47.30063463778551,3.3608650120765304,-0.42088493141712036,0.21529076993753044,9.671261962848973,-0.947096632737825,False,False,0,0.05,NORMAL_FLIGHT
37720.0,-0.16192070398432923,-0.4392255642199893,9.588786028950613,5.853308146588301,-0.7013779277521416,-1.2064303412983486,53.78671365797322,37.776786,-122.4194,5.395141020246015,0.005573977332636784,-0.03187388995774793,3,14.904023599822251,0,9.600205983188152,6.0173600045917235,5.395143899616072,35.60919143651713,-2.136568276376849,-0.19185438412421263,0.17709974023668104,9.671261962848973,-1.8147135179039964,False,False,0,0.05,NORMAL_FLIGHT
37740.0,0.08481220889281794,-0.03242479509597169,9.559744545380214,-8.276123560947164,-1.6775791601653303,-3.4988534912300318,53.75355553918276,37.776787000000006,-122.4194,4.985036315929883,0.06647630897243627,-0.11815307533301556,3,14.914858888991738,0,9.560175743731966,9.140594553297852,4.985479532682326,2.001511972809311,1.657905939523019,0.5417644584743364,0.1530124000890602,9.671261962848973,-1.1010385219316277,False,False,0,0.05,NORMAL_FLIGHT
37760.0,-0.09476786941418323,0.02860975397579047,9.130184371755215,2.9226202591871737,1.2798857320938553,-1.8080744508722617,53.724442186057324,37.776788,-122.4194,5.222412136006631,-0.22393226665642252,-0.021738619941650508,3,14.904737751495796,0,9.13072100818654,3.667280993668982,5.227210936853345,21.472736777271262,1.4556676562719417,-0.5060568747970784,0.19592652828661883,9.671261962848973,0.17635739584619614,False,False,0,0.05,NORMAL_FLIGHT
37780.0,-0.002890454175655821,0.16992239770324263,9.704766538319534,-1.3406956962088161,-5.596251211103219,-7.146641168409925,53.701343406158756,37.776789,-122.4194,5.334270816818625,0.15443334869712347,-0.03416652836197584,3,14.910717802788762,0,9.706254454693276,9.175509389544466,5.336505861174768,28.776672325336783,1.1549389949284006,0.29900256464827635,0.18035234955658236,9.671261962848973,1.0985618652846085,False,False,0,0.05,NORMAL_FLIGHT
37800.0,0.10925684960073992,0.13857151684748734,9.741684115549274,0.8331894765591927,6.259737272565786,-3.5991109356667157,53.73664675365153,37.776790000000005,-122.4194,5.2054383120080825,-0.22044820508803242,0.07274902041567653,3,14.895924089166778,0,9.743282225801075,7.268570351357554,5.210104167024695,1.85138855538991,-1.7651673746385654,-0.7396856810991892,0.06004375219960033,9.175509389544466,0.07335538794158936,False,False,0,0.05,NORMAL_FLIGHT
37820.0,0.0012844539621875634,0.11651426376176105,10.024647929030847,5.299750848811882,4.579118907988021,20.311587130732313,53.78460942247398,37.776791,-122.4194,4.996639736804452,-0.10791618169044921,-0.22059351799143784,3,14.88676340649768,0,10.025325098195289,21.48525682421102,4.997804974354633,14.102143619710716,-2.3981334411224964,-0.45803413345488764,0.10725870249454608,21.48525682421102,0.021042354992459877,False,False,0,0.05,NORMAL_FLIGHT
37840.0,-0.08727717810531373,-0.15998810134038685,9.390276471544658,-5.970933257059221,-1.8158777936640806,-9.12678760695867,53.77970786890999,37.776792,-122.4194,5.128421551799723,-0.022676079665014476,-0.07336079460866397,3,14.880032240170072,0,9.392044809860828,11.056568551965503,5.128471684386378,31.664014416723063,0.245077678199479,-0.33655831638039757,0.11904706303278764,21.48525682421102,-0.2615232972722481,False,False,0,0.05,NORMAL_FLIGHT
37860.0,-0.02192196078516617,-0.38160042742466155,9.353913962327818,-5.063222207215448,-1.082093558191856,-2.7865633387930937,53.77565433185959,37.776793000000005,-122.4194,4.742524281372931,0.06726128910898425,-0.07255183044419154,3,14.87679888042685,0,9.361720241131255,5.87980278831065,4.743001227116058,1.516228436478606,0.20267685251980083,-0.16166798716108488,0.07557245091739867,21.48525682421102,-0.5121214580226763,False,False,0,0.05,NORMAL_FLIGHT
37880.0,-0.017672591841067065,-0.0786105514122802,9.945288790432944,-9.677149798569031,-0.6821107513880802,-3.874886632696904,53.79886751902138,37.776794,-122.4194,4.84399136837001,-0.29952668907996166,0.11871272524080255,3,14.857191238474831,0,9.945615167721245,10.446398887528515,4.853243102742162,29.194746329499477,-1.1606593580893332,-0.9803820976009625,0.09427530402753834,21.48525682421102,-0.975241128626223,False,False,0,0.05,NORMAL_FLIGHT
37900.0,-0.07400220597642554,0.20032636504171203,10.11201902136812,-2.7457947088188823,-3.8915427650325167,-2.4717161224439947,53.82726724599759,37.776795,-122.4194,4.879064963673616,-0.00281243239418344,-0.1113844377401017,3,14.870205423174824,0,10.11427385764944,5.3658992037685795,4.879065774256727,8.43293449640976,-1.4199863488105535,0.6507092349996135,0.1310185693747743,21.48525682421102,-0.9062049234606206,False,False,0,0.05,NORMAL_FLIGHT
37920.0,-0.05175921253342047,0.2786909055048863,9.338654294664636,6.652161721894082,-2.2171470911751783,-3.31239308878395,53.886078531335514,37.776796000000004,-122.4194,5.448122424034857,0.07923950394157346,0.022665735964899385,3,14.868776726306807,0,9.342955189454322,7.7549303525410895,5.448698637863572,38.56593340975589,-2.9405642668962173,-0.0714348434008194,0.1362791979033228,11.056568551965503,-1.0146910886153648,False,False,0,0.05,NORMAL_FLIGHT
37940.0,0.3197294341009434,0.14210982045955708,10.134454225889924,-0.6029359423673476,-1.3513518383730452,2.7924010122099974,53.82185993256006,37.776797,-122.4194,4.837483097148946,0.0994518116028477,-0.012812841441978133,3,14.876596467766163,0,10.140492323785846,3.1602510904458256,4.838505283456127,39.87685671657619,3.210929938772722,0.39098707296778556,0.1587707800238291,10.446398887528515,-0.42152063650071625,False,False,0,0.05,NORMAL_FLIGHT
37960.0,0.11218388958824775,0.08586816456034688,9.821262552446047,-6.700624478273928,8.064341853535641,-17.101751013917944,53.82286129955026,37.776798,-122.4194,4.834504649747634,-0.06973296584974588,0.10430425268363819,3,14.917137830686004,0,9.822278589555845,20.059956771428343,4.835007538252417,15.910686711500066,-0.05006834951011285,2.0270681459920503,0.10463956680988107,20.059956771428343,-0.472069676906699,False,False,0,0.05,NORMAL_FLIGHT
37980.0,-0.059096063605832076,0.0759279296771931,10.137541601722393,-2.428393722875235,4.7330915416521835,10.371714725320045,53.7694600807557,37.776799000000004,-122.4194,4.7912158039502035,-0.030083528695503226,0.05958318645105473,3,14.881891282149557,0,10.13799818119391,11.656402444939003,4.791310248639819,15.78597958190322,2.6700609397281028,-1.7623274268223632,0.11901493995841915,20.059956771428343,0.2940743826567882,False,False,1,0.9,RAPID_VOLTAGE_COLLAPSE
38000.0,0.13939088090214713,-0.11122374935215612,9.788933891544715,-7.439308517453115,4.6732735366831175,6.325827996421973,53.76691296680253,37.7768,-122.4194,5.111962352386152,-0.061614812889262786,0.01212437318203795,3,14.889027433845712,0,9.790558067502149,10.825843921229847,5.11233366256358,17.372005684588032,0.1273556976585155,0.3568075848077612,0.10716889837290473,20.059956771428343,0.603542791950602,False,False,0,0.05,NORMAL_FLIGHT
38020.0,-0.066763897951202,-0.02601205871072401,9.053316624753615,-5.6259305086558085,1.8496280650219514,-12.428715860631348,53.75560420241849,37.776801,-122.4194,5.0285242785337765,-0.039267465352608444,-0.05546668745880683,3,14.888808063725657,0,9.053600165310383,13.767541393126454,5.028677594918852,36.84789510958826,0.565438219202008,-0.0109685060027509,0.19681734801478462,20.059956771428343,1.304743289170247,False,False,0,0.05,NORMAL_FLIGHT
38040.0,0.23462492751732827,0.3338139051652662,9.764409785305189,1.9440945513185666,-5.586635044656173,-22.690772729524014,53.75326672972336,37.776802,-122.4194,5.217351795405313,-0.10318265507284351,-0.1852342503109876,3,14.91424286387966,0,9.77293093371983,23.449118572124576,5.218372008330464,35.96653842047228,0.11687363475658685,1.2717400077001173,0.15923744837802567,23.449118572124576,0.68593202836702,False,False,0,0.05,NORMAL_FLIGHT
38060.0,0.07392843843961878,-0.18851160115837529,10.128043145601382,-5.869366631530144,-0.20745552288689617,-9.770721461414011,53.71327958531783,37.776803,-122.4194,5.134251933215471,-0.0889252162470918,0.024708565568740536,3,14.8701291113333,0,10.1300671269713,11.399978084445255,5.13502196760748,17.856809662573525,1.9993572202764653,-2.2056876273179427,0.19462094438100924,23.449118572124576,1.0958171423243357,False,False,1,0.9,RAPID_VOLTAGE_COLLAPSE
38080.0,-0.02146042880084578,0.3229557581419703,9.541876194274886,5.563171526016509,4.8524422980669,-2.426664614271225,53.63891509565746,37.776804000000006,-122.4194,4.723922030655187,0.0434376922028368,0.05304897985298728,3,14.876339953592439,0,9.547364153450477,7.770699764764158,4.724121736874838,29.135148676041123,3.7182244830184175,0.31054211295691303,0.1577908742446906,23.449118572124576,1.3054498509823986,False,False,0,0.05,NORMAL_FLIGHT
38100.0,0.08954338516205552,-0.06440563089841168,9.693610509327765,-0.35560145415168,-6.291323146836439,25.80291898690775,53.534193219321715,37.776805,-122.4194,4.838544445997925,0.01316153732727418,-0.1574867612474653,3,14.877815982549508,0,9.694238021096211,26.561209075963376,4.838562346602779,7.343693382286709,5.236093816787246,0.0738014478534943,0.15330592587201794,26.561209075963376,2.3271974748081448,False,False,0,0.05,NORMAL_FLIGHT
38120.0,-0.3141752304136999,0.2650864218190157,9.757159948934707,0.4279735197226272,3.1827660343663218,5.432569649742733,53.52763421160847,37.776806,-122.4194,5.2730657496551645,0.04915865075904735,-0.12336941643285493,3,14.901820241887883,0,9.765815232510485,6.310782357394809,5.2732948877462595,3.5788605707137044,0.32795038566213464,1.2002129669187234,0.04606275761101535,26.561209075963376,2.27969990810017,False,False,0,0.05,NORMAL_FLIGHT
38140.0,-0.22535349378196107,-0.28136300189950764,8.940145836039456,-1.3918648380394703,11.613046126313831,-18.075896491814575,53.506084156316824,37.776807000000005,-122.4194,4.959340351084639,0.021401438970083682,0.025232997337167593,3,14.905121233434869,0,8.947410625742581,21.529936415188452,4.959386528542245,40.92023033839522,1.0775027645824053,0.1650495773493077,0.18613716028830352,26.561209075963376,2.471825734065334,False,False,0,0.05,NORMAL_FLIGHT
38160.0,-0.2387850012798111,0.11718084023292984,10.311404272631243,3.8642391927186157,5.3090832299486586,-6.896555049009439,53.47228727307663,37.776808,-122.4194,5.237518363603603,0.07043386011475956,0.03391416862078701,3,14.886880370741054,0,10.314834351543983,9.522666686652553,5.237991937540151,68.37118629007009,1.689844162009635,-0.9120431346907765,0.24036587738235166,26.561209075963376,2.4099231224119677,False,False,0,0.05,NORMAL_FLIGHT
38180.0,0.028588618952741354,-0.1473540271895244,9.539587296030849,3.9157994388850534,7.070145677809937,-0.5321243627298323,53.53841469621822,37.776809,-122.4194,4.970063810416937,0.08782139981549947,-0.09906473100920593,3,14.901196456615805,0,9.540768118818095,8.0996050205203,4.970839655217383,38.70331163629439,-3.3063711570793686,0.7158042937375875,0.24072604309291712,26.561209075963376,1.0050039943924105,False,False,0,0.05,NORMAL_FLIGHT
38200.0,0.3465029998970184,-0.2830534383848375,9.96172062974184,1.675271759560857,1.0916937522108034,2.536835542980969,53.49544278687845,37.776810000000005,-122.4194,4.806468714342296,-0.1741716619866104,-0.057406471356803816,3,14.87924106385134,0,9.971763208326964,3.2301494221056988,4.809623402075308,21.54975447544345,2.1485954669884677,-1.0977696382232338,0.26190604743111556,21.529936415188452,0.3875043244326548,False,False,0,0.05,NORMAL_FLIGHT
38220.0,0.4462600292385265,0.043706808482189136,9.783989659155537,2.8239455295382405,4.839659743824949,-13.147488603104229,53.56628449098539,37.776811,-122.4194,4.939347844466659,-0.08543096504143627,-0.18364888385704267,3,14.871385353757018,0,9.794259132229765,14.291725975492056,4.940086596247615,8.875203804859932,-3.5420852053469787,-0.39278550471610885,0.26288842129350404,21.529936415188452,-0.38650279376916785,False,False,0,0.05,NORMAL_FLIGHT
38240.0,0.12761022028815144,0.20189435771919376,10.187285716907809,-1.0604483496021282,-3.5892660717701776,-1.349902279770614,53.647476678198856,37.776812,-122.4194,4.806390040890061,-0.02313759574900389,0.13772639038132337,3,14.89756147522846,0,10.190085180110845,3.9786452218141166,4.806445731879661,19.791302394054,-4.059609360673377,1.3088060735721108,0.09554574022063769,14.291725975492056,-1.4139252188203244,False,False,0,0.05,NORMAL_FLIGHT
38260.0,0.1001688949888914,-0.16898828771869928,9.931816836728425,2.711015034545243,3.979319061706132,-7.176391376105407,53.549931654859385,37.776813000000004,-122.4194,4.886889447519515,-0.0022677525487341064,-0.12998744073684523,3,14.882888921788817,0,9.933759435743932,8.642058545012766,4.886889973692799,12.816287218345668,4.877251166973551,-0.7336276719821733,0.057426361576824146,14.291725975492056,-0.7764438178275412,False,False,0,0.05,NORMAL_FLIGHT
38280.0,-0.3602115468305478,-0.29980319209168027,9.739522718543709,-1.6893888773690338,3.2719406703038163,-11.037585626023166,53.554550727809335,37.776814,-122.4194,5.040185141313049,-0.06700905738180335,0.05422593912485507,3,14.857575529753385,0,9.75079161388897,11.635631782621843,5.040630562983568,9.14839109274812,-0.23095364749750047,-1.265669601771613,0.029981594053380103,14.291725975492056,-0.16136031591116762,False,False,0,0.05,NORMAL_FLIGHT
38300.0,-0.10853475994680435,-0.018368952866991025,9.541945472244217,0.011158110812010003,1.4495558701883147,2.595956466989539,53.534565903267534,37.776815,-122.4194,5.102321018073804,0.09120236709883058,-0.0034960696153380345,3,14.891384136621417,0,9.542580395670138,2.9732686899671723,5.103136059644317,10.41056091094159,0.999241227090053,1.6904303434015944,0.05745822767446271,14.291725975492056,-0.39123116389085055,False,False,0,0.05,NORMAL_FLIGHT
38320.0,-0.1575567503816478,-0.017487065755436217,10.049355210414642,-1.3732187468314871,6.580037098592491,7.738771734428223,53.38897570603167,37.776816000000004,-122.4194,4.68196173534914,0.19799483682905986,0.1289593619624759,3,14.866415440025918,0,10.050605457988462,10.250424669402147,4.686146353528078,25.401253115916234,7.279509861793088,-1.248434829774947,0.06444398689476885,11.635631782621843,1.7730878495371627,False,False,0,0.05,NORMAL_FLIGHT
38340.0,-0.12416951965022321,0.10966392551089975,9.247967608813616,-2.2860926965959796,-2.693924189236943,8.410412769616194,53.316743643378246,37.776817,-122.4194,4.9965263984981805,0.018616195558173402,-0.07922540927747565,3,14.863118396979234,0,9.249451288581094,9.122416911658256,4.996561078744686,40.057708470368425,3.6116031326713482,-0.16485215233421613,0.10194367066123858,11.635631782621843,3.307330348206108,False,False,0,0.05,NORMAL_FLIGHT
38360.0,-0.03362876371695792,0.18991891427289764,10.003767126082769,-3.4455589886089513,-0.9352875823683131,5.743863511338761,53.355490448733676,37.776818000000006,-122.4194,4.882676852888049,0.008434103219821125,0.0061252710340387205,3,14.886744529585105,0,10.005626257293544,6.76303242951009,4.882684137216524,37.80874843562252,-1.9373402677715035,1.181306630293566,0.1111810196028819,11.635631782621843,1.944412061257097,False,False,0,0.05,NORMAL_FLIGHT
38380.0,-0.09441811553942547,-0.01188303625449882,9.480286574533539,2.3384505192944274,0.47731020679148284,-4.973695331402628,53.45645041136924,37.776819,-122.4194,4.8703170382082375,0.08494562551043311,-0.16984269092373502,3,14.866257374191607,0,9.48076418451453,5.516685700156572,4.871057771362891,26.243103638950682,-5.047998131778186,-1.0243577696749107,0.12158117472380121,10.250424669402147,0.9810031644009598,False,False,0,0.05,NORMAL_FLIGHT
38400.0,-0.39585996207515756,0.37110066295885263,10.185685098586992,6.553029564067316,-5.148054855447003,7.145497614635058,53.5015843185042,37.77682,-122.4194,5.026536923826615,-0.18658397552034361,-0.19385268369397538,3,14.874962762516704,0,10.200127535437964,10.977376800628965,5.029998710388831,35.96816754617169,-2.2566953567480397,0.4352694162548687,0.1675416599507641,10.977376800628965,0.32981584763334126,False,False,0,0.05,NORMAL_FLIGHT
38420.0,0.14958205122350676,0.04484694890705836,9.85838986279881,5.855509858347797,1.1346597190012393,3.090544381042879,53.51776594212985,37.776821000000005,-122.4194,4.889909625462158,0.0028468940438410428,0.05963335838654739,3,14.879571958264709,0,9.859626601743539,6.717582373914586,4.889910454189643,17.025046684721268,-0.8090811812824228,0.23045978740023898,0.15064967840056187,10.977376800628965,-1.2879023609817608,False,False,0,0.05,NORMAL_FLIGHT
38440.0,-0.2145486051479613,-0.06928530120137992,10.003237130355034,-6.282826679727177,-8.594652064769235,1.3394188295201317,53.51669932304829,37.776822,-122.4194,5.2764275989693346,0.09790358254675169,-0.1785025839069702,3,14.849823879785237,0,10.005777563140564,10.730144360762663,5.277335816360447,7.307548069851233,0.053330954077779325,-1.4874039239735737,0.07231795878133045,10.977376800628965,-1.9995567967004746,False,False,0,0.05,NORMAL_FLIGHT
38460.0,0.04784937282222991,-0.3223134718205656,9.834596644147416,6.446015257034366,5.234772672141046,-6.116931217017983,53.6008324687807,37.776823,-122.4194,5.237612375250212,-0.06431539972011117,-0.022821753443453083,3,14.872329327451723,0,9.839993226098894,10.313622309191064,5.2380072416917605,8.28921685208348,-4.206657286620441,1.125272383324294,0.06991722257995762,10.977376800628965,-2.453420200470262,False,False,0,0.05,NORMAL_FLIGHT
38480.0,0.41481653394999474,-0.05253190406323355,9.284286871457702,-1.5907925080896443,0.23318683282982872,-4.968761273415282,53.70824442887858,37.776824000000005,-122.4194,5.236365658788408,-0.12265605799019655,0.10112954479729197,3,14.890771353050706,0,9.293697599411368,5.222411846550481,5.2378020028538925,27.31478133437628,-5.370598004893878,0.922101279949139,0.11400135943966487,10.977376800628965,-2.5179401750934005,False,False,0,0.05,NORMAL_FLIGHT
38500.0,-0.1838769183172847,-0.06727738908222725,9.5517812509814,3.003665075727958,-2.6044645195188165,0.7388693612455401,53.67890229490237,37.776825,-122.4194,4.90101796090194,-0.01858056100997783,0.07466848560946794,3,14.843802122858074,0,9.553787837018957,4.043657657810267,4.901053181748884,13.004511880379432,1.4671066988103831,-2.348461509631594,0.08111974802457947,10.730144360762663,-1.773179763981716,False,False,1,0.9,RAPID_VOLTAGE_COLLAPSE
38520.0,-0.506057504549266,0.19206095925629407,10.011716801283415,-4.531076660236055,-4.171868061475608,24.398744669855013,53.57890296688686,37.776826,-122.4194,4.807500233016135,-0.006068543320192063,-0.06645854879485938,3,14.871079218296885,0,10.026338061280484,25.16413877501224,4.807504063198306,23.627511213076335,4.9999664007756905,1.3638547719405203,0.09910246471730372,25.16413877501224,-0.6113702475700933,False,False,0,0.05,NORMAL_FLIGHT
38540.0,-0.057200844376022165,0.09249672481337082,9.859996745207953,0.7098995693700266,-1.172895148095938,3.0124248009139016,53.4739935937233,37.776827000000004,-122.4194,5.016405985877623,-0.09086522819154585,-0.15885031364081725,3,14.844641260616049,0,9.86059650306258,3.309734673380919,5.017228867098166,8.287077910895224,5.245468658177899,-1.3218978840417783,0.0843095105126283,25.16413877501224,0.4270572932499306,False,False,0,0.05,NORMAL_FLIGHT
38560.0,0.22019192699971424,-0.23587382432652346,10.164296971591702,1.5686159144845355,3.441298553862068,-6.11188502250286,53.54008764333129,37.776828,-122.4194,4.969930326742746,0.2096161276050951,0.050949486165552865,3,14.880808143771857,0,10.169417577837311,7.187366009344599,4.9743488391576856,15.44105373873661,-3.304702480399513,1.808344157790387,0.1266208271916544,25.16413877501224,0.6074482544941162,False,False,0,0.05,NORMAL_FLIGHT
38580.0,0.3916694908441188,0.0344508772822075,9.930982368911152,-7.423023959598264,2.738694893687803,-8.323894449694428,53.53773471629257,37.776829,-122.4194,4.878235367515327,-0.047869638100794566,0.13422567828601809,3,14.879767876557437,0,9.938762632472303,11.484291586124728,4.8784702318584765,11.532747268250443,0.11764635193607376,-0.05201336072095941,0.052746720733215215,25.16413877501224,1.7050971258601066,False,False,0,0.05,NORMAL_FLIGHT
38600.0,-0.2459099188904834,0.13430623434581068,9.519989432789203,3.0413358317209465,-3.527689736392305,-4.917666126562028,53.5468968118155,37.776830000000004,-122.4194,4.764853110666608,-0.11536593514265688,-0.06622380786656235,3,14.851592892864854,0,9.524111961396242,6.7733122362617335,4.766249517725713,20.732533553803023,-0.45810477614658396,-1.4087491846291655,0.058205049578018794,25.16413877501224,1.3200548308687132,False,False,0,0.05,NORMAL_FLIGHT
38620.0,0.09933984464730435,0.30560627187756656,9.571180758683811,6.7296750391915765,-4.2301983631381725,21.772934475490654,53.457364262167665,37.776831,-122.4194,4.991696406146386,-0.009362131907061148,-0.08033128584071166,3,14.902021487501047,0,9.576573746050551,23.178519797403467,4.991705185670383,2.6230892327154365,4.4766274823917485,2.5214297318096435,0.07111621159655249,23.178519797403467,1.2153870471919248,False,False,0,0.05,NORMAL_FLIGHT
38640.0,-0.09306209135601068,0.1775007934828119,9.840875217156972,-0.8732397284081396,3.284493531598237,-3.9925664594596206,53.419704816528245,37.776832,-122.4194,4.919186109949505,0.09078606377044912,-0.052490196286899854,3,14.87911099542737,0,9.842915834456214,5.243189135972773,4.920023789952146,13.317104420283155,1.882972281971007,-1.1455246036838673,0.07076585366465935,23.178519797403467,0.5428877719505465,False,False,0,0.05,NORMAL_FLIGHT
38660.0,-0.021189670860827133,0.15216933086229556,9.115786780199969,6.800840654140065,-3.6117370230751473,9.068705346102849,53.40493077583321,37.776833,-122.4194,5.137669407407604,0.0017414248998230968,0.057160871080711564,3,14.870266643734741,0,9.117081393158381,11.896953163784852,5.13766970253759,36.29172206489164,0.7387020347518813,-0.44221758463143246,0.10332158173023485,23.178519797403467,1.3515686749808253,False,False,0,0.05,NORMAL_FLIGHT
38680.0,0.5288686694034069,0.012017198923032723,10.312032565686897,-0.9484674672620376,0.2995488703975178,-3.759282454713564,53.41532269500141,37.776834,-122.4194,5.133021210304296,0.04855939200440024,0.12285176064149128,3,14.868289856741534,0,10.325592579524605,3.888640461205964,5.133250895873454,60.42555931831117,-0.5195959584099796,-0.09883934966037344,0.19879227601695693,23.178519797403467,1.2241202129116147,False,False,0,0.05,NORMAL_FLIGHT
38700.0,-0.3005940656790307,0.07766240108468993,9.942524020913268,4.247922655233086,0.6187732126213853,2.6118454127962867,53.39539309305572,37.776835000000005,-122.4194,5.220159961084543,-0.08715105943331573,-0.12396068113805224,3,14.874105751790928,0,9.947370112110086,5.024884439849867,5.2208874079480525,18.911123370725935,0.9964800972841914,0.2907947524697363,0.20221222700874847,23.178519797403467,1.5150371875977697,False,False,0,0.05,NORMAL_FLIGHT
38720.0,0.050747932298914694,0.24990098014123174,10.178110379114662,-11.092849829755497,1.5603106586336921,7.9174527400872226,53.34352678314065,37.776836,-122.4194,4.7481408896239925,0.14876884464035137,-0.1498281809324653,3,14.833663940249314,0,10.181304275089207,13.717577941767532,4.750470932113462,11.69670814895607,2.593315495753501,-2.022090577080693,0.2193137719177424,13.717577941767532,1.1383747902701202,False,False,1,0.9,RAPID_VOLTAGE_COLLAPSE
38740.0,0.09353863435308664,-0.26655547949592995,9.33581881775725,12.093888896567318,4.291352150909359,-5.71902849809924,53.304298433510525,37.776837,-122.4194,5.080211661538726,0.056171102791844334,0.23399963219324482,3,14.856618515150812,0,9.340091771377642,14.049382153237197,5.080522189580803,42.06062518557827,1.9614174815064445,1.1477287450748719,0.2799208230126139,14.049382153237197,1.1540638301772077,False,False,0,0.05,NORMAL_FLIGHT
38760.0,0.21715726498786944,-0.06988786544339119,10.183369548106578,7.477291226214785,-6.314814684336614,-6.411116541527696,53.36471459780789,37.776838000000005,-122.4194,4.854506858753266,0.10477015688776098,-0.017732278789003863,3,14.859539745676532,0,10.185924452143635,11.699965123375026,4.855637303944436,42.29163403829963,-3.0208082148682536,0.146061526286001,0.15290517367424244,14.049382153237197,0.4021617802531807,False,False,0,0.05,NORMAL_FLIGHT
38780.0,0.01959663069417909,-0.15451374975124815,10.479449673308325,-1.4231275212683945,-9.555796626302438,16.5886969445533,53.37695382878807,37.776839,-122.4194,4.755917157837783,0.03651606324751693,0.025289279569030956,3,14.843022791490329,0,10.480607042638262,19.19696349486753,4.75605734144269,14.734129524731365,-0.6119615490089103,-0.8258477093101568,0.1832524889513644,19.19696349486753,0.3836886621333946,False,False,0,0.05,NORMAL_FLIGHT
38800.0,0.06161010790082047,0.07583062374522483,9.413736493386805,-9.86044513321909,-2.8372364061417583,9.845928948957969,53.407561669135845,37.77684,-122.4194,4.914279552610258,0.08248840377287843,-0.0691930840617639,3,14.859470992932653,0,9.414243509481558,14.220429160805548,4.914971806425777,53.31817665783518,-1.5303920173888486,0.8224100721162309,0.26133955832904676,19.19696349486753,-0.1216857608012134,False,False,0,0.05,NORMAL_FLIGHT
38820.0,-0.07832971348435823,0.24604443513015753,10.041420538471131,1.4401418415274458,9.007642039160931,7.906723186907282,53.36261797859198,37.776841000000005,-122.4194,5.213740996026924,-0.08730525596772275,0.048996230945271606,3,14.873958548339846,0,10.044739908952492,12.07178094498714,5.214471917785291,31.52481997354668,2.247184527193369,0.7243777703596521,0.24725674601721398,19.19696349486753,-0.19091195451323983,False,False,0,0.05,NORMAL_FLIGHT
38840.0,0.05382538824902147,-0.11939485734421479,9.81033298340619,-7.2196277353687845,10.110870500436892,7.87276293122914,53.21492680432195,37.776842,-122.4194,4.925536329285904,-0.04914104166895625,0.09600608747015225,3,14.840038855363241,0,9.811207140290525,14.708267167999322,4.925781458113176,11.676638433098319,7.384558713501477,-1.695984648830251,0.1613763202875735,19.19696349486753,0.8937162918857666,False,False,1,0.9,RAPID_VOLTAGE_COLLAPSE
38860.0,-0.0686384550994821,-0.4780608734938876,9.346669845525527,2.22426768778744,9.155885677829437,4.595754883110654,53.18877158897772,37.776843,-122.4194,5.313090931991822,0.134648059555603,0.02997961715729297,3,14.846535325898529,0,9.359139417571487,10.48325198772084,5.314796830694078,22.603386135951897,1.3077607672112634,0.32482352676437287,0.2159995157514746,19.19696349486753,1.75943008830167,False,False,0,0.05,NORMAL_FLIGHT
38880.0,0.12431437797121017,-0.08244414900489404,9.95786519155556,2.0578285958214098,-0.9649068388034481,20.17775813175065,53.145443061256444,37.776844000000004,-122.4194,5.1097757031040665,0.15597419472839638,0.1740858077014435,3,14.830361680776267,0,9.958982391563374,20.305359562459845,5.112155678914114,29.992148699594345,2.1664263860639466,-0.8086822561130802,0.09864185141982865,20.305359562459845,2.3151076753162414,False,False,0,0.05,NORMAL_FLIGHT
38900.0,-0.0739220672087268,0.18269474640348132,10.060080961451206,-4.707015845010124,-8.910575409924144,0.43908301877156797,53.16289367468785,37.776845,-122.4194,4.921181904203885,-0.11470655997190769,-0.032674458994109194,3,14.810183181284525,0,10.062011269787808,10.08697904223533,4.922518555492133,5.151443911221687,-0.8725306715703596,-1.0089249745870887,0.08428995427662306,20.305359562459845,2.446679944479939,False,False,0,0.05,NORMAL_FLIGHT
38920.0,0.0754200787804373,0.10752598058997594,9.629662034199347,5.604835118071888,-11.715195508259203,5.772623672009194,53.32717986037194,37.776846,-122.4194,5.232009685781282,0.02497360678638122,-0.026288247303537623,3,14.860651179878545,0,9.630557663899085,14.212078192725702,5.232069287876937,21.572680294436175,-8.214309284204546,2.5233999297009646,0.07769389797769521,20.305359562459845,0.3543811822003562,False,False,0,0.05,NORMAL_FLIGHT
38940.0,-0.0058525627369956715,0.08563724956211523,10.159774956076568,4.027873514030867,-3.0701908077470557,-14.509129285940126,53.36193816125285,37.776847000000004,-122.4194,5.089079354422857,-0.04309438004852274,0.023140635127741564,3,14.843707435158743,0,10.160137555620189,15.367650089624352,5.0892618129945655,26.478994586055205,-1.7379150440454794,-0.8471872359900878,0.11021416554589678,20.305359562459845,-1.470113569309035,False,False,0,0.05,NORMAL_FLIGHT
38960.0,0.22521005015443363,-0.05599866037489595,9.309970977963241,4.879116686442817,-0.9903681507468008,-8.249606865912408,53.49873616922203,37.776848,-122.4194,4.813488122310659,-0.06970314693648616,0.0464961645506097,3,14.844323274185978,0,9.312862880294768,9.635487644953292,4.81399277443565,42.36373376627105,-6.839900398458809,0.030791951361752723,0.12163375392673456,20.305359562459845,-3.0996458024430495,False,False,0,0.05,NORMAL_FLIGHT
38980.0,-0.010278744717697248,-0.2558061472439573,9.361573156065107,0.04428851834447689,6.503127005279794,-12.008189998350405,53.527174653989,37.776849000000006,-122.4194,5.371760527116103,0.028483969535544995,0.022794726206260926,3,14.822785788266845,0,9.36507311204347,13.656106669037818,5.371836045264521,2.610511587435127,-1.4219242383486375,-1.0768742959566424,0.15236608624550607,15.367650089624352,-3.8173159273255663,False,False,0,0.05,NORMAL_FLIGHT
39000.0,-0.3546064936413763,0.10305886432489349,9.850979218676626,-7.0776203345685325,4.339027297712229,12.740635835161493,53.49568034211036,37.77685,-122.4194,5.051895764617296,0.1140962932365408,-0.1284415026955091,3,14.837960764836986,0,9.85789827811422,15.206698161494199,5.053184024027671,24.641258303537494,1.5747155939319413,0.7587488285070165,0.12437836013162278,15.367650089624352,-3.327866674225106,False,False,0,0.05,NORMAL_FLIGHT
39020.0,0.25238430014279833,-0.16685636200692497,9.817615583391682,4.889361361055688,1.137025394958103,-25.5254015202075,53.51307614601641,37.776851,-122.4194,5.003759238397098,0.04516624732841939,0.031251516619556136,3,14.862752285988746,0,9.822276448143574,26.014319211456893,5.003963079973916,1.7810914985322945,-0.8697901953024001,1.239576057588021,0.1283986339803597,26.014319211456893,-1.858962856444677,False,False,0,0.05,NORMAL_FLIGHT
39040.0,-0.18114646017252378,0.43681934667609124,9.59502795347277,-1.351856995678956,-4.449223854705709,-4.023100227527227,53.602108075990294,37.776852000000005,-122.4194,4.828893466018877,-0.0319512449919035,-0.037417358480343735,3,14.839986411728086,0,9.606674065959947,6.148857266742991,4.828999170450989,10.780119109181374,-4.451596498694244,-1.1382937130330006,0.06333830758191517,26.014319211456893,-2.40169914737443,False,False,0,0.05,NORMAL_FLIGHT
39060.0,-0.13075326772976398,0.11410144167090319,10.052878330791566,-6.948900715963346,-4.803897791224451,-29.937066026606228,53.693586205806355,37.776853,-122.4194,5.235907653521547,0.051486117993516003,-0.058097701407464564,3,14.839703234940998,0,10.054376076600278,31.106150154434538,5.236160785972062,22.385100532016544,-4.573906490803026,-0.014158839354383446,0.0694599446318873,31.106150154434538,-1.9485003658432731,False,False,0,0.05,NORMAL_FLIGHT
39080.0,-0.11913225880869843,-0.11612966051079021,9.969268294264785,6.76019682987163,1.270638435357177,-8.3128789548189,53.664819337404204,37.776854,-122.4194,5.103455085472262,-0.03599761735809011,0.003248205475324366,3,14.842419700124552,0,9.970656393446337,10.789751606477525,5.1035820398900364,4.1859841576970425,1.4383434201075573,0.1358232591776698,0.028900044035726814,31.106150154434538,-1.3764468341520342,False,False,0,0.05,NORMAL_FLIGHT
39100.0,0.2748876186341635,-0.12227704947772565,10.067441721280206,10.497037602512547,3.4852548941986328,-4.909489497318663,53.67747852218917,37.776855000000005,-122.4194,5.125847636059048,0.04121143007306019,-0.09615226873292143,3,14.812691066786549,0,10.071936144112545,12.101152310023213,5.126013301783444,5.06398753331041,-0.6329592392482652,-1.4864316669001454,0.03758325761622235,31.106150154434538,-1.8179818007880755,False,False,0,0.05,NORMAL_FLIGHT
39120.0,-0.4271348427957391,-0.018588841322717656,9.77305906939432,-0.20624064489601512,1.9594063112279227,13.84871093794044,53.60601517820561,37.776856,-122.4194,4.898493731294846,0.13964657004557332,-0.11353913238732315,3,14.849066693424119,0,9.782406314032475,13.988159383518553,4.900483853667962,14.47649150400352,3.5731671991779734,1.818781331878494,0.03955394726507216,31.106150154434538,-0.9293903218920008,False,False,0,0.05,NORMAL_FLIGHT
39140.0,0.6275497067319988,-0.04790038440434996,9.990774080393503,10.795605773016458,-5.172989798033274,3.9662793922145716,53.64724860944018,37.776857,-122.4194,5.166820114382014,-0.2077159659300828,-0.261546896000385,3,14.810613896631148,0,10.010578395213145,12.610959506478823,5.1709937165775814,11.4086040590335,-2.061671561728673,-1.9226398396485322,0.01350736854840633,31.106150154434538,-0.45140533449888665,False,False,1,0.9,RAPID_VOLTAGE_COLLAPSE
39160.0,0.21121136181321037,0.22336675510599086,9.676304909091002,0.4565736430567481,3.253338143960431,-8.331415233289663,53.72491634439297,37.776858000000004,-122.4194,5.1823627187141605,0.07972522985400335,0.17472373285098913,3,14.816075122091279,0,9.681186892129714,8.955732709274717,5.182975927070634,16.469575154171512,-3.8833867476395056,0.27306127300654737,0.027108297239770606,13.988159383518553,-0.3133013858661826,False,False,0,0.05,NORMAL_FLIGHT
39180.0,0.044647782825831935,0.037283233948809266,10.42614560702598,-1.9022795208317558,2.129554835507057,10.65963719731826,53.72690631709877,37.776859,-122.4194,4.8662443522437755,-0.15390549215704685,0.055573131910300236,3,14.813032713124109,0,10.426307864385747,11.035467201313157,4.8686775407969405,37.25604861280161,-0.09949863529001846,-0.1521204483585059,0.08396543417971152,13.988159383518553,-0.6208697969456978,False,False,0,0.05,NORMAL_FLIGHT
39200.0,-0.010978800123257278,-0.1463263477817056,9.566236268963404,-3.1522922709273877,-5.353332030950892,0.1783225452975753,53.69353711438077,37.77686,-122.4194,4.716601972063802,0.12283277105444615,-0.011676412130630514,3,14.829662083959036,0,9.567361615813324,6.215055054069493,4.71820114583101,42.94731242862113,1.6684601359003182,0.8314685417463608,0.11534411404613631,13.988159383518553,-0.1605859219159811,False,False,0,0.05,NORMAL_FLIGHT
39220.0,0.05711081497153139,0.37808813703115657,10.441589228837493,8.185412039963712,-3.9216048515012787,0.3756685870725232,53.711543661944646,37.776861000000004,-122.4194,5.116274611867785,-0.06370256098728608,-0.0667223236886648,3,14.825267104008283,0,10.448588321315256,9.084111501000763,5.116671175707815,44.06133527509661,-0.9003273781939214,-0.21974899753764987,0.16707677781364264,12.610959506478823,-1.05528483739036,False,False,0,0.05,NORMAL_FLIGHT
39240.0,0.10422448567586767,0.009861666304044527,9.820466384126822,-3.900719406938859,3.4424798728078327,-12.02671507771992,53.732416613512804,37.776862,-122.4194,4.685330610078852,-0.1217671377606484,-0.2876032282046417,3,14.83144123210027,0,9.82102438636834,13.103745843346175,4.686912647103665,31.378196747345832,-1.0436475784079136,0.30870640459932375,0.17580079503464294,13.103745843346175,-0.8516800407262082,False,False,0,0.05,NORMAL_FLIGHT
39260.0,0.1290431171900114,0.15376793519377938,9.397346733129378,3.6763465498749373,-1.1725376757294548,-9.900137139031393,53.73647380510529,37.776863000000006,-122.4194,5.030403155567556,0.06952692270887474,-0.07285288762214844,3,14.812510184458299,0,9.399490535483574,10.6255862862908,5.0308836103139365,21.076692544238274,-0.2028595796243593,-0.9465523820985311,0.23501132218906934,13.103745843346175,-0.11557460712317891,False,False,0,0.05,NORMAL_FLIGHT
39280.0,0.1111208932006897,-0.12164530148895186,10.22042380514658,-2.7958191752960415,7.945736508182286,-8.250972999455243,53.745409561322084,37.776864,-122.4194,4.910550979042538,0.03641700631424107,0.07158663371640762,3,14.849874788847348,0,10.221751718227505,11.79109362850424,4.910686012781159,41.11305913719656,-0.4467878108396661,1.8682302194524603,0.19287982745868582,13.103745843346175,-0.18503244223310844,False,False,0,0.05,NORMAL_FLIGHT
39300.0,0.017916136251049763,0.07262312554890468,9.847770416518488,-2.3015338128718152,2.5056463803228817,0.46461273154189575,53.736718818798614,37.776865,-122.4194,5.243733042157785,-0.09991869029616582,0.09421743035938689,3,14.845595008603143,0,9.848054492272034,3.433829737381901,5.244684924958585,18.68486129777356,0.4345371261734954,-0.21398901221028055,0.16312574411181835,13.103745843346175,-0.431817044178473,False,False,0,0.05,NORMAL_FLIGHT
39320.0,-0.039467684061465225,0.062221998228639046,10.065337229514071,5.151248469847834,-2.433155940946346,0.778857269806748,53.786516565209936,37.776866000000005,-122.4194,4.921431221846558,-0.12529997571683937,0.06422919936033016,3,14.824587761758174,0,10.065606927502719,5.749976284977441,4.923026036421171,10.87762176153424,-2.4898873205660976,-1.0503623422484232,0.09656092130587948,13.103745843346175,-0.7497290326529082,False,False,0,0.05,NORMAL_FLIGHT
39340.0,-0.03025465673070234,-0.3779298584192306,10.177156775562779,-1.9001842314467683,-0.05102800195466341,15.440926635240452,53.82332793746819,37.776867,-122.4194,5.221454594400761,-0.018748148749128224,0.015839195575246847,3,14.817646272471643,0,10.184216531305784,15.557490778570317,5.221488252832744,5.9304801901532755,-1.8405686129128185,-0.34707446432653555,0.11383354657508796,15.557490778570317,-0.9091132395538892,False,False,0,0.05,NORMAL_FLIGHT
39360.0,-0.038981656070536205,0.40305502209212807,9.911386666243509,-2.023976897101466,0.31691696318859086,3.850551679378343,53.77417278011099,37.776868,-122.4194,4.8971581111273945,-0.12040869501711966,0.1303874145931379,3,14.814776031723893,0,9.919655163771234,4.361612898587005,4.898638159653819,13.228068376727542,2.4577578678602663,-0.1435120373875165,0.026376276909500798,15.557490778570317,-0.3769897500569641,False,False,0,0.05,NORMAL_FLIGHT
39380.0,0.2267540193734129,0.25812889218450946,9.632327746556156,5.6640234858740355,-3.64195156620855,-27.07565693672108,53.72364324995306,37.776869000000005,-122.4194,5.199998201011923,-0.10614729729236277,-0.03285372220885404,3,14.819309856477977,0,9.638453492514138,27.900469024985117,5.201081477851477,14.060083562854775,2.5264765078965468,0.22669123770420185,0.04370739089562385,27.900469024985117,0.21766311369027846,False,False,0,0.05,NORMAL_FLIGHT
39400.0,0.11871134445617237,-0.07943906322919753,10.102714013300776,7.986986466108116,-4.562940990888133,2.626419878716905,53.71092452910173,37.77687,-122.4194,5.412068308767366,0.011562079042143356,0.10851889161343614,3,14.79665742659056,0,10.103723738434914,9.566110216563507,5.412080659084437,23.26351229603878,0.635936042566243,-1.1326214943708557,0.04615221134946014,27.900469024985117,0.257942896968828,False,False,0,0.05,NORMAL_FLIGHT
39420.0,-0.5880777269328561,-0.2204539480911711,9.810226652236379,3.2234490164211667,3.5069494690474965,-14.500163561675327,53.74776638530699,37.776871,-122.4194,4.786390572326752,-0.09658716342550967,-0.0384582443720213,3,14.804619759708741,0,9.830309370736636,15.262505084528424,4.787365015433542,13.670718384913894,-1.8420928102628409,0.3981166559090532,0.047427908337400744,27.900469024985117,0.38750179902947934,False,False,0,0.05,NORMAL_FLIGHT
39440.0,0.1311801553059522,0.0695123227607104,10.015757345582527,-3.273848878119746,4.2263664852104785,-9.659709246115364,53.75516925600153,37.776872000000004,-122.4194,5.058407144346182,0.042653929002654294,-0.08811413088777624,3,14.84016388858007,0,10.016857561219089,11.040391427099085,5.058586976185332,9.327409524122654,-0.3701435347270632,1.7772064435664703,0.0321981346218733,27.900469024985117,0.6815868146666304,False,False,0,0.05,NORMAL_FLIGHT
39460.0,0.03894723894375497,0.017339539882879316,9.163880827862561,-2.5530424964878975,3.0189073477647934,-8.1216947172633,53.7230117354954,37.776873,-122.4194,5.549756483182013,0.1490143595883477,-0.10057129804225212,3,14.828147305249283,0,9.163979996395218,9.032926028905804,5.551756686129563,42.64387824119353,1.6078760253066093,-0.6008291665393628,0.13966072352255668,27.900469024985117,0.511610446155899,False,False,0,0.05,NORMAL_FLIGHT
39480.0,-0.0037417512891794835,0.07113378971264588,9.944094515102956,0.39957631870018745,7.576590471619009,-6.633383235123018,53.73608766533169,37.776874,-122.4194,5.0133177653805845,-0.014855541490058239,-0.1064496421172953,3,14.85394612003469,0,9.944349638967964,10.078003649190899,5.013339775418532,39.018482128637274,-0.6537964918145178,1.2899407392703566,0.14121270585844478,15.262505084528424,-0.1244441537863139,False,False,0,0.05,NORMAL_FLIGHT
39500.0,-0.07770369061777717,0.03831547923881792,9.618424252456492,1.6046503096282878,-2.7088661800580094,-13.75149392040303,53.719547139355576,37.776875000000004,-122.4194,5.01235765404593,0.013015106198558458,0.06590680288024853,3,14.814426302099166,0,9.618814430049483,14.1073187970122,5.012374551553603,16.276760445924054,0.8270262988055777,-1.975990896776203,0.11747252710842013,15.262505084528424,-0.08622610253844698,False,False,1,0.9,RAPID_VOLTAGE_COLLAPSE
39520.0,0.2248225439972027,0.10124819786118522,10.30599289115356,-4.93932955069886,8.371353830355652,2.0348200345228764,53.76357146236678,37.776876,-122.4194,5.157699789470204,0.2018096732835487,-0.07427455710970786,3,14.812329515347809,0,10.308942033320744,9.93061095483621,5.161646468185496,34.506380163563044,-2.2012161505600147,-0.10483933756786357,0.19091876573156968,14.1073187970122,-0.15805077059788175,False,False,0,0.05,NORMAL_FLIGHT
39540.0,0.1895052924245716,0.2894611398783613,9.996926204366728,3.615189697899319,-4.504605592770764,-14.108022850909592,53.78022438412013,37.776877,-122.4194,5.008216172818951,-0.1187601117377347,-0.1033028845034944,3,14.810551376186467,0,10.002911253375727,15.244585165231825,5.009624057534184,15.30153899725084,-0.8326460876677544,-0.08890695806709203,0.18951932133660665,15.244585165231825,-0.25055128118602,False,False,0,0.05,NORMAL_FLIGHT
39560.0,-0.15457553356472184,0.11362064102572922,9.88195732375479,0.4275666481979951,-5.063427816842464,3.566676072498469,53.76446047474752,37.776878,-122.4194,4.65855480108589,0.11912351951807419,0.071373521966136,3,14.81147563980037,0,9.883819291860553,6.2082439305457715,4.6600776010301335,5.95459807575871,0.7881954686304482,0.04621318069517599,0.06142976530069827,15.244585165231825,-0.4144873925212522,False,False,0,0.05,NORMAL_FLIGHT
39580.0,0.08141045742490703,-0.20993109978198823,9.955892998005067,-8.578541593190646,-8.799794410746252,22.369710770616294,53.77603641334985,37.776879,-122.4194,5.226457474967788,0.10708575979124822,0.03279703904722328,3,14.803809423989193,0,9.958438839344254,25.523160413603357,5.227554408860488,3.7309773741850627,-0.5787969301163542,-0.3833107905588662,0.06141721174992391,25.523160413603357,-0.3994874801816195,False,False,0,0.05,NORMAL_FLIGHT
39600.0,-0.1943313469082572,0.2725125705424904,9.510467744136985,-4.644632412303652,-2.228976569134085,-13.293590589340639,53.84178881632606,37.776880000000006,-122.4194,4.599410317226962,0.08543173391737832,0.09625919828458021,3,14.821577843333266,0,9.516355630479815,14.256945589717889,4.600203674553329,22.104160443221943,-3.287620148810433,0.8884209672036292,0.08071810632375725,25.523160413603357,-1.2224167697048216,False,False,0,0.05,NORMAL_FLIGHT
39620.0,-0.2759236329577861,0.3281229126976575,10.296977007158416,-2.5206433682583187,-2.5186116841472685,-2.8451030433922213,53.813307312498736,37.776881,-122.4194,4.916641669772332,0.12917478507326313,0.05125995112727985,3,14.81588973516988,0,10.305898019241745,4.559787180668355,4.918338279748597,39.47711943809651,1.4240751913661143,-0.28440540816925264,0.08014943728416639,25.523160413603357,-0.4973585013195958,False,False,0,0.05,NORMAL_FLIGHT
39640.0,-0.12534344491799304,0.6304113469024171,10.407411125525073,-0.3642884442052754,2.6296864012732524,-25.2345736251247,53.833440161581095,37.776882,-122.4194,5.2414851498313295,0.028057496595861892,-0.07531115801973118,3,14.804258938577544,0,10.427240084566495,25.373838154316783,5.241560244718893,6.067103266237517,-1.006642454117923,-0.5815398296168617,0.13089029256476337,25.523160413603357,-0.5321577746096295,False,False,0,0.05,NORMAL_FLIGHT
39660.0,0.17247869447655176,-0.2246988066479196,9.927874053164466,9.44639397751998,1.2194547081022546,-3.0093529297013317,53.8299171445578,37.776883000000005,-122.4194,4.928691514271443,-0.05829294955992675,0.007610241646858744,3,14.838629781662078,0,9.931914300337754,9.988875513246748,4.929036225350726,24.766289211437087,0.17615085116489126,1.718542154226732,0.12811778178655125,25.523160413603357,-0.6545666981027409,False,False,0,0.05,NORMAL_FLIGHT
39680.0,0.19062500907521734,0.048576402630055,10.287121070572091,1.1908565306981413,-5.964866855095684,6.4271715263148375,53.8512663287509,37.776884,-122.4194,4.861260701507119,0.10945732912205675,0.012513299076967724,3,14.85068803663882,0,10.289001772843937,8.84908524675843,4.862492829291989,17.854373625309172,-1.067459209655297,0.6029127488370811,0.13848004350428447,25.373838154316783,-0.7522991540105295,False,False,0,0.05,NORMAL_FLIGHT
39700.0,0.1026170840194586,-0.41641974063779746,9.63925554039824,-4.203859449493125,-1.9636311921290877,7.20639231357267,53.818538081671115,37.776885,-122.4194,5.175852781033312,0.1132842211712895,-0.09191586584740025,3,14.835237497087956,0,9.64879179169204,8.570902630815159,5.17709236209831,32.0104990575949,1.6364123539894138,-0.7725269775431975,0.10373198210823845,25.373838154316783,0.23250734654943983,False,False,0,0.05,NORMAL_FLIGHT
39720.0,0.14501915736959944,0.11062983127584183,9.570865930132506,1.1031540215358162,-1.8573101054384273,0.773637302840967,53.82405485332909,37.776886000000005,-122.4194,4.829777042633123,0.11053139014932878,-0.11046249740939927,3,14.82221800802555,0,9.572603834283726,2.2945727923387813,4.831041654731854,3.809397870415676,-0.2758385828986576,-0.6509744531203232,0.14332577942282754,25.373838154316783,-0.10747540830351454,False,False,0,0.05,NORMAL_FLIGHT
39740.0,0.10323565742299168,-0.10964005963335453,9.822277424618678,-1.7604387372694048,-8.879911234809462,8.892634247589758,53.87944601744992,37.776887,-122.4194,4.755554856081609,0.0044502082319236485,-0.06807216091177046,3,14.825440497076551,0,9.823431801046603,12.689795583348861,4.755556938314868,12.54139833814385,-2.7695582060417223,0.16112445255007657,0.07938054566001537,12.689795583348861,-0.4600585586882744,False,False,0,0.05,NORMAL_FLIGHT
39760.0,-0.12829631904459046,0.3846891589649907,9.94048231151037,1.6237911976677089,-4.904733635066847,25.46054535942792,53.83259566838762,37.776888,-122.4194,5.054902797498657,-0.07161945136133266,0.20365823566720806,3,14.846482987695197,0,9.948750387860585,25.979462655799207,5.0554101354858485,6.265929340699117,2.3425174531151782,1.0521245309322858,0.08010028869882387,25.979462655799207,-0.026785238298216996,False,False,0,0.05,NORMAL_FLIGHT
39780.0,0.08638450893478813,-0.1549229940037164,9.691803995627064,2.902838435178074,-3.854068153070447,17.123046874375994,53.76612541322137,37.776889000000004,-122.4194,4.963415340317482,0.019136225411161115,-0.04127440942215489,3,14.823710638441252,0,9.693427056882808,17.78985796939752,4.963452229610143,12.766166548888869,3.3235127583125745,-1.1386174626972334,0.022253316943958837,25.979462655799207,0.8514091552953573,False,False,0,0.05,NORMAL_FLIGHT
39800.0,0.16008190504553646,-0.33783660759345235,9.971330457110545,6.04615323611969,7.168125099104731,-5.225209294096369,53.701552634997014,37.77689,-122.4194,4.751265377162231,0.09422300175678358,0.12328667913867145,3,14.79595010986147,0,9.978336077455682,10.73502671436671,4.752199560022771,14.245451028643696,3.2286389112176295,-1.3880264289890754,0.02937287929376231,25.979462655799207,1.1698544667410005,False,False,0,0.05,NORMAL_FLIGHT
39820.0,0.15085826596271487,-0.09425274814050394,9.901916844622026,-0.12143247835012923,0.957253579786763,-14.511039864667385,53.64301950848701,37.776891,-122.4194,5.127390507998974,0.10243517898599655,-0.0468660509479798,3,14.814648852233862,0,9.903514476929427,14.543086268628777,5.128413632636496,3.7410800263127264,2.926656325500332,0.9349371186195832,0.013101715075487939,25.979462655799207,1.8103534484207984,False,False,0,0.05,NORMAL_FLIGHT
39840.0,0.2377826742949286,-0.3950975542434275,9.510507967412684,8.194802637999166,3.310843769737498,-4.061514165738036,53.672785672881645,37.776892000000004,-122.4194,5.092897521115447,-0.042967612707459496,0.08888388195399921,3,14.81847786180951,0,9.521680758972343,9.726889228415137,5.09307877185555,19.091685897854216,-1.4883082197318487,0.19145047878241783,0.03826180384051024,25.979462655799207,2.066603445682773,False,False,0,0.05,NORMAL_FLIGHT
39860.0,0.14166076944021275,0.15021989090146204,9.965637905235518,4.5401133126809565,-7.49317748574606,-9.469827656173482,53.60249268858837,37.776893,-122.4194,4.928048996678873,0.03153728961273901,0.09024916555578472,3,14.78520820579492,0,9.967776715370775,12.901084201046928,4.9281499078562705,22.304797819921607,3.5146492146637343,-1.6634828007295432,0.03966232388639509,17.78985796939752,2.3010297979924843,False,False,1,0.9,RAPID_VOLTAGE_COLLAPSE
39880.0,0.07028964150831658,-0.41301660925126416,10.069058472756456,-3.537197724060939,5.971072415069959,4.513475478646327,53.58759792135119,37.776894000000006,-122.4194,4.941733598775011,-0.1308778304485956,0.09525905079520448,3,14.79855350969017,0,10.077770680116181,8.278703667933343,4.943466391891903,5.499698237270323,0.7447383618590209,0.6672651947624786,0.046237960746852526,14.543086268628777,1.7852749187017736,False,False,0,0.05,NORMAL_FLIGHT
39900.0,0.21403004766328548,0.0056915162366317764,9.861440795277117,11.04927832874232,6.505510315120464,-11.81193539429498,53.61851238651673,37.776895,-122.4194,5.094078548401831,0.0984950103005851,0.03878273420089586,3,14.825409537331534,0,9.863764789035452,17.433589240461988,5.095030669617389,10.700294554036471,-1.5457232582768654,1.3428013820682594,0.04379233231739714,17.433589240461988,0.8304024848028746,False,False,0,0.05,NORMAL_FLIGHT
39920.0,-0.005304251849812013,-0.41556236397123936,10.155794430978508,1.6349725663504882,-9.99172483572313,-0.7282243259034207,53.63934533954416,37.776896,-122.4194,5.238072283950413,-0.07833087567250635,0.13773665787811515,3,14.766081420936828,0,10.16429440432198,10.15076406751544,5.238657936721305,15.026480764326422,-1.0416476513714912,-2.966405819735307,0.06216753323137872,17.433589240461988,0.03674168942850997,False,False,1,0.9,RAPID_VOLTAGE_COLLAPSE
39940.0,-0.17637493024554357,-0.06405956090732838,9.444778861950915,-4.175622519861176,-3.526583619579241,8.380140545363105,53.62006739054603,37.776897000000005,-122.4194,4.943441357978135,0.07852553595715474,0.03783539693527279,3,14.7766922795244,0,9.446642763147,10.004967317002842,4.944064999528836,35.88258205874899,0.9638974499061703,0.530542929378619,0.07820284937008634,17.433589240461988,0.5271828233561138,False,False,0,0.05,NORMAL_FLIGHT
39960.0,-0.032613392788752776,0.3286756311609068,9.950385126639556,8.264565256152109,2.4788278650775517,-1.00695872817177,53.62961357713379,37.776898,-122.4194,5.130937698601629,-0.11493045773901618,0.17135297293402796,3,14.79732228414004,0,9.95586538038547,8.686863204754799,5.132224729787998,25.461130861923476,-0.47730932938776505,1.031500230782001,0.07785168945130123,17.433589240461988,-0.2712088854541861,False,False,0,0.05,NORMAL_FLIGHT
39980.0,-0.14898052896128983,0.07212957828715899,9.458915788080969,10.388887925992222,3.221942267690911,-9.463138227477964,53.634970843620664,37.776899,-122.4194,5.11304004341692,0.10314159064340078,-0.16199198031884335,3,14.807073591910115,0,9.460363933807244,14.417381503848576,5.114080237276821,24.775072328911296,-0.2678633243437645,0.4875653885036968,0.09972629372409228,17.433589240461988,-0.47372922269474316,False,False,0,0.05,NORMAL_FLIGHT
